tag,title,author,publisher,pub_date,price,rating,rating_people,url
小说,挽救计划,[美] 安迪·威尔,译林出版社,2021-9,68.00,9.1,26016,https://book.douban.com/subject/35494160/
小说,咸的玩笑,刘震云,人民文学出版社,2025-12,69.00元,8.5,14316,https://book.douban.com/subject/37833272/
小说,秦二世必须死,马伯庸,民主与建设出版社,2026-4,118.00元,6.9,1699,https://book.douban.com/subject/38370177/
小说,一句顶一万句,刘震云,花城出版社,2022-8,68.00元,9.0,34431,https://book.douban.com/subject/36062390/
小说,流俗地,【马来西亚】黎紫书,北京十月文艺出版社,2021-4-1,55.00元,9.1,45035,https://book.douban.com/subject/35430425/
小说,太白金星有点烦,马伯庸,湖南文艺出版社,2023-6,45.00,9.0,150196,https://book.douban.com/subject/36328704/
小说,抄写员巴托比,[美] 赫尔曼·梅尔维尔,陕西师范大学出版总社,2026-4-1,32.00元,8.3,725,https://book.douban.com/subject/38392174/
小说,明亮的夜晚,[韩]崔恩荣,台海出版社,2023-8,52,9.0,72654,https://book.douban.com/subject/36457094/
小说,永结无情游,周嘉宁,人民文学出版社,2026-4,59,8.3,524,https://book.douban.com/subject/38367806/
小说,桃花源没事儿,马伯庸,湖南文艺出版社,2025-6,48.00元,7.6,19321,https://book.douban.com/subject/37339619/
小说,长安的荔枝,马伯庸,湖南文艺出版社,2022-10,45.00元,8.5,270191,https://book.douban.com/subject/36104107/
小说,素食者,[韩] 韩江,四川文艺出版社,2021-9,48,8.1,153749,https://book.douban.com/subject/35534519/
小说,低智商犯罪,紫金陈,天津人民出版社,2020-5,48.00元,7.3,15003,https://book.douban.com/subject/34996662/
小说,她对此感到厌烦,妚鹤,北京联合出版公司,2023-4,54.80元,9.0,30392,https://book.douban.com/subject/36392723/
小说,绝叫,[日] 叶真中显,北京联合出版公司,2020-7,58.00元,8.9,151877,https://book.douban.com/subject/35031587/
小说,油炸绿番茄,[美] 范妮·弗拉格,北京时代华文书局,2024-2,59.00元,8.7,16367,https://book.douban.com/subject/36473837/
小说,恶意,[日] 东野圭吾,南海出版公司,2016-11,39.50元,8.7,166056,https://book.douban.com/subject/26877752/
小说,黄油,[日] 柚木麻子,译林出版社,2025-10,78.00,7.5,4293,https://book.douban.com/subject/37496215/
小说,额尔古纳河右岸,迟子建,人民文学出版社,2019-6-1,32.00元,8.9,78025,https://book.douban.com/subject/34432750/
小说,挽救计划,[美] 安迪·威尔,译林出版社,2026-3,68,9.2,1350,https://book.douban.com/subject/38210508/
小说,人呐,莫言,北京日报出版社,2026-4,59.9,6.4,1491,https://book.douban.com/subject/37832794/
小说,伶仃世,索耳,新星出版社,2026-3,69,8.2,265,https://book.douban.com/subject/37518663/
小说,天色已晚,[爱尔兰]克莱尔·吉根,太白文艺出版社,2026-1,55.00元,8.2,1878,https://book.douban.com/subject/37890167/
小说,活着,余华,作家出版社,2012-8,28.00元,9.4,917300,https://book.douban.com/subject/4913064/
小说,父亲的解放日志,[韩] 郑智我,新星出版社,2025-3,49.00元,8.5,9342,https://book.douban.com/subject/37200304/
小说,刮风下雨,李静睿,浙江文艺出版社,2026-4,58.00元,8.8,317,https://book.douban.com/subject/38240709/
小说,死亡之前的十五秒,[日] 榊林铭,新星出版社,2026-3,52.00元,7.5,1058,https://book.douban.com/subject/37444748/
小说,局外人,[法] 阿尔贝·加缪,上海译文出版社,2010-8,22.00元,9.1,273835,https://book.douban.com/subject/4908885/
小说,食南之徒,马伯庸,湖南文艺出版社,2024-4,56.00元,8.2,53294,https://book.douban.com/subject/36710597/
小说,恶女的告白,[日] 叶真中显,中国友谊出版公司,2024-9,55,8.5,43750,https://book.douban.com/subject/36743030/
小说,臺灣漫遊錄,青山千鶴子・楊双子、杨若晖,春山出版公司,2020-3-31,NTD380,,616,https://book.douban.com/subject/35015620/
小说,大明王朝1566,刘和平,花城出版社,2016-7,88.00元,9.5,22066,https://book.douban.com/subject/26925171/
小说,窄门,[法] 安德烈·纪德,天津人民出版社,2018-10,45.00,7.4,65367,https://book.douban.com/subject/30331835/
小说,呼啸山庄,(英) 艾米莉·勃朗特,译林出版社,2010-8,18.00元,8.3,23484,https://book.douban.com/subject/4898521/
小说,卡拉马佐夫兄弟,陀思妥耶夫斯基 (Ф.М.Достоевский),上海译文出版社,2015-2-1,CNY 78.00,9.6,53124,https://book.douban.com/subject/25887924/
小说,遥远的救世主,豆豆,作家出版社,2005-5,33.00元,8.6,54964,https://book.douban.com/subject/1322455/
小说,两京十五日,马伯庸,湖南文艺出版社,2020-7,108.00元,8.0,34967,https://book.douban.com/subject/35080870/
小说,白夜行,[日] 东野圭吾,南海出版公司,2013-1-1,39.50元,9.2,532893,https://book.douban.com/subject/10554308/
小说,长日将尽,[英] 石黑一雄,上海译文出版社,2018-5,48,8.9,46061,https://book.douban.com/subject/30142261/
小说,她对此感到厌烦2,妚鹤,北京联合出版公司,2025-9,54.8元,9.0,4458,https://book.douban.com/subject/37253398/
小说,凯罗斯,[德] 燕妮·埃彭贝克,云南人民出版社,2026-1,69.00元,8.5,1311,https://book.douban.com/subject/37825000/
小说,主角,陈彦,作家出版社,2018-1,85.00元,7.3,11405,https://book.douban.com/subject/30137612/
小说,生死疲劳,莫言,浙江文艺出版社,2021-11,69.90元,8.9,65548,https://book.douban.com/subject/35587028/
小说,离开的，留下的,[意] 埃莱娜·费兰特,人民文学出版社,2017-10,62.00元,8.9,92471,https://book.douban.com/subject/27104959/
小说,一地鸡毛,刘震云,花城出版社,2022-7,60.00元,8.7,6824,https://book.douban.com/subject/36061380/
小说,平面国,[英] 埃德温·A·艾勃特,上海文化出版社,2020-8,39.80元,9.2,37850,https://book.douban.com/subject/35170896/
小说,蛇结,[法]弗朗索瓦·莫里亚克,四川文艺出版社,2025-4,58.00,8.3,12321,https://book.douban.com/subject/37279279/
小说,酒吧长谈,[秘鲁] 马里奥·巴尔加斯·略萨,人民文学出版社,2021-3,128.00元,9.4,10673,https://book.douban.com/subject/34933180/
小说,刚刚离开的世界,[韩] 金草叶,国文出版社,2026-3-29,58,8.2,591,https://book.douban.com/subject/37447242/
小说,翠鸟谋杀案,[英] 安东尼·霍洛维茨,新星出版社,2026-5,98.00元,8.1,316,https://book.douban.com/subject/38229491/
小说,房思琪的初恋乐园,林奕含,北京联合出版公司,2018-2,45.00元,9.2,424063,https://book.douban.com/subject/27614904/
小说,鼓动,[日] 叶真中显,北京联合出版公司,2026-3,59.00元,7.4,1293,https://book.douban.com/subject/37437772/
小说,伊加利亚的女儿们,[挪] 格德·布兰腾伯格,太白文艺出版社,2026-5,68.00元,9.2,310,https://book.douban.com/subject/38192362/
小说,逐玉,团子来袭,青岛出版社,2025-5,69.8,6.7,612,https://book.douban.com/subject/37309656/
小说,卢克明的偷偷一笑,余华,新星出版社,2025-12,49.00元,5.2,6958,https://book.douban.com/subject/37816598/
小说,我才不想做家务,纪静蓉,江苏凤凰文艺出版社,2025-7,59.90元,9.2,5151,https://book.douban.com/subject/37436726/
小说,灿烂千阳,[美] 卡勒德·胡赛尼,上海人民出版社,2007-9,28.00元,8.9,134459,https://book.douban.com/subject/2143732/
小说,檀香刑,莫言,浙江文艺出版社,2017-1,56.00元,9.2,45159,https://book.douban.com/subject/26905337/
小说,追风筝的人,[美] 卡勒德·胡赛尼,上海人民出版社,2006-5,29.00元,8.9,827265,https://book.douban.com/subject/1770782/
小说,百年孤独,[哥伦比亚] 加西亚·马尔克斯,南海出版公司,2011-6,39.50元,9.3,475334,https://book.douban.com/subject/6082808/
小说,弹珠游戏,[法] 埃莉萨·秀雅·迪萨潘,上海译文出版社,2026-3,58,7.7,342,https://book.douban.com/subject/38220071/
小说,可怜的东西,[英] 阿拉斯代尔·格雷,上海译文出版社,2026-3,78.00元,9.2,103,https://book.douban.com/subject/37651737/
小说,她和她的决心,东来,上海文艺出版社,2026-3,52.00元,8.3,850,https://book.douban.com/subject/38178826/
小说,基督山伯爵,[法]大仲马,译林出版社,2018-10,138,9.2,21070,https://book.douban.com/subject/30286914/
小说,即使以最微弱的光,[韩] 崔恩荣,国文出版社,2025-8,56.00元,8.7,5556,https://book.douban.com/subject/37286972/
小说,霍乱时期的爱情,[哥伦比亚] 加西亚·马尔克斯,南海出版公司,2012-9-1,39.50元,9.0,311619,https://book.douban.com/subject/10594787/
小说,夜晚的潜水艇,陈春成,上海三联书店,2020-9,52.00元,8.3,91112,https://book.douban.com/subject/35005045/
小说,珍珠,[美] 约翰·斯坦贝克,陕西师范大学出版总社有限公司,2026-4-1,36.00元,8.5,186,https://book.douban.com/subject/38394123/
小说,影·豹,[日] 内田百间,广西师范大学出版社,2026-5,46,7.9,125,https://book.douban.com/subject/37808516/
小说,大医·日出篇,马伯庸,上海文艺出版社,2022-12,108.00元,8.8,15385,https://book.douban.com/subject/36155568/
小说,罗杰疑案,[英] 阿加莎·克里斯蒂,新星出版社,2013-3,28.00元,9.2,101255,https://book.douban.com/subject/21371175/
小说,我的天才女友,[意] 埃莱娜·费兰特,人民文学出版社,2017-1,42.00元,8.8,140120,https://book.douban.com/subject/26878124/
小说,13 67,陳浩基,皇冠文化出版有限公司,2014-6-9,NTD 350,9.1,30143,https://book.douban.com/subject/25897884/
小说,烧纸,[韩] 李沧东,新星出版社,2026-1,69.00元,8.7,893,https://book.douban.com/subject/37281710/
小说,低智商犯罪（修订新版）,紫金陈,湖南文艺出版社,2026-1,59.80,6.9,550,https://book.douban.com/subject/37891758/
小说,失踪的孩子,[意] 埃莱娜·费兰特,人民文学出版社,2018-7,62.00元,9.2,101297,https://book.douban.com/subject/30172069/
小说,悉达多,[德] 赫尔曼·黑塞,天津人民出版社,2017-1,32.00元,9.1,180591,https://book.douban.com/subject/26980487/
小说,献给阿尔吉侬的花束,[美] 丹尼尔·凯斯,河南文艺出版社,2022-8-1,48.00元,9.0,41758,https://book.douban.com/subject/35989392/
小说,一个女人的故事,[法]安妮·埃尔诺,上海人民出版社,2022-10,38.00,9.0,25133,https://book.douban.com/subject/36078195/
小说,消失的13级台阶,[日] 高野和明,上海文艺出版社,2020-5-15,42.00元,8.5,118277,https://book.douban.com/subject/34996429/
小说,外套,[俄罗斯] 果戈理,陕西师范大学出版总社有限公司,2026-4-1,32.00元,8.9,377,https://book.douban.com/subject/38392257/
小说,鱼水,张天翼,人民文学出版社,2026-4,62元,8.9,105,https://book.douban.com/subject/38427320/
小说,三体,刘慈欣,重庆出版社,2008-1,23.00,8.9,515969,https://book.douban.com/subject/2567698/
小说,火星救援,[美] 安迪·威尔,译林出版社,2015-10,38.00,8.9,23328,https://book.douban.com/subject/26586492/
小说,永劫馆超连续杀人事件,[日] 南海游,中国友谊出版公司,2025-11-10,55,7.3,2357,https://book.douban.com/subject/37436578/
小说,地下室手记,[俄] 陀思妥耶夫斯基,浙江文艺出版社,2020-5,39.80元,9.2,38970,https://book.douban.com/subject/34990839/
小说,献给阿尔吉侬的花束,[美] 丹尼尔·凯斯,广西师范大学出版社,2015-4,36.00元,9.1,137325,https://book.douban.com/subject/26362836/
小说,一桩事先张扬的凶杀案,[哥伦比亚] 加西亚·马尔克斯,南海出版公司,2013-6,25.00元,8.7,65678,https://book.douban.com/subject/24382569/
小说,沧浪之水,阎真,人民文学出版社,2001-10,26.00元,8.4,44428,https://book.douban.com/subject/1054917/
小说,血孩子,[美] 奥克塔维娅·E.巴特勒,中国友谊出版公司,2025-2,55.00,8.2,4202,https://book.douban.com/subject/36985532/
小说,金色梦乡,[日] 伊坂幸太郎,南海出版公司,2016-11,69.00元,8.8,65900,https://book.douban.com/subject/26864984/
小说,死者,[爱尔兰] 詹姆斯·乔伊斯,陕西师范大学出版总社有限公司,2026-4-1,32.00元,8.6,225,https://book.douban.com/subject/38392187/
小说,佩德罗·巴拉莫,[墨西哥] 胡安·鲁尔福,译林出版社,2021-1,48.00元,8.9,12816,https://book.douban.com/subject/35221700/
小说,灵魂的肉身,[俄]柳德米拉·乌利茨卡娅,译林出版社,2026-5,58.00元,8.2,100,https://book.douban.com/subject/38383105/
小说,病鹤,[日]冈本加乃子,广西师范大学出版社,2026-5,52.00,8.5,152,https://book.douban.com/subject/37852025/
小说,新参者,[日] 东野圭吾,南海出版公司,2016-1,39.50元,8.2,67026,https://book.douban.com/subject/26639966/
小说,白雪猪头,苏童,浙江人民出版社,2026-2,49.90,8.5,326,https://book.douban.com/subject/38188690/
小说,杀死一只知更鸟,[美] 哈珀·李,译林出版社,2017-2,58.00,9.3,89465,https://book.douban.com/subject/26879778/
小说,人生海海,麦家,北京十月文艺出版社,2019-4,55.00元,7.9,102821,https://book.douban.com/subject/30475767/
小说,新名字的故事,[意] 埃莱娜·费兰特,人民文学出版社,2017-4,59.00元,9.2,112756,https://book.douban.com/subject/26986954/
小说,倾城之恋,张爱玲,北京十月文艺出版社,2019-3,49.50元,9.3,24458,https://book.douban.com/subject/30294357/
小说,证言,[加拿大] 玛格丽特·阿特伍德,上海译文出版社,2020-7,69.00元,9.1,8752,https://book.douban.com/subject/35081845/
小说,解忧杂货店,[日] 东野圭吾,南海出版公司,2014-5,39.50元,8.5,783701,https://book.douban.com/subject/25862578/
小说,Blue,[日] 叶真中显,新星出版社,2021-7,58.00元,7.8,19712,https://book.douban.com/subject/35503551/
小说,我们一无所有,[美]安东尼·马拉（Anthony Marra）,民主与建设出版社,2026-4,68.00元,9.0,115,https://book.douban.com/subject/37842738/
小说,燕子呢喃，白鹤鸣叫,阮夕清,上海文艺出版社,2025-5,52.00元,8.1,2295,https://book.douban.com/subject/37290908/
小说,你的夏天还好吗？,[韩国] 金爱烂,人民文学出版社,2022-10-15,48.00元,8.7,39041,https://book.douban.com/subject/36109174/
小说,挪威的森林,[日] 村上春树,上海译文出版社,2018-3,38.00元,8.5,44755,https://book.douban.com/subject/27200257/
小说,白鹤亮翅,[日] 多和田叶子,译林出版社,2025-8-1,68.00元,7.7,2900,https://book.douban.com/subject/37332610/
小说,火车梦,[美国] 丹尼斯·约翰逊,上海译文出版社,2021-5,42,8.2,2814,https://book.douban.com/subject/35427853/
小说,大医·破晓篇,马伯庸,上海文艺出版社,2022-9,108.00元,8.6,19507,https://book.douban.com/subject/36069426/
小说,秋园,杨本芬,北京联合出版公司,2020-6,38.00元,9.0,148345,https://book.douban.com/subject/34998019/
小说,隐身的名字,易难,易难,湖南文艺出版社,2024-12,7.6,290,https://book.douban.com/subject/37179236/
小说,这个圣诞，人人都有秘密,[澳] 本杰明·史蒂文森,新星出版社,2026-3,52.00元,7.6,125,https://book.douban.com/subject/37800332/
小说,米德尔马契,[英] 乔治·艾略特,文汇出版社,2025-11,118,9.2,596,https://book.douban.com/subject/37491358/
小说,许三观卖血记,余华,作家出版社,2012-9,24.00元,9.2,202784,https://book.douban.com/subject/4760224/
小说,无人生还,[英] 阿加莎·克里斯蒂,新星出版社,2016-8,35.00元,8.8,35733,https://book.douban.com/subject/26840298/
小说,西线无战事,[德] 埃里希·玛丽亚·雷马克,上海文艺出版社,2021-1,49.00元,9.4,31952,https://book.douban.com/subject/35272817/
小说,强风吹拂,[日] 三浦紫苑,广西师范大学出版社,2015-1-1,39.00元,9.0,35523,https://book.douban.com/subject/26210487/
小说,鹅之书,[美] 李翊云,上海译文出版社,2025-10-14,72.00元,8.3,3550,https://book.douban.com/subject/37374594/
小说,ABC谋杀案,[英] 阿加莎·克里斯蒂、[英] 阿加莎·克里斯蒂 (Dame Agatha Christie),新星出版社,2013-6,28.00元,8.5,36672,https://book.douban.com/subject/24737009/
小说,1984,[英] 乔治·奥威尔,北京十月文艺出版社,2010-4-1,28.00,9.4,312350,https://book.douban.com/subject/4820710/
小说,克莱因壶,[日] 冈岛二人,化学工业出版社,2019-9,48.00元,8.8,88833,https://book.douban.com/subject/33658616/
小说,我的天才朋友,[瑞典] 弗雷德里克·巴克曼,天津人民出版社,2026-1,59,8.3,863,https://book.douban.com/subject/37818738/
小说,三体Ⅱ,刘慈欣,重庆出版社,2008-5,32.00,9.3,317118,https://book.douban.com/subject/3066477/
小说,变形记,[奥地利] 弗朗茨·卡夫卡,北京燕山出版社,2020-1-1,45.00,9.2,24846,https://book.douban.com/subject/35218475/
小说,只剩你一个,[美] 赖利·塞杰,北京联合出版公司,2026-1,65,7.7,1562,https://book.douban.com/subject/37648911/
小说,神乐坂怪谈,[日]芦泽央,江苏凤凰文艺出版社,2026-1,45.00元,7.0,461,https://book.douban.com/subject/37800340/
小说,一个叫欧维的男人决定去死,[瑞典] 弗雷德里克·巴克曼,四川文艺出版社,2015-12,35.00元,9.1,81837,https://book.douban.com/subject/26672693/
小说,里斯本围城记,[葡] 若泽·萨拉马戈,河南文艺出版社,2026-4-18,75,8.0,97,https://book.douban.com/subject/37522082/
小说,察金,[俄] 叶夫根尼·沃多拉兹金,湖南文艺出版社,2026-4,69.80元,8.8,81,https://book.douban.com/subject/38223594/
小说,侦破我的命案,[美] 克丽丝滕·佩林,北京联合出版公司,2026-5,59.8,7.2,135,https://book.douban.com/subject/37890098/
小说,双天至尊,马家辉,新星出版社,2026-5,68.00元,9.2,109,https://book.douban.com/subject/38395128/
小说,朱砂掌,郑执,新星出版社,2026-6,59.00元,7.4,182,https://book.douban.com/subject/37407955/
小说,黄金时代,王小波,北京十月文艺出版社,2017-4,35.00元,8.6,30254,https://book.douban.com/subject/27013741/
小说,饺子,李碧华,新星出版社,2013-11,49,8.2,24630,https://book.douban.com/subject/25737044/
小说,夜泳,胡安焉,湖南文艺出版社,2026-5,59.00,8.4,67,https://book.douban.com/subject/38377499/
小说,呼兰河传,萧红,江西人民出版社,2019-7-1,39.00元,9.1,23358,https://book.douban.com/subject/34451656/
小说,燕食记,葛亮,人民文学出版社,2022-8,78,8.4,12248,https://book.douban.com/subject/36021908/
小说,长日将尽,[英] 石黑一雄,上海译文出版社,2020-6,58,8.8,4627,https://book.douban.com/subject/35069479/
小说,怨女,张爱玲,北京十月文艺出版社,2019-3,55.00元,8.7,5647,https://book.douban.com/subject/30302905/
小说,台北人,白先勇,广西师范大学出版社,2015-1,48.00,9.1,28874,https://book.douban.com/subject/26253699/
小说,包法利夫人,福楼拜,人民文学出版社,2003-1-1,CNY 28.00,9.1,35786,https://book.douban.com/subject/25897678/
小说,十日终焉·囚笼,杀虫队队员,江苏凤凰文艺出版社,2023-10,46.80元,7.7,6275,https://book.douban.com/subject/36573581/
小说,蝲蛄吟唱的地方,[美] 迪莉娅·欧文斯,湖南文艺出版社,2019-10,58.00元,8.7,24520,https://book.douban.com/subject/34813209/
小说,大地之上,[加拿大]罗欣顿·米斯特里,天地出版社,2021-6,98,9.4,6020,https://book.douban.com/subject/35268657/
小说,沧城,阿措,云南人民出版社,2025-2,59.8元,8.5,4179,https://book.douban.com/subject/37212430/
小说,蟫,崔欣,上海文艺出版社,2025-12-1,66.00元,8.5,942,https://book.douban.com/subject/37830736/
小说,黄色墙纸,[美] 夏洛特·珀金斯·吉尔曼,太白文艺出版社,2025-11,49.80元,8.3,1264,https://book.douban.com/subject/37663131/
小说,一个女人一生中的二十四小时,斯蒂芬·茨威格,江苏凤凰文艺出版社,2025-9-19,39.8,8.5,7720,https://book.douban.com/subject/37482433/
小说,球状闪电,刘慈欣,四川科学技术出版社,2005-6,22.00元,8.7,96713,https://book.douban.com/subject/1192090/
小说,月亮与六便士,[英] 威廉·萨默塞特·毛姆,浙江文艺出版社,2017-1-1,39.80元,8.7,233732,https://book.douban.com/subject/26954760/
小说,隐墙,[奥地利] 玛尔伦·豪斯霍费尔,北京联合出版公司,2024-3,52.00元,8.7,5209,https://book.douban.com/subject/36698238/
小说,哈利·波特,J.K.罗琳 (J.K.Rowling),人民文学出版社,2008-12-1,498.00元,9.7,136699,https://book.douban.com/subject/24531956/
小说,幸福蒙太奇,马凌云,文汇出版社,2026-4,59.80元,7.7,461,https://book.douban.com/subject/37841159/
小说,繁花,金宇澄,上海文艺出版社,2013-3,48.00元,8.6,46297,https://book.douban.com/subject/22714154/
小说,斯通纳,[美] 约翰·威廉斯,上海人民出版社,2016-1,49.00元,8.8,71945,https://book.douban.com/subject/26425831/
小说,如果我们无法以光速前行,[韩] 金草叶,四川科学技术出版社,2022-6,42.00元,8.5,11920,https://book.douban.com/subject/35802914/
小说,傲慢与偏见,[英国] 简·奥斯丁,译林出版社,2010-6-1,18.50元,9.0,44226,https://book.douban.com/subject/4881639/
小说,方舟,[日] 夕木春央,中国友谊出版公司,2025-1,59,7.8,11497,https://book.douban.com/subject/36832093/
小说,克林索尔的最后夏天,[德] 赫尔曼·黑塞,陕西师范大学出版总社有限公司,2026-4-1,34.00元,7.8,128,https://book.douban.com/subject/38394122/
小说,她与她与她,竞天泽,竞天泽,江苏凤凰文艺出版社,2026-3,6.8,388,https://book.douban.com/subject/37666981/
小说,简单的激情,[法] 安妮·埃尔诺,上海人民出版社,2023-7-31,45.00元,8.4,13669,https://book.douban.com/subject/36429692/
小说,白鹿原,陈忠实,作家出版社,2017-4-1,38.00元,9.2,9238,https://book.douban.com/subject/27047454/
小说,Project Hail Mary,Andy Weir,Andy Weir,Penguin Random House,2021-5-4,9.1,1568,https://book.douban.com/subject/35171006/
小说,红楼梦,[清] 曹雪芹 著、高鹗,人民文学出版社,1996-12,59.70元,9.7,464571,https://book.douban.com/subject/1007305/
小说,阴郁之人的晴朗之地,[阿根廷] 玛丽安娜·恩里克斯,北京联合出版公司,2026-3,62.00元,8.0,263,https://book.douban.com/subject/37664036/
小说,焦虑的人,弗雷德里克·巴克曼,天津人民出版社,2021-8,49.8,8.5,22349,https://book.douban.com/subject/35539713/
小说,圣母,[日] 秋吉理香子,新星出版社,2019-3,42.00元,8.1,81062,https://book.douban.com/subject/30475757/
小说,德米安,[德] 赫尔曼·黑塞,天津人民出版社,2020-5,58.00元,8.9,21693,https://book.douban.com/subject/35060088/
小说,台北人,白先勇,广西师范大学出版社,2010-10,38.00元,9.0,84385,https://book.douban.com/subject/5337248/
小说,世界上最透明的故事,[日] 杉井光,北京联合出版公司,2026-3,45.00,5.5,610,https://book.douban.com/subject/37808522/
小说,动物园,[日本] 乙一,人民文学出版社,2016-8-1,49.80,8.1,39978,https://book.douban.com/subject/26723423/
小说,你一生的故事,[美] 特德·姜,译林出版社,2015-5,36.00元,8.7,41008,https://book.douban.com/subject/26295448/
小说,骆驼祥子,老舍,人民文学出版社,1962-10-1,12.00元,8.6,227046,https://book.douban.com/subject/1043815/
小说,索拉里斯星,[波] 斯坦尼斯瓦夫·莱姆,译林出版社,2021-8,49.00,8.5,33556,https://book.douban.com/subject/35049755/
小说,奇风岁月,[美] 罗伯特·麦卡蒙,译林出版社,2011-5,36.00元,8.9,18152,https://book.douban.com/subject/6016234/
小说,动物农场,[英]乔治·奥威尔,上海译文出版社,2010-9,22.00元,9.5,81611,https://book.douban.com/subject/4908879/
小说,呼啸山庄,[英] 艾米莉·勃朗特,浙江文艺出版社,2026-3-3,69.8,7.6,1035,https://book.douban.com/subject/30471282/
小说,占星术杀人魔法,[日] 岛田庄司,新星出版社,2012-5,28.00元,8.3,32265,https://book.douban.com/subject/10740776/
小说,丰乳肥臀,莫言,浙江文艺出版社,2017-1,49.00,8.8,27039,https://book.douban.com/subject/26904658/
小说,局外人,[法] 阿尔贝·加缪,上海译文出版社,2013-8,32元,9.1,83716,https://book.douban.com/subject/24257486/
小说,收留,[爱尔兰] 克莱尔·吉根,太白文艺出版社,2026-1,55,8.5,1026,https://book.douban.com/subject/37835911/
小说,深夜的恋人们,[日] 川上未映子,熊韵,中国友谊出版公司,2026-4,7.6,60,https://book.douban.com/subject/36987143/
小说,五号屠场,[美] 库尔特·冯内古特,河南文艺出版社,2022-7-1,59.90元,8.5,10819,https://book.douban.com/subject/35815592/
小说,战争与和平,[俄] 托尔斯泰,人民文学出版社,2015-4,88.00元,9.4,11765,https://book.douban.com/subject/25837845/
小说,大限将至,[英] 安东尼·霍洛维茨,新星出版社,2025-10,59.00元,7.9,1122,https://book.douban.com/subject/37447244/
小说,三国演义（全二册）,[明] 罗贯中,人民文学出版社,1998-05,39.50元,9.3,183631,https://book.douban.com/subject/1019568/
小说,平凡的世界,路遥,北京十月文艺出版社,2012-3-1,CNY 79.80,9.0,87935,https://book.douban.com/subject/10517238/
小说,半生缘,张爱玲,北京十月文艺出版社,2019-3,55.00元,9.3,11564,https://book.douban.com/subject/30294355/
小说,小径分岔的花园,[阿根廷] 豪·路·博尔赫斯,上海译文出版社,2015-7,23.00,8.9,56499,https://book.douban.com/subject/25796120/
小说,莫失莫忘,[英] 石黑一雄,上海译文出版社,2018-6,49.00元,8.8,22144,https://book.douban.com/subject/30181685/
小说,邪恶的幸福,[丹麦] 托芙·迪特莱弗森,广西师范大学出版社,2025-2,48.00元,8.3,1628,https://book.douban.com/subject/36872317/
小说,环界1,[日] 铃木光司,南海出版公司,2017-1-1,39,8.5,7654,https://book.douban.com/subject/26861459/
小说,怪屋谜案 2,[日] 雨穴,台海出版社,2025-3,59.00,7.5,7448,https://book.douban.com/subject/37228445/
小说,撒旦探戈,克拉斯诺霍尔卡伊·拉斯洛,译林出版社,2017-7,48.00元,8.6,5595,https://book.douban.com/subject/26394865/
小说,一九八四,[英国] 乔治·奥威尔,上海译文出版社,2009-7,29.00元,9.5,51186,https://book.douban.com/subject/3815131/
小说,纯真博物馆,[土耳其] 奥尔罕·帕慕克,上海人民出版社,2010-1,36.00元,8.0,14322,https://book.douban.com/subject/4154988/
小说,天幕红尘,豆豆,作家出版社,2013-6,36.00元,8.3,13628,https://book.douban.com/subject/24748615/
小说,仙症,郑执,北京日报出版社,2020-10-1,58.00元,8.1,20371,https://book.douban.com/subject/35216559/
小说,象首迷宮,白井智之,台灣角川,2025-9-11,NT$420,7.7,4564,https://book.douban.com/subject/37422829/
小说,罐头厂街,[美] 约翰·斯坦贝克,文汇出版社,2026-2,39.00元,8.8,387,https://book.douban.com/subject/37889502/
小说,777,[日] 伊坂幸太郎,新星出版社,2025-8,55.00元,8.1,3284,https://book.douban.com/subject/37271274/
小说,客乡,[德]燕妮·埃彭贝克,北京日报出版社,2023-1,RMB 59.00,8.3,2731,https://book.douban.com/subject/35473516/
小说,密室偏爱时代的谋杀事件,[日] 鸭崎暖炉,丁宇宁,江苏凤凰文艺出版社,2026-1-1,7.4,1007,https://book.douban.com/subject/37841158/
小说,你当像鸟飞往你的山,塔拉·韦斯特弗,南海出版公司,2019-10,59.00元,8.7,226185,https://book.douban.com/subject/33440205/
小说,来电疑云,[美] 詹姆斯·亚飞,浙江文艺出版社,2026-4,56.00元,7.2,193,https://book.douban.com/subject/38236701/
小说,海葵,贝客邦,重庆出版社,2021-3,49.00元,8.4,9055,https://book.douban.com/subject/35272690/
小说,长安十二时辰 上,马伯庸,湖南文艺出版社,2017-1,39.80元,8.3,61859,https://book.douban.com/subject/26899537/
小说,暗河,[法]苏菲·玛索,花城出版社,2026-3,58,7.5,169,https://book.douban.com/subject/38357441/
小说,使女的故事,[加拿大] 玛格丽特·阿特伍德,上海译文出版社,2020-7,59,8.9,12166,https://book.douban.com/subject/35114057/
小说,红手指,[日] 东野圭吾,南海出版公司,2015-1,39.50,8.0,44931,https://book.douban.com/subject/26651926/
小说,苦炼,[法] 玛格丽特·尤瑟纳尔,上海三联书店,2021-10,68.00元,9.0,2582,https://book.douban.com/subject/35481713/
小说,凤凰籽,东来,浙江文艺出版社,2025-6,68,8.0,1358,https://book.douban.com/subject/37349398/
小说,克拉拉与太阳,[英] 石黑一雄,上海译文出版社,2021-3,68.00,8.2,57960,https://book.douban.com/subject/35315153/
小说,长安十二时辰 下,马伯庸,湖南文艺出版社,2017-1,39.80元,7.6,38745,https://book.douban.com/subject/26899538/
小说,生吞,郑执,浙江文艺出版社,2017-11,39.00,7.7,62931,https://book.douban.com/subject/27170951/
小说,绿毛水怪,王小波,北京十月文艺出版社,2018-6,39.00元,9.1,26760,https://book.douban.com/subject/30163860/
小说,事件,[法] 安妮·埃尔诺,上海人民出版社,2024-9-10,36.00,9.2,8393,https://book.douban.com/subject/36692820/
小说,千里江山图,孙甘露,上海文艺出版社,2022-4-30,59.00,7.4,4658,https://book.douban.com/subject/35897992/
小说,呼吸,[美] 特德·姜,译林出版社,2019-12,42.00元,8.6,32753,https://book.douban.com/subject/34672176/
小说,眉隐之灵,[日] 泉镜花,广西师范大学出版社,2025-9,62.00元,8.6,618,https://book.douban.com/subject/37462176/
小说,秋之蝇,（法）伊莱娜·内米洛夫斯基,北京联合出版公司,2026-3,59.00元,9.4,105,https://book.douban.com/subject/38364477/
小说,团圆记,杨云苏,浙江文艺出版社,2024-7-15,58,8.6,8952,https://book.douban.com/subject/36956148/
小说,人间,[日] 今村翔吾,江苏凤凰文艺出版社,2026-3,68.00元,7.5,147,https://book.douban.com/subject/37523099/
小说,人性的枷锁,毛姆,江西人民出版社,2016-5,68.00元,9.2,26486,https://book.douban.com/subject/26803714/
小说,寂寞的游戏,袁哲生,北京联合出版公司,2017-10,44.00元,8.4,44801,https://book.douban.com/subject/27104286/
小说,伊甸之东,[美] 约翰·斯坦贝克,湖南文艺出版社,2024-5,148.00元,9.1,3776,https://book.douban.com/subject/36710568/
小说,公鸡已死,[德]英格丽特·诺尔、Ingrid Noll,作家出版社,2015-1-1,29.00元,7.4,694,https://book.douban.com/subject/26295520/
小说,远逝,郭沛文,中信出版集团,2026-3,58.00,8.1,134,https://book.douban.com/subject/37494224/
小说,命运,蔡崇达,浙江文艺出版社、广州出版社,2022-9-5,59.80元,8.8,39008,https://book.douban.com/subject/36084340/
小说,宵待草夜情,[日] 连城三纪彦,新星出版社,2015-5,28.00,8.6,5687,https://book.douban.com/subject/26367367/
小说,正常人,[爱尔兰] 萨莉·鲁尼,上海译文出版社,2020-7,49.80元,8.0,21474,https://book.douban.com/subject/35081921/
小说,面纱,[英] 威廉·萨默塞特·毛姆,江西人民出版社,2016-4-1,39.8元,9.0,54300,https://book.douban.com/subject/26757680/
小说,不能承受的生命之轻,[法] 米兰·昆德拉,上海译文出版社,2022-4-30,62.00元,9.1,13461,https://book.douban.com/subject/35764761/
小说,围城,钱锺书,人民文学出版社,1991-2,19.00,9.0,462143,https://book.douban.com/subject/1008145/
小说,失控的照护,[日] 叶真中显,四川文艺出版社,2024-8-26,55.00元,8.0,5981,https://book.douban.com/subject/36962267/
小说,一日三秋,刘震云,花城出版社,2021-7,58.00元,8.4,26693,https://book.douban.com/subject/35496106/
小说,杀死一只知更鸟,[美] 哈珀·李,译林出版社,2012-9,32.00元,9.2,163014,https://book.douban.com/subject/6781808/
小说,冬泳,班宇,上海文艺出版社,2023-7,58.00元,7.6,2890,https://book.douban.com/subject/36124346/
小说,82年生的金智英,[韩]赵南柱,贵州人民出版社,2019-8,45.00元,8.1,100512,https://book.douban.com/subject/34434309/
小说,摇铃铛的人,陆涛,中信出版集团,2026-3-1,79.00元,8.5,36,https://book.douban.com/subject/38370530/
小说,飞行家,双雪涛,广西师范大学出版社,2017-8,45.00元,8.0,25804,https://book.douban.com/subject/27116235/
小说,表姐妹,[阿根廷] 奥罗拉·本图里尼,广西师范大学出版社,2026-1-1,49.00元,8.5,664,https://book.douban.com/subject/37822565/
小说,怪屋谜案,[日] 雨穴,台海出版社,2023-7-19,45.00元,6.5,13380,https://book.douban.com/subject/36407256/
小说,三体Ⅲ,刘慈欣,重庆出版社,2010-11,38.00元,9.2,295604,https://book.douban.com/subject/5363767/
小说,我不是潘金莲,刘震云,花城出版社,2022-8,55.00元,8.7,4707,https://book.douban.com/subject/36061268/
小说,好莱坞往事,[美] 昆汀·塔伦蒂诺,文汇出版社,2026-4,79,8.5,83,https://book.douban.com/subject/37232178/
小说,他们谈论树皮甲虫或者爱情,[德] 西格弗里德·伦茨,浙江文艺出版社,2026-4,52.00元,8.4,37,https://book.douban.com/subject/37805722/
小说,雪的练习生,[日] 多和田叶子,译林出版社,2025-3-1,68.00元,8.2,3137,https://book.douban.com/subject/37081406/
小说,阁楼,[奥]玛尔伦·豪斯霍费尔,北京联合出版公司,2026-6,52.00元,,74,https://book.douban.com/subject/38442636/
小说,高智商犯罪,紫金陈,同心出版社,2013-8,29.80元,7.1,14286,https://book.douban.com/subject/25663137/
小说,罪与罚,[俄] 陀思妥耶夫斯基,浙江文艺出版社,2019-2,68.00元,9.5,11031,https://book.douban.com/subject/30438790/
小说,莫斯科绅士,[美] 埃默·托尔斯,湖南文艺出版社,2018-6,79.80元,8.8,17637,https://book.douban.com/subject/30128204/
小说,德米安,[德] 赫尔曼·黑塞,上海人民出版社,2009-3,25.00元,8.9,45935,https://book.douban.com/subject/3578470/
小说,寻找王者,[日] 法月纶太郎,新星出版社,2025-12,52.00元,7.4,938,https://book.douban.com/subject/37364917/
小说,我是异类，你是怪物,[日] 白井智之,江苏凤凰文艺出版社,2026-3,59.00元,6.6,469,https://book.douban.com/subject/37669062/
小说,牧羊少年奇幻之旅,[巴西] 保罗·柯艾略,南海出版公司,2009-3-1,25.00元,8.5,166656,https://book.douban.com/subject/3608208/
小说,目睹飞人的时刻,巫昂,北京联合出版公司,2026-3-1,59.80,8.3,104,https://book.douban.com/subject/38361686/
小说,冒牌货,[英] 扎迪·史密斯,上海译文出版社,2026-3,79.00,6.8,31,https://book.douban.com/subject/37564859/
小说,高尔夫球场命案,[英] 阿加莎·克里斯蒂,新星出版社,2014-7,28.00元,8.0,13204,https://book.douban.com/subject/25905706/
小说,海伯利安,[美] 丹·西蒙斯,吉林出版集团,2014-11,59.00元,9.1,10053,https://book.douban.com/subject/25941890/
小说,逐玉·完结篇,团子来袭,青岛出版社,2025-7,69.8元,6.7,245,https://book.douban.com/subject/37434361/
小说,道林·格雷的画像,[爱尔兰] 奥斯卡·王尔德,浙江文艺出版社,2017-2,32.00元,8.8,17277,https://book.douban.com/subject/26912631/
小说,深红之土Ⅰ,桉柏,中信出版社,2024-12,55.00元,8.6,5852,https://book.douban.com/subject/37098314/
小说,华丽人生,[日] 伊坂幸太郎,新星出版社,2021-11,49.00元,8.2,11802,https://book.douban.com/subject/35602671/
小说,好猫八不,王朔,民主与建设出版社,2026-2,68元,8.2,439,https://book.douban.com/subject/38192710/
小说,然后，化成海上的泡沫,[日] 叶真中显,湖南文艺出版社,2025-5,58.00,7.3,3690,https://book.douban.com/subject/37059622/
小说,桶川跟踪狂杀人事件,[日] 清水洁,四川人民出版社,2021-2,45.00元,9.0,62266,https://book.douban.com/subject/35094680/
小说,献灯使,[日] 多和田叶子,广西师范大学出版社,2025-1,65.00元,7.7,6218,https://book.douban.com/subject/36831351/
小说,白日尽头,[德] 燕妮·埃彭贝克,云南人民出版社,2023-10,64.00元,8.9,3355,https://book.douban.com/subject/36537692/
小说,白鹿原,陈忠实,人民文学出版社,2012-9,39.00元,9.2,127428,https://book.douban.com/subject/10564071/
小说,教父,[美] 马里奥·普佐,江苏文艺出版社,2014-4,45.00元,9.2,31127,https://book.douban.com/subject/25762009/
小说,她的契约,蔡骏,江苏凤凰文艺出版社,2026-3,58.00元,7.2,158,https://book.douban.com/subject/37867596/
小说,都柏林人,[爱尔兰] 詹姆斯·乔伊斯,上海译文出版社,2010-9,26.00元,8.7,16481,https://book.douban.com/subject/4908872/
小说,恐妻家,[日] 伊坂幸太郎,南海出版公司,2019-11,58.00,8.3,14529,https://book.douban.com/subject/34778578/
小说,六个说谎的大学生,[日] 浅仓秋成,四川文艺出版社,2023-4,45.00元,7.6,26018,https://book.douban.com/subject/36283547/
小说,人鼠之间,[美] 约翰·斯坦贝克,上海文艺出版社,2016-1-1,29.00元,9.0,16249,https://book.douban.com/subject/26598807/
小说,第六病室,(俄) 安东·巴甫洛维奇·契诃夫,天津人民出版社,2024-6,39.8,9.1,3238,https://book.douban.com/subject/36919724/
小说,金桃,何大草,上海文艺出版社,2026-1-31,58,8.7,80,https://book.douban.com/subject/37811626/
小说,好天气,苏童,江苏凤凰文艺出版社,2025-5,79.00元,8.1,1040,https://book.douban.com/subject/37290866/
小说,本心,[日] 平野启一郎,南海出版公司,2026-3,59.00元,8.0,126,https://book.douban.com/subject/37507464/
小说,其中一句是謊言,金愛爛,新經典文化,2026-1-28,NT$400,,199,https://book.douban.com/subject/37926775/
小说,刀锋,[英] 毛姆,上海译文出版社,2007-3,18.00元,9.0,102105,https://book.douban.com/subject/2035162/
小说,生活与命运,[俄罗斯] 瓦西里·格罗斯曼,广西师范大学出版社,2015-8-20,118.00元,9.3,4913,https://book.douban.com/subject/26394018/
小说,屋角的厨房,[印] 安拜,金城出版社,2026-3,68.00元,8.4,220,https://book.douban.com/subject/38363755/
小说,红高粱家族,莫言,浙江文艺出版社,2017-1,49.00元,8.7,13103,https://book.douban.com/subject/26905339/
小说,源氏物语：插图袖珍本（全两册）,[日]紫式部,九州出版社,2026-3,166.00元,8.0,36,https://book.douban.com/subject/38364546/
小说,暗处的女儿,[意大利] 埃莱娜·费兰特,人民文学出版社,2024-4,45.00,8.7,14805,https://book.douban.com/subject/36721763/
小说,太古和其他的时间,[波兰] 奥尔加·托卡尔丘克,四川人民出版社,2017-12,48.00元,8.9,18208,https://book.douban.com/subject/27132345/
小说,2001：太空漫游,[英] 阿瑟·克拉克,上海文艺出版社,2019-4-10,62.00元,9.3,26849,https://book.douban.com/subject/30471298/
小说,公羊的节日,[秘鲁] 马里奥·巴尔加斯·略萨,人民文学出版社,2021-6,108.00,9.3,4068,https://book.douban.com/subject/34933181/
小说,菜肉馄饨,金莹,江苏凤凰文艺出版社,2025-10-31,55.00元,7.7,1308,https://book.douban.com/subject/37742796/
小说,清单人生,[瑞典] 弗雷德里克·巴克曼,天津人民出版社,2018-4-21,42.00,7.9,19918,https://book.douban.com/subject/30140436/
小说,蛇结,[法]弗朗索瓦·莫里亚克,江苏凤凰文艺出版社,2022-7,68,8.4,7992,https://book.douban.com/subject/35904798/
小说,架空犯,[日] 东野圭吾,浙江人民出版社,2025-6-1,69.00元,6.7,3864,https://book.douban.com/subject/37348704/
小说,谍战七国1：韩都谍影,贾涤非,作家出版社,2026-1,59.00元,8.1,127,https://book.douban.com/subject/38376671/
小说,钢铁森林,弃吴钩,弃吴钩,江苏凤凰文艺出版社,2021-9-13,6.8,889,https://book.douban.com/subject/35616311/
小说,罗杰疑案,[英] 阿加莎·克里斯蒂 (Dame Agatha Christie),新星出版社,2020-4,52.00元,9.3,8603,https://book.douban.com/subject/34985248/
小说,秒速五厘米,[日] 新海诚,上海译文出版社,2013-3,28.00元,8.2,7546,https://book.douban.com/subject/21460732/
小说,祈祷落幕时,(日)东野圭吾,南海出版公司,2015-1,39.50元,7.8,50373,https://book.douban.com/subject/26118072/
小说,熊从山那边来,[加]艾丽丝·门罗,北京十月文艺出版社,2026-4,59,9.1,134,https://book.douban.com/subject/38229382/
小说,草民,蔡崇达,广州出版社,2024-6,59.8,8.0,10276,https://book.douban.com/subject/36897370/
小说,猴命,子禾,江苏凤凰文艺出版社,2026-4,58.00,8.1,61,https://book.douban.com/subject/38414616/
小说,献给麦卡托与美袋的谋杀,[日] 麻耶雄嵩,新星出版社,2026-4,56.00元,7.7,405,https://book.douban.com/subject/37336938/
小说,下面，我该干些什么,阿乙,译林出版社,2026-5,45,,10,https://book.douban.com/subject/38208829/
小说,杀死施特拉,[奥]玛尔伦·豪斯霍费尔,北京联合出版公司,2026-6,52.00元,,37,https://book.douban.com/subject/38442647/
小说,钦探,周游,作家出版社,2024-4,68.00元,8.6,2841,https://book.douban.com/subject/36736875/
小说,在世界尽头吃橄榄,[以] 埃特加·凯雷特,岳麓书社,2026-5-6,59,8.2,27,https://book.douban.com/subject/38391351/
小说,大师和玛格丽特,[俄] 米哈伊尔·布尔加科夫,广西师范大学出版社,2026-5-20,108.00元,9.8,31,https://book.douban.com/subject/38190780/
小说,摇落,邓安庆,人民文学出版社,2026-6,53.00元,,11,https://book.douban.com/subject/38487886/
小说,地雷格力高,[日] 青崎有吾,中国友谊出版公司,2026-5,59.80元,7.8,166,https://book.douban.com/subject/37938902/
小说,字母表谜案,[日] 大山诚一郎,河南文艺出版社,2021-5,42.00元,7.5,38684,https://book.douban.com/subject/35390390/
小说,法比安,[德国] 埃里希·凯斯特纳,北京联合出版公司,2025-1,52.00元,8.5,1557,https://book.douban.com/subject/37136205/
小说,黄色墙纸,[美] 夏洛特·珀金斯·吉尔曼,北京联合出版公司,2025-2,48.00元,8.5,2873,https://book.douban.com/subject/37138375/
小说,五只小猪,[英] 阿加莎·克里斯蒂,新星出版社,2014-10,28.00元,8.5,22274,https://book.douban.com/subject/25986273/
小说,围城,钱锺书,人民文学出版社,1991-2-1,39.00元,9.3,114259,https://book.douban.com/subject/11524204/
小说,寻获与失落,[美国] 厄休拉·勒古恩,河南文艺出版社,2022-9,138.00元,8.8,2223,https://book.douban.com/subject/35959816/
小说,限时七日的委托,[日] 方丈贵惠,新星出版社,2025-8,59.00元,7.1,2234,https://book.douban.com/subject/37430828/
小说,洋果子店的午后,[日] 小川洋子,中信出版社,2025-2,49.80,7.2,1973,https://book.douban.com/subject/37138324/
小说,周四推理俱乐部：“魔鬼”的最后一眼,[英] 理查德·奥斯曼,接力出版社,2025-1,68.00,8.4,1281,https://book.douban.com/subject/37031012/
小说,帷幕,[英] 阿加莎·克里斯蒂 (Dame Agatha Christie),新星出版社,2015-2,26.00元,9.1,22532,https://book.douban.com/subject/26292535/
小说,为什么它永无止境,柯遥42,江苏凤凰文艺出版社,2024-11,46.8元,9.2,857,https://book.douban.com/subject/37059425/
小说,鹿隐之野,押沙龙,万卷出版公司,2024-5,49.80,7.8,2153,https://book.douban.com/subject/36862604/
小说,十日终焉·钟鸣,杀虫队队员,江苏凤凰文艺出版社,2025-9,48.00元,7.7,1025,https://book.douban.com/subject/37229508/
小说,檻神館双極子殺人事件,南海遊、插图：清原紘,星海社,2026-3-18,1600円+税,,302,https://book.douban.com/subject/38220051/
小说,我们八月见,[哥伦比亚]加西亚·马尔克斯,南海出版公司,2024-3-6,39.00元,7.6,20178,https://book.douban.com/subject/36754770/
小说,除恶,雷米,重庆出版社,2026-3,68.00元,6.8,469,https://book.douban.com/subject/37564966/
小说,怪画谜案,[日] 雨穴,台海出版社,2024-7,55.00元,7.3,17226,https://book.douban.com/subject/36858240/
小说,点与线,松本清张,南海出版公司,2016-6,35.00元,7.6,6728,https://book.douban.com/subject/26739950/
小说,孽子,白先勇,广西师范大学出版社,2010-10,46.00元,9.2,59229,https://book.douban.com/subject/5337254/
小说,鹿川有许多粪,李沧东,武汉大学出版社,2021-8,58.00元,8.9,42408,https://book.douban.com/subject/35517022/
小说,首席女法医1：尸体会说话,[美] 帕特丽夏·康薇尔,北京联合出版公司,2026-3,59.80元,8.2,149,https://book.douban.com/subject/37938899/
小说,坠落的王国,[挪] 尤·奈斯博,湖南文艺出版社,2026-1,65.00元,7.4,220,https://book.douban.com/subject/37869943/
小说,成何体统,七英俊,湖南文艺出版社,2022-4-1,79.80元,8.1,7173,https://book.douban.com/subject/35813425/
小说,平原上的摩西,双雪涛,新星出版社,2025-6,49.00元,7.6,1119,https://book.douban.com/subject/37292919/
小说,十八岁出门远行,余华,江苏凤凰文艺出版社,2024-3-7,45元,7.1,13254,https://book.douban.com/subject/36727285/
小说,周四推理俱乐部,[英] 理查德·奥斯曼,接力出版社,2022-4,58.00元,7.1,5851,https://book.douban.com/subject/35762678/
小说,无声告白,[美] 伍绮诗,江苏凤凰文艺出版社,2015-7,45.00元,8.2,147297,https://book.douban.com/subject/26382433/
小说,变形记,[奥地利] 弗朗茨·卡夫卡,浙江人民出版社,2020-11-1,39.80,9.0,13234,https://book.douban.com/subject/35096299/
小说,米德尔马契,[英] 乔治·爱略特,人民文学出版社,2018-9,78.00元,9.1,3325,https://book.douban.com/subject/26986888/
小说,长夜难明,紫金陈,云南人民出版社,2017-1,42.00元,8.6,85318,https://book.douban.com/subject/26923390/
小说,天边,张者,作家出版社、百花洲文艺出版社,2025-12,78.00元,8.7,55,https://book.douban.com/subject/37832774/
小说,変な地図,雨穴,双葉社,2025-10-29,"1,760円",7.8,1147,https://book.douban.com/subject/37513508/
小说,看不见的城市,[意] 伊塔洛·卡尔维诺,译林出版社,2012-4,25.00元,9.0,43117,https://book.douban.com/subject/10555509/
小说,春山,何大草,上海文艺出版社,2026-1,49.00,8.1,63,https://book.douban.com/subject/38218953/
小说,麒麟之翼,[日] 东野圭吾,南海出版公司,2015-7-1,39.50元,7.8,16315,https://book.douban.com/subject/26387513/
小说,密室推理游戏,[日]歌野晶午,新星出版社,2026-3,150.00元,7.4,316,https://book.douban.com/subject/37444747/
小说,那不勒斯故事四部曲,艾琳娜.斐蘭德,李靜宜,大塊文化,2017-12,9.4,23733,https://book.douban.com/subject/27204805/
小说,龙骨焚箱,尾鱼,四川文艺出版社,2023-6,135.00元,8.8,3516,https://book.douban.com/subject/36329727/
小说,破绽,刘天壮,安徽文艺出版社,2026-3,68.00,8.2,346,https://book.douban.com/subject/38358083/
小说,一句顶一万句,刘震云,长江文艺出版社,2009-3,29.80,8.8,102564,https://book.douban.com/subject/3633461/
小说,流俗地,黎紫書,麥田,2020-5-2,NTD450,9.0,7016,https://book.douban.com/subject/34974150/
小说,伦敦最后一家书店,[美] 玛德琳·马丁,中译出版社,2022-3,68.00元,7.6,2570,https://book.douban.com/subject/35880360/
小说,嫌疑人X的献身,[日] 东野圭吾,南海出版公司,2008-9,28.00,8.9,553840,https://book.douban.com/subject/3211779/
小说,包法利夫人,[法] 福楼拜,译林出版社,2015-11,28.00,9.0,4858,https://book.douban.com/subject/26666259/
小说,尘埃落定,阿来,浙江文艺出版社,2020-10,49.00元,8.6,17435,https://book.douban.com/subject/35051822/
小说,没有人给他写信的上校,[哥伦比亚]加西亚·马尔克斯,南海出版公司,2018-6,35.00元,8.6,15461,https://book.douban.com/subject/30177172/
小说,悲惨世界,[法] 雨果,人民文学出版社,2015-6,110.00元,9.5,24034,https://book.douban.com/subject/25897657/
小说,龙与地下铁,马伯庸,湖南文艺出版社,2024-1,49.80元,7.1,4401,https://book.douban.com/subject/36657407/
小说,第七天,余华,新星出版社,2018-8,39.50元,8.2,63893,https://book.douban.com/subject/30259153/
小说,你一生的故事,[美] 特德·姜,译林出版社,2019-12,42.00元,8.6,13313,https://book.douban.com/subject/34672178/
小说,简爱,[英] 夏洛蒂·勃朗特,上海文艺出版社,2007-8-1,27.00元,8.5,47066,https://book.douban.com/subject/2253379/
小说,汤姆·索亚历险记,[美] 马克·吐温,译林出版社,2010-6,16.80元,8.3,4499,https://book.douban.com/subject/4872914/
小说,一个叫欧维的男人决定去死,[瑞典] 弗雷德里克·巴克曼,四川文艺出版社,2020-8,56.8,9.0,6626,https://book.douban.com/subject/35068894/
小说,远山淡影,[英] 石黑一雄,上海译文出版社,2011-5,27.00元,8.2,45575,https://book.douban.com/subject/5988624/
小说,巨人的陨落,[英] 肯·福莱特,江苏凤凰文艺出版社,2016-5-1,CNY 129.80,8.9,89238,https://book.douban.com/subject/26698660/
小说,故事新编,鲁迅,人民文学出版社,1973-12-01,0.31 元,9.4,52049,https://book.douban.com/subject/2046909/
小说,使女的故事,[加拿大] 玛格丽特·阿特伍德,上海译文出版社,2017-12,49.00元,8.5,18082,https://book.douban.com/subject/27113801/
小说,父亲的复仇,呼延云,新星出版社,2026-3,59.00元,7.0,118,https://book.douban.com/subject/37868496/
小说,环界2,[日] 铃木光司,南海出版公司,2017-1-1,39,8.5,5369,https://book.douban.com/subject/26861460/
小说,黄金时代,王小波,花城出版社,1999-3,19.00元,8.9,174037,https://book.douban.com/subject/1089243/
小说,十日终焉·极道,杀虫队队员,江苏凤凰文艺出版社,2025-8,48.00元,7.7,1139,https://book.douban.com/subject/37229509/
小说,潘达雷昂上尉和劳军女郎,[秘鲁] 马里奥·巴尔加斯·略萨,人民文学出版社,2021-6,79,9.1,1758,https://book.douban.com/subject/34933189/
小说,知善恶树,〔西〕皮奥·巴罗哈、[西班牙] 皮奥·巴罗哈,人民文学出版社,2026-3,59.00元,8.7,27,https://book.douban.com/subject/38175934/
小说,死神广播,[日] 白井智之,江苏凤凰文艺出版社,2024-8,59.00元,7.1,3924,https://book.douban.com/subject/36953534/
小说,秦吏,七月新番,,,,8.8,922,https://book.douban.com/subject/36676218/
小说,水浒传（全二册）,[明] 施耐庵、罗贯中,人民文学出版社,1997-1,50.60元,8.7,86303,https://book.douban.com/subject/1008357/
小说,大雪将至,[奥地利] 罗伯特·泽塔勒,南海出版公司,2018-6,39.00元,8.2,12536,https://book.douban.com/subject/27115714/
小说,美丽新世界,【英】奥尔德斯·赫胥黎,上海译文出版社,2017-6,45.00元,9.1,72857,https://book.douban.com/subject/27002046/
小说,沧浪之水,阎真,北京十月文艺出版社,2021-7,49,8.5,4353,https://book.douban.com/subject/35498118/
小说,足利女童连续失踪事件,[日] 清水洁,文汇出版社,2022-7,49.00元,9.0,31341,https://book.douban.com/subject/35776315/
小说,克林索尔的最后夏天,[德] 赫尔曼·黑塞,天津人民出版社,2019-1,39.8,8.0,27851,https://book.douban.com/subject/30389968/
小说,年轻医生手记,［俄］米哈伊尔·布尔加科夫,文汇出版社,2026-1,52.00元,8.9,460,https://book.douban.com/subject/37900003/
小说,伤口愈合中,[韩] 韩江,国文出版社,2025-6,58,8.0,2206,https://book.douban.com/subject/37129014/
小说,欢迎光临休南洞书店,[韩] 黄宝凛,国际文化出版公司、国文出版社,2025-8-20,52,7.6,590,https://book.douban.com/subject/37468350/
小说,洛丽塔,[美] 弗拉基米尔·纳博科夫,上海译文出版社,2005-12,27.00元,7.8,78409,https://book.douban.com/subject/1465324/
小说,缝纫机与金鱼,[日]永井美糸,湖南文艺出版社,2025-3,38.00元,8.3,2119,https://book.douban.com/subject/37129474/
小说,覆汉,榴弹怕水、榴彈怕水,,榴弹怕水、榴彈怕水,2021,8.2,506,https://book.douban.com/subject/36434855/
小说,她来劈开这山,病鹤斋、群白 绘,花城出版社,2025-2,56.00元,8.1,15001,https://book.douban.com/subject/36899918/
小说,时时刻刻,(美)迈克尔·坎宁安,人民文学出版社,2012-1,25.00元,8.6,3150,https://book.douban.com/subject/6861517/
小说,动物农场,[英] 乔治·奥威尔,上海译文出版社,2007-3,10.00元,9.3,181665,https://book.douban.com/subject/2035179/
小说,灵魂囚笼,[英] 阿德里安·柴可夫斯基,朱佳文,四川科学技术出版社,2026-5,8.8,30,https://book.douban.com/subject/38221443/
小说,進烤箱的好日子,李佳穎,自轉星球文化,2024-7-1,420元,8.8,1779,https://book.douban.com/subject/37050614/
小说,克莱因壶,[日] 冈岛二人,张舟,化学工业出版社,2026-1,8.8,553,https://book.douban.com/subject/37667237/
小说,白鲸,[美] 赫尔曼·梅尔维尔,湖南文艺出版社,2026-4,148.00元,9.5,30,https://book.douban.com/subject/36956491/
小说,金瓶梅,兰陵笑笑生,兰陵笑笑生,南洋出版社,2016-1,9.5,6382,https://book.douban.com/subject/26877943/
小说,信仰,[日] 村田沙耶香,上海译文出版社,2025-4-20,46.00,7.4,1177,https://book.douban.com/subject/37090321/
小说,红玫瑰与白玫瑰,张爱玲,北京十月文艺出版社,2019-3,49.50元,9.0,14128,https://book.douban.com/subject/30294358/
小说,雨的历史,[爱尔兰] 尼尔·威廉斯,浙江文艺出版社,2026-6,69.90元,,10,https://book.douban.com/subject/37668036/
小说,重新醒来的一天,王苏辛,江苏凤凰文艺出版社,2026-2,48.00元,8.8,46,https://book.douban.com/subject/37856394/
小说,午餐酒 2,[日] 原田比香,人民文学出版社,2025-10,49.00,7.6,155,https://book.douban.com/subject/37422102/
小说,隐墙,[奥] 玛尔伦·豪斯霍费尔,山东文艺出版社,2025-11,55.00元,8.0,628,https://book.douban.com/subject/37842687/
小说,黄土馆事件,[日] 阿津川辰海,新星出版社,2026-3,68.00元,6.7,227,https://book.douban.com/subject/37444749/
小说,报丧女妖,[美] 雷·布拉德伯里,新星出版社,2025-10,49.00元,6.8,86,https://book.douban.com/subject/37401894/
小说,伦敦规则,[英]米克·赫伦,新星出版社,2025-7,69.00元,8.1,625,https://book.douban.com/subject/37190727/
小说,告白,[日] 凑佳苗,湖南文艺出版社,2016-4,36.80元,8.8,41668,https://book.douban.com/subject/26681984/
小说,藏书室女尸之谜,[英] 阿加莎·克里斯蒂,新星出版社,2013-5,26.00元,7.4,6570,https://book.douban.com/subject/24358966/
小说,写在身体上,[英]珍妮特·温特森,北京联合出版公司,2020-4,49.00元,8.2,3212,https://book.douban.com/subject/34464665/
小说,八十天环游地球,[法]儒尔·凡尔纳,译林出版社,2016-10,20,8.5,3021,https://book.douban.com/subject/26897287/
小说,哈利·波特与死亡圣器,[英] J. K. 罗琳,人民文学出版社,2007-10,66.00元,9.1,112593,https://book.douban.com/subject/2295163/
小说,玩笑,米兰·昆德拉,上海译文出版社,2022-4-30,68.00,8.7,2113,https://book.douban.com/subject/35764762/
小说,背叛,豆豆,群众出版社,2000-5,24.80元,8.0,6963,https://book.douban.com/subject/1578545/
小说,魍魉之匣（上）,[日] 京极夏彦,上海人民出版社,2009-1,29.00,8.4,18028,https://book.douban.com/subject/3162513/
小说,烧纸,[韩] 李沧东,武汉大学出版社,2020-5,58.00,8.5,25020,https://book.douban.com/subject/30441551/
小说,真事隐,孙立天,中华书局,2026-2,78.00元,8.7,2597,https://book.douban.com/subject/37920184/
小说,喧哗与骚动,[美] 威廉·福克纳,译林出版社,2015-6,36.00,8.9,4902,https://book.douban.com/subject/26290041/
小说,失明症漫记,[葡] 若泽·萨拉马戈,南海出版公司,2014-2,29.50元,9.0,44827,https://book.douban.com/subject/20428302/
小说,老无所依,[美] 科马克·麦卡锡,河南文艺出版社,2020-7,68.00元,8.5,1964,https://book.douban.com/subject/35093992/
小说,狼图腾,姜戎,长江文艺出版社,2004-4,32.00元,8.2,154804,https://book.douban.com/subject/1022060/
小说,罪与罚,[俄] 陀思妥耶夫斯基,上海译文出版社,2015-1,58.00元,9.4,20817,https://book.douban.com/subject/25887912/
小说,煞风景的早间首班车,[日] 青崎有吾,新星出版社,2021-9,45.00元,7.4,3709,https://book.douban.com/subject/35520726/
小说,波洛圣诞探案记,[英] 阿加莎·克里斯蒂,新星出版社,2016-1,32.00元,8.2,8748,https://book.douban.com/subject/26689987/
小说,亡狮,[英] 米克·赫伦,新星出版社,2024-8,79.00元,8.2,1152,https://book.douban.com/subject/36858242/
小说,静静的顿河,[苏] 肖洛霍夫,人民文学出版社,2015-8,158.00元,9.3,3591,https://book.douban.com/subject/25897651/
小说,活着,余华,北京十月文艺出版社,2017-6-1,35.00元,9.4,52089,https://book.douban.com/subject/27064488/
小说,小团圆,张爱玲,北京十月文艺出版社,2019-3,49.00元,8.6,9077,https://book.douban.com/subject/30294360/
小说,在细雨中呼喊,余华,作家出版社,2012-11-1,25.00元,8.8,92778,https://book.douban.com/subject/20421947/
小说,城市与狗,[秘鲁] 马里奥·巴尔加斯·略萨,人民文学出版社,2021-6,98.00元,8.8,3751,https://book.douban.com/subject/34933184/
小说,山月记,[日] 中岛敦,三秦出版社,2018-12,45.00元,8.3,23173,https://book.douban.com/subject/30394154/
小说,飘,[美国] 玛格丽特·米切尔,译林出版社,2000-9,40.00元,9.3,229332,https://book.douban.com/subject/1068920/
小说,钟表馆事件,[日] 绫辻行人,新星出版社,2016-6,35.00元,8.3,27621,https://book.douban.com/subject/26771719/
小说,雪国,[日] 川端康成,南海出版公司,2022-6-1,59,7.6,14048,https://book.douban.com/subject/35818897/
小说,如首无作祟之物,[日] 三津田信三,文化发展出版社,2021-8,68.00,8.2,15213,https://book.douban.com/subject/35406149/
小说,平原上的摩西,双雪涛,百花文艺出版社,2016-7,39.50元,8.2,32991,https://book.douban.com/subject/26803179/
小说,绍宋,榴弹怕水,春风文艺出版社,2024-5,158.00元,8.3,1195,https://book.douban.com/subject/36955267/
小说,午餐酒 3,[日] 原田比香,人民文学出版社,2025-10,49.00,7.2,137,https://book.douban.com/subject/37422103/
小说,一朵桔梗花,[日] 连城三纪彦,新星出版社,2017-10,48.00元,8.5,8603,https://book.douban.com/subject/27001114/
小说,初步举证,[澳] 苏茜·米勒,四川人民出版社,2025-3,49.80元,8.7,3109,https://book.douban.com/subject/37254350/
小说,犹大之窗,[美] 约翰·迪克森·卡尔,新星出版社,2019-6,49.00元,8.2,10249,https://book.douban.com/subject/30441962/
小说,捕云记,[日] 多和田叶子,广西师范大学出版社,2025-8,68.00元,8.3,1362,https://book.douban.com/subject/37383716/
小说,山茶文具店,[日] 小川糸,湖南文艺出版社,2018-3,49.80,8.3,62175,https://book.douban.com/subject/28656614/
小说,蛤蟆先生去看心理医生,[英] 罗伯特·戴博德,天津人民出版社,2020-8-1,38.00元,8.3,192446,https://book.douban.com/subject/35143790/
小说,希望之线,[日]东野圭吾,南海出版公司,2021-4,59.00元,7.6,12224,https://book.douban.com/subject/35355556/
小说,南方高速,[阿根廷] 胡里奥·科塔萨尔,南海出版公司,2017-10,68.00,8.8,12717,https://book.douban.com/subject/27079479/
小说,窄门,[法] 安德烈·纪德,上海译文出版社,2010-04,18.00元,8.0,17409,https://book.douban.com/subject/4246979/
小说,呼啸山庄,[英]艾米莉·勃朗特,中央编译出版社,2015-4,20,8.0,1067,https://book.douban.com/subject/36110463/
小说,The Long Game,Rachel Reid、[加拿大] 瑞秋·里德,Rachel Reid、[加拿大] 瑞秋·里德,Carina Press,2024-11-16,,589,https://book.douban.com/subject/37014823/
小说,悬崖山庄奇案,[英] 阿加莎·克里斯蒂,新星出版社,2013-5,28.00元,8.3,15834,https://book.douban.com/subject/24535899/
小说,老妓抄,冈本加乃子,辽宁人民出版社,2022-2,65.00元,8.5,13513,https://book.douban.com/subject/35710421/
小说,地球尽头的温室,金草叶,花城出版社,2023-5-15,49.00元,8.3,5687,https://book.douban.com/subject/36351326/
小说,柏林谍影,[英] 约翰·勒卡雷,上海译文出版社,2025-7,68.00元,8.7,505,https://book.douban.com/subject/37403767/
小说,私人生活,陈染,花城出版社,2026-3,59.00,8.4,212,https://book.douban.com/subject/38204444/
小说,醉步男,[日] 小林泰三,北京时代华文书局,2019-10-1,49.00,8.3,33262,https://book.douban.com/subject/30359030/
小说,午餐酒 1,[日] 原田比香,人民文学出版社,2025-10,49.00,7.5,301,https://book.douban.com/subject/37422101/
小说,麦田里的守望者,[美国] J. D. 塞林格,译林出版社,2007-3,28.00元,8.1,85395,https://book.douban.com/subject/2053249/
小说,银河帝国1：基地,[美] 艾萨克·阿西莫夫,江苏凤凰文艺出版社,2015-10,45.00元,8.8,11065,https://book.douban.com/subject/26389900/
小说,如幽女怨怼之物,[日] 三津田信三,文化发展出版社,2020-12,68.00元,8.1,5026,https://book.douban.com/subject/35217601/
小说,桥头楼上,Priest,国际文化出版公司,2024-3,52.80元,8.6,5088,https://book.douban.com/subject/36647809/
小说,结婚十年,苏青,人民文学出版社,2025-4,47.00元,8.3,2954,https://book.douban.com/subject/37154938/
小说,上瘾谜题,[日] 白井智之,江苏凤凰文艺出版社,2025-11,59.00,6.6,898,https://book.douban.com/subject/37367692/
小说,国宝,[日] 吉田修一,上海人民出版社,2021-9,79.00,8.5,1714,https://book.douban.com/subject/35440302/
小说,布鲁克林有棵树,[美国] 贝蒂·史密斯,译林出版社,2009-7,28.00元,8.8,17602,https://book.douban.com/subject/3826899/
小说,长安一百零八案：龙首劫,廖舒波,北京联合出版公司,2026-3,59.80元,7.3,134,https://book.douban.com/subject/37938909/
小说,迦南大厦,[瑞典] 帕尔·拉格奎斯特,安徽文艺出版社,2025-11,248,9.5,125,https://book.douban.com/subject/37352048/
小说,姑获鸟之夏,[日] 京极夏彦,上海人民出版社,2008-8,36.00,7.9,27563,https://book.douban.com/subject/3140801/
小说,三幕悲剧,[英] 阿加莎·克里斯蒂,新星出版社,2018-11,39.00元,8.0,7109,https://book.douban.com/subject/30346157/
小说,死于威尼斯,[德] 托马斯·曼,上海译文出版社,2010-5,20.00元,8.3,10891,https://book.douban.com/subject/4621099/
小说,刀锋,[英] 威廉·萨默塞特·毛姆,浙江文艺出版社,2016-12,39.80元,8.8,13058,https://book.douban.com/subject/26896878/
小说,精神与爱欲,[德] 赫尔曼·黑塞,四川文艺出版社,2021-6-1,59.80,9.0,10787,https://book.douban.com/subject/35492879/
小说,实用主义者的爱情,孟中得意,孟中得意,四川文艺出版社,2023-5,7.7,946,https://book.douban.com/subject/36333170/
小说,东方快车谋杀案,[英] 阿加莎·克里斯蒂 (Dame Agatha Christie),新星出版社,2020-7,42元,9.2,5319,https://book.douban.com/subject/35126598/
小说,人间便利店,[日] 村田沙耶香,湖南文艺出版社·向上文学品牌,2018-4,45.00元,7.7,23095,https://book.douban.com/subject/28171580/
小说,白夜,[俄] 陀思妥耶夫斯基,上海译文出版社,2015-1,48.00元,9.0,15893,https://book.douban.com/subject/25887921/
小说,云中命案,[英] 阿加莎·克里斯蒂,新星出版社,2014-7,28.00元,7.3,7311,https://book.douban.com/subject/25919321/
小说,一个适合苏丹的游戏,钻咖,浙江文艺出版社,2025-9,98.00,8.3,457,https://book.douban.com/subject/37502249/
小说,仿生人会梦见电子羊吗?,[美] 菲利普·迪克,江苏凤凰文艺出版社,2024-10-15,59.90元,8.2,2573,https://book.douban.com/subject/36701790/
小说,最幼小的玩偶,[英] 安吉拉·卡特 等,江苏凤凰文艺出版社,2026-2,69.90,7.7,45,https://book.douban.com/subject/37182299/
小说,克拉多克太太,[英] 毛姆,上海译文出版社,2021-8,58元,8.7,1426,https://book.douban.com/subject/35491514/
小说,文城,余华,北京十月文艺出版社,2021-3,59.00元,7.9,70258,https://book.douban.com/subject/35335514/
小说,十日终焉·万相,杀虫队队员,江苏凤凰文艺出版社,2024-12,46.80元,8.0,1863,https://book.douban.com/subject/36838882/
小说,我的名字叫红,[土耳其] 奥尔罕·帕慕克,上海人民出版社,2006-8,29.00元,7.9,26620,https://book.douban.com/subject/1851385/
小说,推拿,毕飞宇,人民文学出版社,2019-5,42.00元,8.8,5568,https://book.douban.com/subject/34432627/
小说,在轮下,[德] 赫尔曼·黑塞,天津人民出版社,2025-7,49.8,8.7,3049,https://book.douban.com/subject/20390087/
小说,小姨多鹤,严歌苓,作家出版社,2016-8-1,29.00,9.0,15901,https://book.douban.com/subject/27080432/
小说,球状闪电,刘慈欣,四川科学技术出版社,2016-9,25.00,9.0,19507,https://book.douban.com/subject/26856061/
小说,十日终焉·入梦,杀虫队队员,江苏凤凰文艺出版社,2025-9,48元,7.8,1014,https://book.douban.com/subject/37229510/
小说,蛙,莫言,浙江文艺出版社,2017-1,37.00元,8.9,34439,https://book.douban.com/subject/26904483/
小说,海鸥才不管那么多,[德]莱亚·布卢门塔尔,北京科学技术出版社,2025-7-1,49.9,7.6,929,https://book.douban.com/subject/37350860/
小说,爱，鸡尾酒与生化危机,[韩]赵艺恩,广西师范大学出版社,2023-9,49.00元,7.6,11259,https://book.douban.com/subject/36496555/
小说,活着,余华,北京十月文艺出版社,2021-7,45.00元,9.4,3290,https://book.douban.com/subject/35481711/
小说,如果奔跑是我的宿命,纪静蓉,江苏凤凰文艺出版社,2020-6,45.00,7.8,1091,https://book.douban.com/subject/35118568/
小说,西游记（全二册）,吴承恩,人民文学出版社,2004-8,47.20元,9.1,102835,https://book.douban.com/subject/1029553/
小说,间谍先生：豺狼的日子,弗·福赛斯（Frederick Forsyth）,上海文艺出版社,2019-5-1,52,8.4,2502,https://book.douban.com/subject/30380274/
小说,2666,[智利] 罗贝托·波拉尼奥,上海人民出版社,2012-1-1,98.00元,8.8,8038,https://book.douban.com/subject/6800379/
小说,哈利·波特与阿兹卡班的囚徒,[英] J. K. 罗琳,人民文学出版社,2000-9,26.50元,9.1,141138,https://book.douban.com/subject/1071241/
小说,我们的一切往昔,[意] 娜塔莉亚·金兹伯格,上海译文出版社,2026-3,68,8.4,130,https://book.douban.com/subject/38197669/
小说,安卓珍尼,董启章,广西师范大学出版社,2026-4,55.00 元,7.8,64,https://book.douban.com/subject/38240317/
小说,作者不详,[日] 三津田信三,花城出版社,2025-11,116.00元,8.3,1094,https://book.douban.com/subject/37381807/
小说,钢铁森林.2,弃吴钩；魅丽文化,弃吴钩；魅丽文化,江苏凤凰文艺出版社,32.20元,7.1,156,https://book.douban.com/subject/35831690/
小说,银河帝国2：基地与帝国,[美] 艾萨克·阿西莫夫,江苏凤凰文艺出版社,2015-9,35.00元,8.8,5137,https://book.douban.com/subject/26389896/
小说,名侦探的献祭,[日] 白井智之,九州出版社,2023-9,59.00元,7.1,17730,https://book.douban.com/subject/36512989/
小说,形影不离,[法]西蒙娜·德·波伏瓦,浙江教育出版社,2022-2-10,45.00元,8.3,10884,https://book.douban.com/subject/35713872/
小说,当尼采哭泣,[美国] 欧文·亚隆,机械工业出版社,2017-3,49.00元,8.9,10520,https://book.douban.com/subject/27018918/
小说,高楼坠我,金澄,金澄,2025-12,44,7.8,1499,https://book.douban.com/subject/38370745/
小说,海风中失落的血色馈赠,[加拿大] 阿利斯泰尔·麦克劳德,上海文艺出版社,2015-6-1,CNY 20.00,9.0,23069,https://book.douban.com/subject/26357614/
小说,斯泰尔斯庄园奇案,[英] 阿加莎·克里斯蒂,新星出版社,2019-10,49.00元,7.8,3151,https://book.douban.com/subject/34840571/
小说,十日终焉·白羊,杀虫队队员,江苏凤凰文艺出版社,2025-3,48.00元,8.1,2048,https://book.douban.com/subject/36835657/
小说,我在废土世界扫垃圾,有花在野,,有花在野,广东旅游出版社,9.3,3814,https://book.douban.com/subject/37444272/
小说,盗窃,[英] 阿卜杜勒拉扎克·古尔纳,上海译文出版社,2026-4,79,8.2,50,https://book.douban.com/subject/38213820/
小说,七王国的骑士,[美] 乔治·R.R.马丁,重庆出版社,2014-1-1,32.80元,8.7,5088,https://book.douban.com/subject/25778124/
小说,天意,[英] 安妮塔·布鲁克纳,江苏凤凰文艺出版社,2026-4,78,8.2,39,https://book.douban.com/subject/37897223/
小说,追忆似水年华,[法] 马塞尔·普鲁斯特,译林出版社,2012-6,328.00元,9.2,10635,https://book.douban.com/subject/10779650/
小说,十一月的此刻,[美]约瑟芬·约翰逊,北京十月文艺出版社,2026-4,45,8.3,46,https://book.douban.com/subject/38229383/
小说,风中有只渡渡鸟,毕啸南,湖南文艺出版社,2026-4,52.00元,7.7,65,https://book.douban.com/subject/38390068/
小说,显微镜下的大明,马伯庸,湖南文艺出版社,2019-1,52.00元,8.7,57874,https://book.douban.com/subject/30414743/
小说,詹姆斯,[美] 珀西瓦尔·埃弗雷特,上海三联书店,2026-4,69.80元,8.3,57,https://book.douban.com/subject/38213816/
小说,白天的房子，夜晚的房子,[波兰] 奥尔加·托卡尔丘克,四川人民出版社,2017-12,60.00元,8.6,11208,https://book.douban.com/subject/27131538/
小说,十日终焉·因果,杀虫队队员,江苏凤凰文艺出版社,2025-9,48.00元,7.7,1004,https://book.douban.com/subject/37226973/
小说,在森崎书店的日子,八木泽里志,南海出版公司,2020-3-1,55.00,7.5,4797,https://book.douban.com/subject/34800934/
小说,黑猫馆事件,[日] 绫辻行人,新星出版社,2016-6,28.00元,7.3,6371,https://book.douban.com/subject/26771722/
小说,我母亲的母亲,[法] 玛丽斯·孔戴,北京联合出版公司,2026-4,58.00元,9.1,68,https://book.douban.com/subject/37744148/
小说,海里面的怪东西,杨怡芬,浙江文艺出版社,2026-4,58.00元,7.9,35,https://book.douban.com/subject/38405193/
小说,遗落的南境1：湮灭,杰夫·范德米尔,天地出版社,2015-12,28.00元,7.7,8273,https://book.douban.com/subject/26652880/
小说,珍珠,[美] 约翰·斯坦贝克,上海译文出版社,2024-4,78.00元,7.8,1482,https://book.douban.com/subject/36744046/
小说,逍遥游,班宇,人民文学出版社,2024-11,59.00元,8.1,284,https://book.douban.com/subject/37056275/
小说,永恒的终结,[美] 艾萨克·阿西莫夫,江苏凤凰文艺出版社,2014-9,32.00元,9.1,54884,https://book.douban.com/subject/25829693/
小说,在小山和小山之间,李停,上海文艺出版社,2023-5-18,45.00,8.1,10929,https://book.douban.com/subject/36388449/
小说,我的团长我的团（上下册）,兰晓龙,人民文学出版社,2018-1,99.00元,9.7,5232,https://book.douban.com/subject/30197331/
小说,生活的囚徒,[爱尔兰] 威廉·特雷弗,上海译文出版社,2023-11,65.00元,8.3,2104,https://book.douban.com/subject/36594895/
小说,活着,余华,北京十月文艺出版社,2026-4,69.00元,9.8,51,https://book.douban.com/subject/37658648/
小说,早上好，岛上好,刘同,湖南文艺出版社,2026-4,52,7.6,200,https://book.douban.com/subject/38408947/
小说,清洁女工之死,[英] 阿加莎·克里斯蒂 (Dame Agatha Christie),新星出版社,2018-4,39.00元,7.3,4587,https://book.douban.com/subject/30179173/
小说,初三的六一儿童节,蛇蝎点点,出格文化,2020-12,HKD361,,228,https://book.douban.com/subject/36422404/
小说,被阻塞的疼痛,[匈] 纳道什·彼得、[匈] 纳达斯·彼得,上海人民出版社,2026-6,108.00元,,10,https://book.douban.com/subject/37928834/
小说,东方快车谋杀案,[英] 阿加莎·克里斯蒂,人民文学出版社,2006-5,18.00元,9.1,154340,https://book.douban.com/subject/1827374/
小说,我不服,紫金陈,湖南文艺出版社,2026-4,58.00元,6.5,325,https://book.douban.com/subject/38408110/
小说,时间机器,[英] 赫伯特·乔治·威尔斯,天津人民出版社,2017-12,38.00元,8.1,1430,https://book.douban.com/subject/30116015/
小说,当我们不再理解世界,[智利]本哈明·拉巴图特,人民文学出版社,2022-9-1,59.00元,8.2,25880,https://book.douban.com/subject/36073906/
小说,罪恶捕手,多纳托·卡瑞西,文汇出版社,2022-7,59.9,7.9,1791,https://book.douban.com/subject/35799458/
小说,生命式,[日] 村田沙耶香,浙江文艺出版社,2021-8,49.00元,7.6,3409,https://book.douban.com/subject/35502335/
小说,驯虎,吴纯,上海文艺出版社,2026-4-1,59,8.0,23,https://book.douban.com/subject/37483469/
小说,大唐辟珠记,饭卡,,饭卡,2024,8.3,2492,https://book.douban.com/subject/37467163/
小说,如雪如山,张天翼,人民文学出版社,2022-4-1,58,8.3,28386,https://book.douban.com/subject/35875393/
小说,给一个未出生孩子的信,[意] 奥丽娅娜·法拉奇,九州出版社,2026-5,66.00,9.2,266,https://book.douban.com/subject/38401629/
小说,玻璃塔谜案,[日] 知念实希人,四川文艺出版社,2023-1,68.00元,7.5,5580,https://book.douban.com/subject/36170929/
小说,我的生存，你的存在之可能,[匈] 凯尔泰斯·伊姆雷,北京联合出版公司,2026-5,58.00 元,8.0,65,https://book.douban.com/subject/38409972/
小说,我是你的遗物,张嘉佳,湖南文艺出版社,2026-5,56元,9.5,1378,https://book.douban.com/subject/38401309/
小说,潮汐图,林棹,上海文艺出版社,2022-1,58.00,8.3,7703,https://book.douban.com/subject/35653884/
小说,我所有微不足道的悲伤,[加] 米莉亚姆·泰维兹,王一凡,湖南文艺出版社,2026-5-1,9.2,15,https://book.douban.com/subject/38427422/
小说,燃烧的蜂鸟：迷案1985,法医秦明,江苏凤凰文艺出版社,2024-8,52.80元,7.5,1871,https://book.douban.com/subject/36971608/
小说,设局,紫金陈,贵州人民出版社,2014-5-1,28.00,7.9,11488,https://book.douban.com/subject/25924860/
小说,傍晚的邂逅,[韩]朴婉绪,上海文艺出版社,2026-6,58.00元,,21,https://book.douban.com/subject/37832891/
小说,呼啸山庄,[英] 艾米莉·勃朗特,上海译文出版社,2022-4,108,8.4,752,https://book.douban.com/subject/35719459/
小说,一间不属于自己的房间,[西]艾丽西亚•吉梅内斯•巴特利特,万卷出版有限责任公司,2026-2-20,39.80元,8.4,145,https://book.douban.com/subject/38197887/
小说,银河系漫游指南,[英] 道格拉斯·亚当斯,四川科学技术出版社,2005-6,16.00元,8.8,24322,https://book.douban.com/subject/1394364/
小说,直捣蜂窝的女孩,[瑞典] 斯蒂格·拉森、斯蒂格·拉赫松,人民文学出版社,2011-5,39.90元,9.0,7240,https://book.douban.com/subject/5993310/
小说,北京法源寺,李敖,中国友谊出版公司,2004-08,20.00元,8.5,13607,https://book.douban.com/subject/1062991/
小说,棋王,阿城,上海三联书店,2019-4,48.00元,9.1,28022,https://book.douban.com/subject/30330181/
小说,修道院纪事,[葡萄牙] 若泽·萨拉马戈,南海出版公司,2019-5-31,68.00元,8.3,3026,https://book.douban.com/subject/30321026/
小说,希望庄,[日] 宫部美雪,南海出版公司,2023-11,68.00元,7.0,1332,https://book.douban.com/subject/36497573/
小说,火线余生,[西] 阿图罗·佩雷斯-雷维特,上海译文出版社,2025-8,89,,10,https://book.douban.com/subject/37281982/
小说,嘯風山莊,艾蜜莉．布朗忒,遠流出版,2017-6-29,NTD300,9.0,1059,https://book.douban.com/subject/27072182/
小说,无人逝去,[日] 白井智之,四川文艺出版社,2023-7,45.00元,6.7,6444,https://book.douban.com/subject/36435335/
小说,马孔多在下雨,[哥伦比亚] 加西亚·马尔克斯,南海出版公司,2026-2,88.00元,8.5,185,https://book.douban.com/subject/36946790/
小说,魍魉之匣（下）,[日] 京极夏彦,上海人民出版社,2009-1,29.00,8.6,14380,https://book.douban.com/subject/3162527/
小说,占有,蒋方舟,文汇出版社,2025-11,59.00元,7.5,827,https://book.douban.com/subject/37433937/
小说,判决,[奥地利] 弗朗茨·卡夫卡,北京燕山出版社,2021-1-1,45.00,8.1,4967,https://book.douban.com/subject/35219184/
小说,狼厅,[英] 希拉里·曼特尔,上海译文出版社,2023-11,158.00,7.9,100,https://book.douban.com/subject/36551499/
小说,伊凡·伊里奇之死,[俄] 列夫·托尔斯泰,东方出版社,2017-10,46.00元,9.2,10554,https://book.douban.com/subject/27140882/
小说,女人的胜利,余华,江苏凤凰文艺出版社,2024-10-1,49.90元,7.0,11421,https://book.douban.com/subject/36727316/
小说,俗世奇人,冯骥才,作家出版社,2008-12,18.00元,8.6,25035,https://book.douban.com/subject/3389984/
小说,驼背,[日] 市川沙央,台海出版社,2025-10-10,52.00,7.5,1929,https://book.douban.com/subject/37276442/
小说,幻灭,[法] 巴尔扎克,人民文学出版社,2020-7,69.00,9.0,812,https://book.douban.com/subject/34833850/
小说,ABC谋杀案,[英] 阿加莎·克里斯蒂,新星出版社,2020-8,52.00元,8.5,3401,https://book.douban.com/subject/35097105/
小说,白痴,[俄] 陀思妥耶夫斯基,上海译文出版社,2015-1,68.00,9.3,16378,https://book.douban.com/subject/25887933/
小说,小船三年又三年,二八杠,贵州人民出版社,2024-12,49.8元,8.5,685,https://book.douban.com/subject/37156643/
小说,失语者,[韩] 韩江,九州出版社,2023-10,56,7.1,4474,https://book.douban.com/subject/36438780/
小说,米格尔街,(英)V.S.奈保尔,南海出版公司,2013-7,28.00元,8.4,16985,https://book.douban.com/subject/21346008/
小说,给麻风病人的吻,[法]弗朗索瓦·莫里亚克,江苏凤凰文艺出版社,2022-10,52,8.3,2100,https://book.douban.com/subject/36108261/
小说,飘（上下）,[美国] 玛格丽特·米切尔,译林出版社,2010-6,48.00元,9.5,6160,https://book.douban.com/subject/4893870/
小说,乔瓦尼的房间,[美] 詹姆斯·鲍德温,上海译文出版社,2024-9,58.00元,8.1,7934,https://book.douban.com/subject/37023820/
小说,古董局中局4,马伯庸,湖南文艺出版社,2018-6,49.80元,7.3,2462,https://book.douban.com/subject/30225865/
小说,间谍国度,[英] 米克·赫伦,新星出版社,2025-7,69.00元,8.4,572,https://book.douban.com/subject/37346139/
小说,契诃夫的一生,[法] 伊莱娜·内米洛夫斯基,北京联合出版公司,2026-3,52.00元,9.2,200,https://book.douban.com/subject/37899097/
小说,星之继承者,[英] 詹姆斯·P.霍根,新星出版社,2021-4,58.00元,8.8,10572,https://book.douban.com/subject/35271451/
小说,平原上的摩西,双雪涛,北京日报出版社,2021-4,59,8.1,27979,https://book.douban.com/subject/35192665/
小说,镜子,刘慈欣,中国工人出版社,2015-12,29.00元,8.6,5834,https://book.douban.com/subject/26658900/
小说,虚无的十字架,[日] 东野圭吾,湖南文艺出版社,2015-7,39.80元,7.5,54543,https://book.douban.com/subject/26413027/
小说,My Friends,Fredrik Backman、[瑞典] 弗雷德里克·巴克曼,Atria Books,2025-5-6,USD 27.89,,150,https://book.douban.com/subject/37106531/
小说,宋慈洗冤笔记 第二季 2,巫童,四川文艺出版社,2025-12-20,58,7.6,492,https://book.douban.com/subject/37854741/
小说,小王子,[法国] 安东尼·德·圣-埃克苏佩里,人民文学出版社,2003-8,22.00元,9.1,799188,https://book.douban.com/subject/1084336/
小说,在细雨中呼喊,余华,北京十月文艺出版社,2023-7,59.00元,8.6,2775,https://book.douban.com/subject/36028320/
小说,火车,[日]宫部美雪,南海出版公司,2016-1,45.00元,7.7,10338,https://book.douban.com/subject/26651873/
小说,骄阳似我,顾漫,花山文艺出版社,2013-7-20,25.00元,7.8,13951,https://book.douban.com/subject/23795254/
小说,横道世之介,[日]  吉田修一,上海人民出版社,2018-6,55.00,8.5,8172,https://book.douban.com/subject/30223812/
小说,密室黄金时代的杀人事件,[日] 鸭崎暖炉,北京日报出版社,2023-3,49.80元,7.2,4068,https://book.douban.com/subject/36184449/
小说,Le Village de l’au-delà,Gaston Boca,Gaston Boca,les Editions du Fantôme,1931,,149,https://book.douban.com/subject/26956270/
小说,海上无航标,[英] 薇塔·萨克维尔-韦斯特,北京联合出版公司,2025-11,45.00元,8.4,524,https://book.douban.com/subject/37511282/
小说,洄天,淮上,中信出版社,2024-1,55,7.1,990,https://book.douban.com/subject/36702049/
小说,体育馆之谜,[日] 青崎有吾,人民文学出版社,2017-10,48,7.7,10730,https://book.douban.com/subject/27054451/
小说,一个知识女性的思考系列,[英]蕾切尔·卡斯克,中信出版集团,2020-3,128.00元,8.6,1470,https://book.douban.com/subject/34950849/
小说,平乐县志,颜歌,上海三联书店,2023-10,78,8.1,1951,https://book.douban.com/subject/36520183/
小说,金阁寺,[日] 三岛由纪夫,上海译文出版社,2009-1,24.00,8.6,43264,https://book.douban.com/subject/3391248/
小说,愤怒的葡萄,[美] 约翰·斯坦贝克,湖南文艺出版社,2019-6,69.00元,9.1,16429,https://book.douban.com/subject/33395266/
小说,四世同堂,老舍,北京十月文艺出版社,2008-7,36.00元,9.4,48342,https://book.douban.com/subject/3183775/
小说,许三观卖血记,余华,北京十月文艺出版社,2024-3,59.00元,9.3,2142,https://book.douban.com/subject/35481712/
小说,只差一个谎言,(日)东野圭吾,南海出版公司,2013-4,25.00元,7.1,9602,https://book.douban.com/subject/21347638/
小说,我杀了他,[日]东野圭吾,南海出版公司,2019-5,55.00元,7.3,10178,https://book.douban.com/subject/30317423/
小说,老人与海,[美] 欧内斯特·海明威,中信出版社,2018-11,45.00元,9.0,9187,https://book.douban.com/subject/30338134/
小说,欧·亨利短篇小说精选,[美]欧·亨利,浙江文艺出版社,2015-1,48,8.3,7611,https://book.douban.com/subject/26303655/
小说,海伯利安的陨落,(美)丹·西蒙斯,吉林出版集团,2014-11,69.00元,8.8,3728,https://book.douban.com/subject/25941905/
小说,与罗摩相会,[英] 阿瑟·克拉克,江苏凤凰文艺出版社,2018-6-15,42.00元,8.8,10653,https://book.douban.com/subject/30161861/
小说,盗墓笔记,南派三叔,上海文化出版社,2011-12-1,295.20,8.5,60398,https://book.douban.com/subject/6953273/
小说,晚熟的人,莫言,人民文学出版社,2020-8-1,59,8.0,23746,https://book.douban.com/subject/35141940/
小说,异常,桐野夏生,广西师范大学出版社,2010-9,35.00元,8.1,5349,https://book.douban.com/subject/4882013/
小说,堂吉诃德,[西] 塞万提斯·萨维德拉,广西师范大学出版社,2020-1,128.00元,9.1,4300,https://book.douban.com/subject/34908576/
小说,雪,[土] 奥尔罕·帕慕克,上海人民出版社,2007-5,28.00元,8.5,4203,https://book.douban.com/subject/2062599/
小说,鞑靼人沙漠,[意]迪诺·布扎蒂,民主与建设出版社,2024-7,68,8.5,1019,https://book.douban.com/subject/36812186/
小说,你是迟来的欢喜,顾了之,百花洲文艺出版社,2019-4-1,39.8元,7.1,1505,https://book.douban.com/subject/33414675/
小说,人民的名义,周梅森,北京十月文艺出版社,2017-1,46.90元,7.3,17422,https://book.douban.com/subject/26952485/
小说,哈姆奈特,[英]玛姬·欧法洛,人民文学出版社,2023-5-15,79.00元,7.9,194,https://book.douban.com/subject/36175323/
小说,刀锋,[英]毛姆,人民文学出版社,2020-4,49.00元,8.7,3669,https://book.douban.com/subject/33430679/
小说,儒林外史,(清)吴敬梓,人民文学出版社,1958初版1981六印,1.60,9.2,1327,https://book.douban.com/subject/3210483/
小说,涅朵奇卡,陀思妥耶夫斯基,山东文艺出版社,2023-9,45.00元,8.7,18698,https://book.douban.com/subject/36504167/
小说,雾里青,明开夜合,明开夜合,北京燕山出版社,2025-12,6.2,296,https://book.douban.com/subject/37869741/
小说,小蘑菇,一十四洲,北京联合出版公司,2020-7,49.8元,8.6,12489,https://book.douban.com/subject/35139523/
小说,家庭生活,姚鄂梅,人民文学出版社,2021-1,39.00元,8.5,10260,https://book.douban.com/subject/35152144/
小说,不存在的骑士,[意] 伊塔洛·卡尔维诺,译林出版社,2012-4,22.00元,8.9,30695,https://book.douban.com/subject/6789551/
小说,也许你该找个人聊聊,[美]洛莉·戈特利布,上海文化出版社,2021-7-28,68.00元,9.0,63125,https://book.douban.com/subject/35481512/
小说,许三观卖血记,余华,北京十月文艺出版社,2017-10,39.50元,9.2,12346,https://book.douban.com/subject/27141102/
小说,天才雷普利,[美国] 帕特里西亚·海史密斯,上海译文出版社,2019-3,69.00元,8.0,705,https://book.douban.com/subject/30439891/
小说,我从凉山来,阿西阿呷,太白文艺出版社,2026-3-19,49.80,7.5,852,https://book.douban.com/subject/38373229/
小说,九故事,[美] J. D. 塞林格,译林出版社,2018-10,49.80元,8.9,8052,https://book.douban.com/subject/26905155/
小说,灯花笑·共此灯,千山茶客,江苏凤凰文艺出版社,2025-6,69.80元,8.0,712,https://book.douban.com/subject/37315999/
小说,你杀了谁,[日] 东野圭吾,南海出版公司,2025-1,59.00元,7.1,7121,https://book.douban.com/subject/36987849/
小说,被困住的人,[爱尔兰] 威廉·特雷弗,湖南文艺出版社,2025-6,219.00,8.9,282,https://book.douban.com/subject/37339382/
小说,一个陌生女人的来信,[奥] 斯蒂芬·茨威格,上海译文出版社,2007-7,20.00元,8.7,156344,https://book.douban.com/subject/2154960/
小说,药师变,林檎,中国工人出版社,2026-4,58,7.9,156,https://book.douban.com/subject/38208432/
小说,蓝色列车之谜,[英] 阿加莎·克里斯蒂 (Dame Agatha Christie),新星出版社,2016-7,35.00元,7.2,5835,https://book.douban.com/subject/26824034/
小说,温克海姆男爵返乡,[匈牙利] 克拉斯诺霍尔卡伊·拉斯洛,译林出版社,2025-11,78.00元,8.2,271,https://book.douban.com/subject/37521363/
小说,传奇,张爱玲,北京十月文艺出版社,2021-6,49.00元,9.4,4214,https://book.douban.com/subject/35498437/
小说,小巷人家,大米,四川文艺出版社,2024-1,79.80元,8.1,11375,https://book.douban.com/subject/36691906/
小说,兄弟,余华,北京十月文艺出版社,2022-7,79.00元,8.7,7171,https://book.douban.com/subject/35907578/
小说,我胆小如鼠,余华,作家出版社,2012-9-1,17.00元,7.0,5064,https://book.douban.com/subject/20426614/
小说,倾城之恋,张爱玲,北京十月文艺出版社,2012-6-1,29.80元,8.9,45715,https://book.douban.com/subject/10757940/
小说,赡养人类,刘慈欣,中国华侨出版社,2016-7,38.00元,8.6,20681,https://book.douban.com/subject/26807576/
小说,尼罗河上的惨案,[英] 阿加莎·克里斯蒂 (Dame Agatha Christie),新星出版社,2013-9,29.00元,8.6,36535,https://book.douban.com/subject/25697546/
小说,厨房,[日] 吉本芭娜娜,上海译文出版社,2022-7,49.00元,7.4,2014,https://book.douban.com/subject/35773382/
小说,黑暗的左手,[美] 厄休拉·勒古恩,北京联合出版公司,2017-11,45.00元,8.5,7537,https://book.douban.com/subject/26916012/
小说,关于女儿,[韩] 金惠珍,广西师范大学出版社,2022-10,42.00元,8.4,17698,https://book.douban.com/subject/36035671/
小说,化身博士,[美] 罗伯特·路易斯·史蒂文森,上海译文出版社,2024-10,78,8.3,343,https://book.douban.com/subject/37022749/
小说,第七天,余华,新星出版社,2023-1,49.00元,8.7,18721,https://book.douban.com/subject/36174516/
小说,少年來了,韓江,漫遊者文化,2018-1-3,NT$320,9.3,12542,https://book.douban.com/subject/27593378/
小说,猎魔人（卷六）,[波兰] 安杰伊·萨普科夫斯基 (Andrzej Sapkowski),重庆出版社,2020-8,108.80元,9.2,1097,https://book.douban.com/subject/35139966/
小说,人虎,[印尼]埃卡·古尼阿弯,民主与建设出版社,2023-5,52,8.1,806,https://book.douban.com/subject/36315468/
小说,大师与玛格丽特,米·阿·布尔加科夫,中央编译出版社,2017-5,58,9.2,4482,https://book.douban.com/subject/27069991/
小说,周四推理俱乐部：活了两次的男人,[英] 理查德·奥斯曼,接力出版社,2022-12,58.00元,7.9,3291,https://book.douban.com/subject/36177409/
小说,围城,钱锺书,人民文学出版社,2017-6,36.00,9.3,15769,https://book.douban.com/subject/27070488/
小说,离开的季节,[美]凯莉·麦克马斯特斯,上海三联书店,2026-3,68.00,8.7,107,https://book.douban.com/subject/38367809/
小说,我叫刘跃进,刘震云,花城出版社,2022-7,55.00元,8.2,3462,https://book.douban.com/subject/36062391/
小说,来自新世界 （上下）,[日] 贵志祐介,上海译文出版社,2014-1,88.00元,9.0,18240,https://book.douban.com/subject/25752955/
小说,地海传奇1,[美] 厄休拉·勒古恩,江苏文艺出版社,2013-10-1,28.00元,8.7,5977,https://book.douban.com/subject/24882304/
小说,高堡奇人,[美] 菲利普·迪克,译林出版社,2017-10,39.80,7.5,5457,https://book.douban.com/subject/27039411/
小说,哈利·波特与密室,[英] J. K. 罗琳,人民文学出版社,2000-9,22.00元,9.0,137763,https://book.douban.com/subject/1039487/
小说,地下室手记,[俄] 陀思妥耶夫斯基,漓江出版社,2019-10-1,39.8,9.2,12224,https://book.douban.com/subject/34826113/
小说,底牌,[英] 阿加莎·克里斯蒂,新星出版社,2013-7,28.00元,8.1,12855,https://book.douban.com/subject/24852594/
小说,春宵苦短，少女前进吧！,[日]森见登美彦,四川文艺出版社,2020-10,45,8.4,9313,https://book.douban.com/subject/35125822/
小说,全员名侦探,[日] 大山诚一郎,文汇出版社,2025-9-13,49.90元,5.9,1436,https://book.douban.com/subject/37385177/
小说,谋杀前夜,核融炉,江苏凤凰文艺出版社,2025-5,58,7.7,692,https://book.douban.com/subject/37324560/
小说,忌物堂诡谈,[日] 三津田信三,江苏凤凰文艺出版社,2025-11,45.00元,6.1,568,https://book.douban.com/subject/37502926/
小说,星际战争,[英] 赫伯特·乔治·威尔斯,天津人民出版社,2020-1,42.00,8.0,289,https://book.douban.com/subject/34934864/
小说,小芳出嫁,伊北,重庆出版社,2025-6,59.00,8.7,64,https://book.douban.com/subject/37373374/
小说,星之继承者3,[英] 詹姆斯·P.霍根,新星出版社,2021-4,69.00元,7.2,2997,https://book.douban.com/subject/35385348/
小说,美洲之尘,[美] 珍妮·康明斯,花城出版社,2026-3,88.00元,,10,https://book.douban.com/subject/38240178/
小说,隐身人,[英] 赫伯特·乔治·威尔斯,天津人民出版社,2020-11,42.00元,7.6,167,https://book.douban.com/subject/35218478/
小说,别名格蕾丝,[加拿大] 玛格丽特·阿特伍德,上海译文出版社,2016-8,57.00元,8.8,3078,https://book.douban.com/subject/26270322/
小说,魔戒,[英] J.R.R.托尔金,上海人民出版社,2013-9,169.00元,9.5,13360,https://book.douban.com/subject/21979017/
小说,空屋,[日] 横山秀夫,上海文艺出版社,2021-3,59.80元,7.0,2065,https://book.douban.com/subject/35315150/
小说,卡拉马佐夫兄弟,陀思妥耶夫斯基,上海译文出版社,2011-5-1,CNY 55.00,9.6,8655,https://book.douban.com/subject/6313496/
小说,冥海花,吴昉,浙江文艺出版社,2026-3,56.00元,8.0,102,https://book.douban.com/subject/37843548/
小说,荒原狼,[德]赫尔曼·黑塞,上海译文出版社,2010-9,25.00元,8.9,25641,https://book.douban.com/subject/4908883/
小说,三体全集,刘慈欣,重庆出版社,2012-1,168.00元,9.5,216881,https://book.douban.com/subject/6518605/
小说,状元媒,叶广芩,北京十月文艺出版社,2012-4-1,39.50元,8.8,4089,https://book.douban.com/subject/10556006/
小说,芙蓉镇,古华,人民文学出版社,2019-1-1,29.00元,8.8,3388,https://book.douban.com/subject/30485020/
小说,孤岛的来访者,[日] 方丈贵惠,新星出版社,2023-4,49.00元,7.7,7980,https://book.douban.com/subject/36284336/
小说,呼啸山庄,[英] 艾米莉·勃朗特、[法]埃德蒙·杜拉克 绘,江苏凤凰文艺出版社,2023-1,88.00元,8.0,1385,https://book.douban.com/subject/35703541/
小说,エレファントヘッド,白井智之,角川书店,2023-9-26,JPY 2145,8.8,8665,https://book.douban.com/subject/36497658/
小说,逝灭之壳,[英]尼古拉斯·布莱克（Nicholas Blake）,外语教学与研究出版社,2023-12,66.00元,8.3,324,https://book.douban.com/subject/36397045/
小说,人世间,梁晓声,中国青年出版社,2017-11-1,238.00元,8.1,11776,https://book.douban.com/subject/30134582/
小说,未来学大会,[波] 斯坦尼斯瓦夫·莱姆,译林出版社,2021-8,42.00元,9.0,14626,https://book.douban.com/subject/35330057/
小说,残次品,Priest,江苏凤凰文艺出版社,2018-12,85.00元,8.6,9836,https://book.douban.com/subject/30384054/
小说,铁血残明,柯山梦,,柯山梦,2020-2-2,9.3,459,https://book.douban.com/subject/35219052/
小说,无人生还,[英] 阿加莎・克里斯蒂,人民文学出版社,2008-3,19.00,9.0,168442,https://book.douban.com/subject/3006581/
小说,路边野餐,[俄] 阿卡迪·斯特鲁伽茨基、[俄] 鲍里斯·斯特鲁伽茨基,河南文艺出版社,2021-5,42.00元,7.8,3741,https://book.douban.com/subject/35443156/
小说,天龙八部,金庸,生活·读书·新知三联书店,1994-5,96.00元,9.2,141139,https://book.douban.com/subject/1255625/
小说,疼痛部,[荷] 杜布拉夫卡·乌格雷西奇,北京日报出版社,2023-5,54.00元,8.6,12699,https://book.douban.com/subject/36206462/
小说,名侦探的守则,[日]东野圭吾,南海出版公司,2026-1,59.00元,7.4,64,https://book.douban.com/subject/37507462/
小说,龙头凤尾,马家辉,四川文艺出版社,2016-10,59.00,7.7,7481,https://book.douban.com/subject/26870405/
小说,双盲,[英] 爱德华·圣奥宾,上海译文出版社,2026-4,72,9.1,22,https://book.douban.com/subject/37892521/
小说,骗子律师,[英] 史蒂夫·卡瓦纳,百花文艺出版社,2024-8,48,7.8,744,https://book.douban.com/subject/36865960/
小说,象棋的故事,[奥] 斯蒂芬·茨威格,上海译文出版社,2007-7,23.00元,9.1,14706,https://book.douban.com/subject/2158684/
小说,兄弟（上）,余华,上海文艺出版社,2005-8,16.00元,8.4,90176,https://book.douban.com/subject/1401425/
小说,死亡约会,[英] 阿加莎·克里斯蒂 (Dame Agatha Christie),新星出版社,2014-9,28.00元,7.6,7152,https://book.douban.com/subject/25961788/
小说,德米安,[德] 赫尔曼·黑塞,译林出版社,2022-8,42.00,8.6,4553,https://book.douban.com/subject/35947071/
小说,99%诱拐,[日] 冈岛二人,化学工业出版社,2020-11,48.00元,7.9,7817,https://book.douban.com/subject/35217275/
小说,长夜难明 : 双星,紫金陈,湖南文艺出版社,2024-1,65.00元,6.3,4891,https://book.douban.com/subject/36480672/
小说,凶人馆谜案,[日] 今村昌弘,北京联合出版公司,2022-9,52.00元,7.4,5539,https://book.douban.com/subject/36032438/
小说,白,[韩国] 韩江、陈允然绘,四川文艺出版社,2022-9,49.8,7.2,9100,https://book.douban.com/subject/35965039/
小说,奇洛李维斯回信,清明谷雨,上海文化出版社,2025-7,55元,6.8,1828,https://book.douban.com/subject/37331626/
小说,温故一九四二,刘震云,花城出版社,2022-7,52.00元,8.8,4228,https://book.douban.com/subject/36062392/
小说,幽灵街区,[英] 米克·赫伦,新星出版社,2025-3,69.00元,8.6,685,https://book.douban.com/subject/37190726/
小说,玫瑰的名字,[意] 翁贝托·埃科,上海译文出版社,2020-5-1,89.00元,8.6,3451,https://book.douban.com/subject/26704404/
小说,断代,郭强生,民主与建设出版社,2018-6,42.00元,8.1,10283,https://book.douban.com/subject/30217599/
小说,同和里,王承志,上海文艺出版社,2016-7-1,49,8.6,712,https://book.douban.com/subject/26853189/
小说,面纱,(英)W.萨默塞特·毛姆,重庆出版社,2012-05-01,32.00元,8.8,89264,https://book.douban.com/subject/10560798/
小说,弄假成真,[英] 阿加莎·克里斯蒂,新星出版社,2016-5,32.00元,7.0,2877,https://book.douban.com/subject/26789637/
小说,肖申克的救赎,[美] 斯蒂芬·金,人民文学出版社,2006-7,29.90元,9.1,130484,https://book.douban.com/subject/1829226/
小说,山核桃大街谋杀案,[英] 阿加莎·克里斯蒂 (Dame Agatha Christie),新星出版社,2016-11,29.00元,6.6,2744,https://book.douban.com/subject/26899539/
小说,放学后,[日] 东野圭吾,南海出版公司,2017-9,45.00元,7.3,34635,https://book.douban.com/subject/27102207/
小说,鸽群中的猫,[英] 阿加莎·克里斯蒂,新星出版社,2015-2,29.00元,7.2,3042,https://book.douban.com/subject/26297045/
小说,老人与海,[美国] 欧内斯特·海明威,上海译文出版社,2009-6,20.00元,8.7,12163,https://book.douban.com/subject/3815129/
小说,猎魔人 卷一,[波兰] 安杰伊·萨普科夫斯基,重庆出版社,2020-8,72.80元,8.6,2904,https://book.douban.com/subject/35139961/
小说,凡人修仙传（1-10）,忘语,太白文艺出版社,2010-01,280.00元（全10册）,7.4,7591,https://book.douban.com/subject/4192766/
小说,逃离,[加] 艾丽丝·门罗,北京十月文艺出版社,2016-10,49.50元,8.6,14016,https://book.douban.com/subject/26863797/
小说,追诉时效倒计时,[日]  横山秀夫,北京日报出版社,2024-3-18,49.9,7.8,2386,https://book.douban.com/subject/36462621/
小说,群魔,[俄罗斯] 陀思妥耶夫斯基,译林出版社,2025-2,89.00元,9.4,542,https://book.douban.com/subject/37104180/
小说,上帝之灯,[美] 埃勒里·奎因,江苏凤凰文艺出版社,2026-4,69.90元,7.7,194,https://book.douban.com/subject/37897242/
小说,Pepe小姐的冒险故事,张兰岚,四川文艺出版社,2026-4,55.00元,9.0,63,https://book.douban.com/subject/38207505/
小说,残雪,海飞,浙江文艺出版社,2026-4,48.00元,8.9,28,https://book.douban.com/subject/38226981/
小说,它,[美] 斯蒂芬·金,湖南文艺出版社,2017-3,79.80元,7.9,4076,https://book.douban.com/subject/26954392/
小说,希腊棺材之谜,[美] 埃勒里·奎因、弗雷德里克·丹奈,新星出版社,2017-3,48.00元,8.0,9743,https://book.douban.com/subject/26941500/
小说,浓雾号角,[美] 雷·布拉德伯里,新星出版社,2025-10,49.00,9.5,93,https://book.douban.com/subject/37401895/
小说,白夜,[俄] 费奥多尔·陀思妥耶夫斯基,浙江文艺出版社,2020-4,35,8.7,8473,https://book.douban.com/subject/34990038/
小说,马桥词典,韩少功,北京十月文艺出版社,2017-10,45.00元,9.0,1425,https://book.douban.com/subject/27661872/
小说,金锁记,张爱玲,哈尔滨出版社,2005-6,13.5元,8.7,68700,https://book.douban.com/subject/3017857/
小说,吃瓜时代的儿女们,刘震云,长江文艺出版社,2017-11-1,48.00元,8.0,7274,https://book.douban.com/subject/27176647/
小说,三死,[俄] 列夫·托尔斯泰,人民文学出版社,2021-8,52.00元,8.8,617,https://book.douban.com/subject/35553358/
小说,岛上书店,[美] 加布瑞埃拉·泽文,江苏凤凰文艺出版社,2015-5-1,CNY 35.00,7.6,146703,https://book.douban.com/subject/26340138/
小说,我该走了吗,[美] 李翊云,上海译文出版社,2023-11,79,7.8,2972,https://book.douban.com/subject/36625151/
小说,白鹦鹉,[澳] 帕特里克·怀特,文汇出版社,2026-4,98,8.3,23,https://book.douban.com/subject/37938908/
小说,道诡异仙,狐尾的笔,狐尾的笔,三月兔亭有限公司,2025-1,7.7,811,https://book.douban.com/subject/37225730/
小说,生活在别处,米兰·昆德拉,上海译文出版社,2022-9,75.00,8.4,2032,https://book.douban.com/subject/35914070/
小说,心灵侦探城塚翡翠,相泽沙呼,人民文学出版社,2021-4,79.00,7.7,11638,https://book.douban.com/subject/35296788/
小说,带上她的眼睛,刘慈欣,四川科学技术出版社,2015-6,34.00,8.9,10636,https://book.douban.com/subject/26423329/
小说,白鹿原,陈忠实,人民文学出版社,1993-6,45.00,9.3,4411,https://book.douban.com/subject/27201243/
小说,杜撰集,[阿根廷] 豪·路·博尔赫斯,上海译文出版社,2015-6,23.00元,9.1,10154,https://book.douban.com/subject/25796061/
小说,橘子不是唯一的水果,[英] 珍妮特·温特森,北京联合出版公司,2018-3,49.00元,7.1,14927,https://book.douban.com/subject/27622171/
小说,霸王别姬,李碧华,新星出版社,2013-11,59.00元,9.2,22886,https://book.douban.com/subject/25737043/
小说,黎明之街,[日] 东野圭吾,南海出版公司,2018-2,49.50元,7.5,18614,https://book.douban.com/subject/27178063/
小说,万历侠影录,卢冠华,团结出版社,2026-4,98.00元,9.2,36,https://book.douban.com/subject/38448401/
小说,间奏曲,[爱尔兰] 萨莉·鲁尼,上海译文出版社,2026-6-15,79.00,,12,https://book.douban.com/subject/38368931/
小说,我们的我们,王陌书,上海文艺出版社,2026-5-10,65元,8.5,47,https://book.douban.com/subject/37291287/
小说,呼吸秋千,[德] 赫塔·米勒,贵州人民出版社,2023-2,68.00元,8.8,3862,https://book.douban.com/subject/36176988/
小说,侦破我的命案 2,[美] 克丽丝滕·佩林,北京联合出版公司,2026-5,59.8,7.1,43,https://book.douban.com/subject/37890099/
小说,快乐的死,（法国）阿尔贝·加缪,唐洋洋,山东文艺出版社,2026-5-27,8.0,93,https://book.douban.com/subject/38434911/
小说,明亮珍贵之物,[美]盖尔·考德威尔,何雨珈,上海文艺出版社,2026-5-4,9.0,31,https://book.douban.com/subject/37856395/
小说,高智商犯罪2,紫金陈,中国电影出版社,2014-3,29.80元,7.3,12713,https://book.douban.com/subject/25827236/
小说,The Deal,Elle Kennedy、艾尔·肯尼迪,CreateSpace Independent Publishing Platform,2016-9-25,USD 15.00,6.5,86,https://book.douban.com/subject/26940276/
小说,骆驼祥子,老舍,人民文学出版社,2018-4,26,9.4,2941,https://book.douban.com/subject/30648231/
小说,瘟疫之夜,[土耳其] 奥尔罕·帕慕克,上海人民出版社,2022-10,89.00元,7.6,1490,https://book.douban.com/subject/36016812/
小说,伊万·伊利奇之死,[俄] 列夫·托尔斯泰,天津人民出版社,2023-5,39.80元,9.0,4329,https://book.douban.com/subject/36366027/
小说,龙文身的女孩,[瑞典] 斯蒂格·拉森、斯蒂格·拉赫松,人民文学出版社,2010-3,39.90元,8.5,17290,https://book.douban.com/subject/4292149/
小说,地球上最后的夜晚,[智利] 罗贝托·波拉尼奥,上海人民出版社,2013-4-1,45.00元,8.3,17622,https://book.douban.com/subject/20501761/
小说,她厌男，她是我女友,[韩] 闵智炯,中国友谊出版公司,2023-5-25,48.00元,7.2,14529,https://book.douban.com/subject/36256156/
小说,荒原狼,[德] 赫尔曼·黑塞,浙江文艺出版社,2023-3,59.8,8.7,9926,https://book.douban.com/subject/36214250/
小说,镇魂,Priest,贵州人民出版社,2019-5,49.80元,7.9,25378,https://book.douban.com/subject/33456675/
小说,自由,[美] 乔纳森·弗兰岑,南海出版公司,2012-5,49.50元,8.4,7209,https://book.douban.com/subject/10569619/
小说,她控诉,[德] 费迪南德·冯·席拉赫,天津人民出版社,2026-3,49.80元,8.1,92,https://book.douban.com/subject/38202650/
小说,白色巨塔,[日] 山崎丰子,青岛出版社,2020-6,169.00元,9.1,3569,https://book.douban.com/subject/25981996/
小说,伤心咖啡馆之歌,[美]卡森·麦卡勒斯,天津人民出版社,2018-8,32.00元,7.7,356,https://book.douban.com/subject/30292580/
小说,黑桃A的诅咒,[日] 鲇川哲也,江苏凤凰文艺出版社,2025-12-25,59.90元,6.3,559,https://book.douban.com/subject/37502927/
小说,莫失莫忘,[英] 石黑一雄,上海译文出版社,2023-10,88.00元,8.8,2057,https://book.douban.com/subject/36536787/
小说,绝对不在场证明,大山诚一郎,上海文艺出版社,2020-5,36.00元,7.2,13902,https://book.douban.com/subject/34998167/
小说,美丽新世界,［英］阿道司•赫胥黎,江苏凤凰文艺出版社,2021-10,39.80元,8.7,692,https://book.douban.com/subject/35623892/
小说,芳华,[美国] 严歌苓,人民文学出版社,2017-4,39.00元,8.2,44301,https://book.douban.com/subject/27010212/
小说,杀夫,李昂,云南人民出版社,1987-12,1.10,8.5,4588,https://book.douban.com/subject/1760488/
小说,Wuthering Heights,Emily Bronte,Wordsworth Editions Ltd,1992-5-1,GBP 1.99,8.7,1370,https://book.douban.com/subject/1705123/
小说,每个人,[法] 让-保罗·杜波瓦,上海人民出版社,2024-7,59.00,8.3,694,https://book.douban.com/subject/36890679/
小说,鬼笑石,呼延云,新星出版社,2025-4,99.00元,7.7,3876,https://book.douban.com/subject/37268610/
小说,苏菲的世界,[挪威] 乔斯坦·贾德,作家出版社,2017-8,38.00元,9.0,15338,https://book.douban.com/subject/27172839/
小说,大地三部曲,[美]赛珍珠,北京联合出版公司,2019-10,148.00（全三册）,8.1,1455,https://book.douban.com/subject/34438695/
小说,不安的处境,[津巴布韦] 齐西·丹加伦芭,九州出版社,2025-4,68.00元,8.7,454,https://book.douban.com/subject/37262555/
小说,占星术杀人魔法,[日] 岛田庄司,新星出版社,2022-8,49.00元,8.1,5615,https://book.douban.com/subject/35880252/
小说,19年间谋杀小叙,那多,人民文学出版社,2018-7,59.00元,8.0,41784,https://book.douban.com/subject/30237176/
小说,明朝那些事儿（1-9）,当年明月,中国海关出版社,2009-4,358.20元,9.2,203454,https://book.douban.com/subject/3674537/
小说,血色子午线,[美] 科马克·麦卡锡,九州出版社,2018-11,66.00元,8.4,1420,https://book.douban.com/subject/30262584/
小说,平凡的世界,路遥,北京十月文艺出版社,2017-5,108.00元,9.0,5125,https://book.douban.com/subject/27186298/
小说,崔老道捉妖,天下霸唱,中国文联出版社,2018-1,59.50元,7.2,1294,https://book.douban.com/subject/30156396/
小说,双城记,[英] 查尔斯·狄更斯,译林出版社,2020-6,45.00元,9.2,4602,https://book.douban.com/subject/35014816/
小说,尸人庄谜案,[日] 今村昌弘,北京联合出版公司,2019-9,48.00,6.9,13128,https://book.douban.com/subject/30396712/
小说,深红之土Ⅱ,桉柏,中信出版社,2025-9,55.00元,8.4,3662,https://book.douban.com/subject/37348570/
小说,风起陇西,马伯庸,山西人民出版社,2011-1,29.80元,8.0,14424,https://book.douban.com/subject/6025373/
小说,宋慈洗冤笔记 2,巫童,四川文艺出版社,2023-10-1,58.00,7.8,4136,https://book.douban.com/subject/36540442/
小说,胰脏物语,[日] 住野夜,花城出版社,2023-4-23,48.00,7.5,585,https://book.douban.com/subject/36211942/
小说,悠悠岁月,[法] 安妮·埃尔诺,人民文学出版社,2021-6-1,39.00元,7.9,5758,https://book.douban.com/subject/35273140/
小说,头号书迷,(美)斯蒂芬·金,上海文艺出版社,2013-12-1,28.00,8.5,2336,https://book.douban.com/subject/25728473/
小说,这届和亲的公主不行,石佳,中国致公出版社,2019-8,35.00元,7.1,445,https://book.douban.com/subject/34799834/
小说,马丁·伊登,[美] 杰克·伦敦,上海译文出版社,2006-8,16.00元,8.7,1863,https://book.douban.com/subject/1883354/
小说,盗墓笔记2,南派三叔,中国友谊出版公司,2007-4,26.80元,8.2,46217,https://book.douban.com/subject/2057285/
小说,沙漠,[日] 伊坂幸太郎,新星出版社,2020-2,58.00,8.1,2411,https://book.douban.com/subject/34438686/
小说,当我们谈论爱情时我们在谈论什么,[美] 雷蒙德·卡佛,译林出版社,2010-1,22.00元,7.9,47866,https://book.douban.com/subject/4010969/
小说,莫泊桑短篇小说精选,[法] 莫泊桑,浙江文艺出版社,2016-4-1,32.00元,9.1,4238,https://book.douban.com/subject/26773323/
小说,罐头厂街,约翰·斯坦贝克,人民文学出版社,2019-3,35.00,8.3,2418,https://book.douban.com/subject/30388863/
小说,一个人的战争,林白,北京十月文艺出版社,2024-10,49.00元,7.8,822,https://book.douban.com/subject/37107555/
小说,岛,〔英〕维多利亚•希斯洛普,南海出版公司,2015-3-1,39.50,7.8,4075,https://book.douban.com/subject/26331491/
小说,奥古斯都,[美] 约翰·威廉斯,上海人民出版社,2018-5,65.00元,9.2,10042,https://book.douban.com/subject/27180479/
小说,巴马修道院,[法] 司汤达,人民文学出版社,2024-5,78.00元,8.6,63,https://book.douban.com/subject/36743921/
小说,船讯,[美] 安妮·普鲁,人民文学出版社,2021-3-31,58.00元,8.1,355,https://book.douban.com/subject/35380286/
小说,玄鉴仙族,季越人,江苏凤凰文艺出版社,2025-8,49.8,7.6,283,https://book.douban.com/subject/37482144/
小说,青蛇,李碧华,天津人民出版社,2005-1,16.00元,8.4,20551,https://book.douban.com/subject/1261153/
小说,沉睡的人,[法] 乔治·佩雷克,人民文学出版社,2026-2,39,7.9,100,https://book.douban.com/subject/37525508/
小说,死了七次的男人,[日] 西泽保彦,新星出版社,2017-7,36.00,7.7,10243,https://book.douban.com/subject/27055125/
小说,教父 2,[美] 马里奥·普佐,江苏文艺出版社,2014-4,42.00元,8.4,8896,https://book.douban.com/subject/25762007/
小说,冬泳,班宇,上海三联书店,2018-9,49.00元,7.9,43346,https://book.douban.com/subject/30362170/
小说,逍遥游,班宇,春风文艺出版社,2020-5,58.00元,7.5,9781,https://book.douban.com/subject/34940823/
小说,茶馆,老舍,南海出版公司,2010-3-1,25.00元,9.3,8782,https://book.douban.com/subject/4275058/
小说,狂乱,[法] 弗朗索瓦丝·萨冈,浙江人民出版社,2025-10,52.00元,8.4,587,https://book.douban.com/subject/36999812/
小说,大厂小民,张小满,文汇出版社,2026-3,59,8.5,930,https://book.douban.com/subject/38208793/
小说,牛虻,[爱尔兰] 埃·莉·伏尼契,译林出版社,2011-7-18,28.00元,8.9,4777,https://book.douban.com/subject/6732523/
小说,Z的悲剧,[美] 埃勒里·奎因,河南文艺出版社,2024-10,59.9,6.9,1036,https://book.douban.com/subject/36831766/
小说,哲瑞·雷恩的最后一案,[美] 埃勒里·奎因,河南文艺出版社,2025-2-22,79.90元,7.4,774,https://book.douban.com/subject/37081687/
小说,三国机密（下）,马伯庸,江苏人民出版社,2012-8,36.00元,7.8,5602,https://book.douban.com/subject/11534920/
小说,她死去的那一晚,[日] 西泽保彦,新星出版社,2015,28.00元,7.5,5019,https://book.douban.com/subject/26373943/
小说,500个目击者,[日]大山诚一郎,北京日报出版社,2022-12,42.00元,6.9,4122,https://book.douban.com/subject/36122559/
小说,鱼不存在,[美] 露露·米勒,湖南文艺出版社,2022-9,59.80元,8.3,13476,https://book.douban.com/subject/36096300/
小说,愤怒的葡萄,[美] 约翰·斯坦贝克,文汇出版社,2026-2-5,66.00元,9.1,123,https://book.douban.com/subject/38232544/
小说,想象海,朱岳,北京联合出版公司,2024-6,38,8.1,1178,https://book.douban.com/subject/36827927/
小说,猎魔人（卷三）,[波兰] 安杰伊·萨普科夫斯基,重庆出版社,2020-8,72.80元,8.9,1469,https://book.douban.com/subject/35139963/
小说,她的第三种生活,[俄] 玛丽娜·斯杰普诺娃,贵州人民出版社,2025-8,78.00元,8.5,136,https://book.douban.com/subject/37071226/
小说,死者,杨武能 编、[奥]施尼茨勒、卡夫卡、[爱尔兰]乔伊斯、[英]劳伦斯、[美]亨利·詹姆斯、[匈]莫里兹,贵州人民出版社,1997,19.80元,8.8,344,https://book.douban.com/subject/3073277/
小说,老残游记,[清] 刘鹗,人民文学出版社,1982-4,13.50元,8.1,8090,https://book.douban.com/subject/1119590/
小说,金山的成色,[美] 张辰极,上海译文出版社,2024-4,69,7.7,1343,https://book.douban.com/subject/36818128/
小说,恶魔吹着笛子来,横沟正史,珠海出版社,1999-05-01,15元,7.9,5759,https://book.douban.com/subject/1263186/
小说,灯花笑·花时恨,千山茶客,江苏凤凰文艺出版社,2024-11,69.8元,8.0,1689,https://book.douban.com/subject/37109070/
小说,熔炉,[韩] 孔枝泳,北京联合出版公司,2020-4,58,9.3,5141,https://book.douban.com/subject/34970373/
小说,在轮下,[德] 赫尔曼·黑塞,上海译文出版社,2021-4,42.00元,8.7,9632,https://book.douban.com/subject/35438728/
小说,草房子,曹文轩,江苏少年儿童出版社,2009-6,18.00元,9.0,63196,https://book.douban.com/subject/1052990/
小说,启示路,G.E.M.邓紫棋,北京联合出版公司,2025-7,89.00元,9.3,1043,https://book.douban.com/subject/37398293/
小说,诡计博物馆,[日] 大山诚一郎,上海文艺出版社,2020-6,39.90元,7.2,18131,https://book.douban.com/subject/35016085/
小说,鲁滨逊漂流记,[英国] 丹尼尔·笛福,译林出版社,2020-11,39.00元,8.2,3907,https://book.douban.com/subject/35300658/
小说,聋哑时代,双雪涛,广西师范大学出版社,2020-4,54.00,8.1,14544,https://book.douban.com/subject/34969942/
小说,夜莺,[美]克莉丝汀·汉娜,北京联合出版公司,2021-11-1,68.00元,8.9,5391,https://book.douban.com/subject/35611194/
小说,猫的摇篮,[美]库尔特·冯内古特,海南出版社,2023-8-15,65,8.2,954,https://book.douban.com/subject/36402143/
小说,毕业,[日]东野圭吾,南海出版公司,2019-3,49.50元,7.2,10039,https://book.douban.com/subject/30317422/
小说,独居的一年,[美] 约翰·欧文,江苏凤凰文艺出版社,2017-8-1,68.00,8.0,16171,https://book.douban.com/subject/27036317/
小说,家守绮谭,[日] 梨木香步,广西师范大学出版社,2025-9,49.00元,8.5,499,https://book.douban.com/subject/37462177/
小说,钢铁是怎样炼成的,[苏] 奥斯特洛夫斯基,人民文学出版社,2015-1,35.00元,8.2,4006,https://book.douban.com/subject/25837865/
小说,明明不是我！,[日] 浅仓秋成,广东旅游出版社,2024-5-25,59.00,6.7,1169,https://book.douban.com/subject/36711731/
小说,醒世恒言（上下）,冯梦龙,人民文学出版社,1994-10,19.10,8.1,3980,https://book.douban.com/subject/1119476/
小说,诡舍,夜来风雨声,江苏凤凰文艺出版社,2025-3,49.80元,5.8,575,https://book.douban.com/subject/37156710/
小说,夜色人生,[美] 丹尼斯·勒翰,江苏凤凰文艺出版社,2016-10-15,49.90元,8.1,3832,https://book.douban.com/subject/26787935/
小说,封神演义,许仲琳,人民文学出版社,1997-05,38.00,7.7,7873,https://book.douban.com/subject/1009938/
小说,草原动物园,马伯庸,中信出版社,2017-3,48.00元,7.6,4577,https://book.douban.com/subject/26956479/
小说,冰与火之歌（卷一）,[美] 乔治·R. R. 马丁,重庆出版社,2005-5,68.00元,9.3,38283,https://book.douban.com/subject/1336330/
小说,失明症漫记,[葡] 若泽·萨拉马戈,河南文艺出版社,2022-8,66,8.9,27702,https://book.douban.com/subject/35984787/
小说,狮子之家的点心日,[日] 小川糸,湖南文艺出版社,2021-4-9,49.80,7.9,9363,https://book.douban.com/subject/35390395/
小说,闪闪发光的人生,[日]小川糸,湖南文艺出版社,2019-1-31,48.00元,7.4,14256,https://book.douban.com/subject/30255971/
小说,时空旅行者的沙漏,[日] 方丈贵惠,新星出版社,2021-5,48.00,7.5,7917,https://book.douban.com/subject/35430467/
小说,如梦令,何大草,上海文艺出版社,2026-1,49.00,6.6,39,https://book.douban.com/subject/38218963/
小说,背叛,豆豆,作家出版社,2025-10,58.00元,7.1,197,https://book.douban.com/subject/37651612/
小说,重力小丑,[日] 伊坂幸太郎,新星出版社,2015-4,35.00,8.2,9991,https://book.douban.com/subject/26359751/
小说,甲申前夜·大晦,刘鹤,中华书局,2024-4,78.00元,8.1,915,https://book.douban.com/subject/36897341/
小说,被杀死的真理子,[日] 今村昌弘,北京联合出版公司,2025-11,56,6.3,687,https://book.douban.com/subject/37360862/
小说,猴与虎,[荷] 高罗佩,上海译文出版社,2026-4,35,8.1,14,https://book.douban.com/subject/38228857/
小说,呐喊,鲁迅,人民文学出版社,1973-3,0.36元,9.2,178183,https://book.douban.com/subject/1449351/
小说,密室殺人ゲーム王手飛車取り,[日] 歌野晶午,講談社,2007年01月,"JPY1,040円（税込）",7.7,848,https://book.douban.com/subject/3622900/
小说,密室殺人ゲーム2.0,[日] 歌野晶午,講談社,2009-8,"1,155円（税込）",8.3,757,https://book.douban.com/subject/4111906/
小说,光明王,[美] 罗杰·泽拉兹尼,北京联合出版公司,2015-3-15,49.90元,8.5,4449,https://book.douban.com/subject/25891911/
小说,老实人,[法] 伏尔泰,上海译文出版社,2017-8,32.00元,8.3,2214,https://book.douban.com/subject/27108920/
小说,黄金时代,王小波,北京十月文艺出版社,2021-6,59.00元,9.0,6031,https://book.douban.com/subject/34947576/
小说,黑麦奇案,[英] 阿加莎·克里斯蒂,新星出版社,2018-4,39.00,7.8,4160,https://book.douban.com/subject/30174285/
小说,我是钱,郑渊洁,郑渊洁,太白文艺出版社,2024-9,8.5,91,https://book.douban.com/subject/37042832/
小说,恶意,[日] 东野圭吾,南海出版公司,2009-6,18.00,8.5,243515,https://book.douban.com/subject/3646172/
小说,南方与北方,[英] 伊丽莎白·盖斯凯尔,文汇出版社,2026-2-5,69.00元,8.6,188,https://book.douban.com/subject/37480330/
小说,大哥（上）,Priest,上海人民美术出版社,2016-3-1,CNY 32.00,8.3,7906,https://book.douban.com/subject/26780911/
小说,白雪猪头,苏童,上海文艺出版社,2012-8,30.00元,8.4,1142,https://book.douban.com/subject/11591743/
小说,苔蕾丝·德斯盖鲁,[法] 弗朗索瓦·莫里亚克,江苏凤凰文艺出版社,2023-11,52,8.5,1239,https://book.douban.com/subject/36432528/
小说,东方快车谋杀案,[英]阿加莎·克里斯蒂,新星出版社,2025-5,65.00元,9.2,38,https://book.douban.com/subject/37342889/
小说,加缪文集,[法] 阿尔贝·加缪,崔征、罗文钰、沈逸舟、宋傲,浙江人民出版社,218.00元,,57,https://book.douban.com/subject/37468619/
小说,滔滔生活,[韩]金爱烂,人民文学出版社,2022-10-15,45.00元,8.4,16675,https://book.douban.com/subject/36109148/
小说,安娜·卡列尼娜,[俄] 列夫·托尔斯泰,天津人民出版社,2019-5,145.00元,9.3,1260,https://book.douban.com/subject/33376836/
小说,云边有个小卖部,张嘉佳,湖南文艺出版社,2018-7,42.00元,7.3,98965,https://book.douban.com/subject/30254298/
小说,白日提灯,黎青燃,四川文艺出版社,2023-10,69.8,7.4,579,https://book.douban.com/subject/36508404/
小说,枯枝败叶,[哥伦比亚] 加西亚·马尔克斯,南海出版公司,2013-1,25.00元,7.9,15123,https://book.douban.com/subject/20392525/
小说,单挑,伊坂幸太郎,新星出版社,2015-2,26,7.1,2777,https://book.douban.com/subject/26283162/
小说,鸟儿如雨般落下,[加拿大] 乔斯琳·索西尔,九州出版社,2025-12,49.80元,8.2,224,https://book.douban.com/subject/37305380/
小说,另一个悟空的西游记,苗子兮,广西师范大学出版社,2025-11,76,8.6,373,https://book.douban.com/subject/37820388/
小说,ナッハツェーラーの城,倉野憲比古,倉野憲比古,中央公論新社,2026-3-24,,93,https://book.douban.com/subject/38242369/
小说,书记员巴托比,赫尔曼·梅尔维尔,湖南文艺出版社,2026-4,49.80元,8.9,54,https://book.douban.com/subject/37931233/
小说,裸体午餐,(美)威廉·巴勒斯,作家出版社,2013-5,29.80元,7.1,846,https://book.douban.com/subject/20499704/
小说,晚明,柯山梦,,柯山梦,2012-8,9.0,1406,https://book.douban.com/subject/35383720/
小说,过江梦,张伯驹 著、荣宏君 编,张伯驹 著、荣宏君 编,人民文学出版社,2026-1,8.1,21,https://book.douban.com/subject/37830741/
小说,小红帽捡到匹诺曹后，遇见了……,[日] 青柳碧人,湖南文艺出版社,2025-5,52.00元,6.6,653,https://book.douban.com/subject/37271276/
小说,最后一人,[韩] 金息,国际文化出版公司,2023-7,49.80元,9.1,1923,https://book.douban.com/subject/36445274/
小说,射雕英雄传,金庸,生活·读书·新知三联书店,1999-04,47.00元,9.1,92617,https://book.douban.com/subject/1044547/
小说,马可瓦尔多,[意] 伊塔洛·卡尔维诺,译林出版社,2020-1,42.00元,8.9,26276,https://book.douban.com/subject/34799583/
小说,雪国,[日本] 川端康成,南海出版公司,2013-9-15,CNY 32.00,8.1,57655,https://book.douban.com/subject/24736899/
小说,罗生门,[日] 芥川龙之介,云南人民出版社,2015-8-7,68.00元,9.1,15532,https://book.douban.com/subject/26627837/
小说,沉默的巡游,[日] 东野圭吾,南海出版公司,2020-3,59.00元,7.2,29734,https://book.douban.com/subject/34786086/
小说,小狗钱钱,[德] 博多·舍费尔,中信出版集团,2021-2,39.80元,9.2,33111,https://book.douban.com/subject/35295592/
小说,海边的房间,黄丽群,河南文艺出版社,2021-8,56,7.7,22641,https://book.douban.com/subject/35459915/
小说,我胆小如鼠,余华,江苏凤凰文艺出版社,2024-7-30,49.90元,6.7,8619,https://book.douban.com/subject/36727318/
小说,月亮和六便士,[英] 毛姆,上海译文出版社,2006-8,15.00元,8.9,225154,https://book.douban.com/subject/1858513/
小说,温柔的讲述者,[波兰] 奥尔加·托卡尔丘克,浙江文艺出版社,2026-1,62.00元,8.7,314,https://book.douban.com/subject/37447239/
小说,迷宫中的人,[意] 多纳托·卡瑞西,上海译文出版社,2023-4,68.00元,7.5,490,https://book.douban.com/subject/35959641/
小说,人性记录,[英] 阿加莎·克里斯蒂,新星出版社,2014-1,28.00元,7.8,8204,https://book.douban.com/subject/25811656/
小说,恶行,[德]费迪南德·冯·席拉赫,南海出版公司,2024-1,59.00元,8.1,1946,https://book.douban.com/subject/36315056/
小说,情书,[日] 岩井俊二,南海出版公司,2018-6,45.00元,8.9,16312,https://book.douban.com/subject/30230525/
小说,巧克力与佛,七堇年,新星出版社,2025-9,59.00元,7.2,965,https://book.douban.com/subject/37407149/
小说,北京法源寺,李敖,东方出版社,2025-2-1,49.80,8.9,668,https://book.douban.com/subject/37204500/
小说,遗忘通论,[安哥拉] 若泽·爱德华多·阿瓜卢萨,上海人民出版社,2020-4,59.00元,8.5,4716,https://book.douban.com/subject/34969956/
小说,第六病室,[俄] 契诃夫,上海译文出版社,2022-12,56.00,9.1,1361,https://book.douban.com/subject/36145009/
小说,异星危机,[美] 玛莎·威尔斯,北京联合出版公司,2022-2,49.00元,7.1,844,https://book.douban.com/subject/35677787/
小说,兄弟,余华,作家出版社,2012-9-1,43.00元,8.5,90453,https://book.douban.com/subject/20441957/
小说,一把扭曲的匕首,[英] 安东尼·霍洛维茨,新星出版社,2024-7,59.00元,7.2,1436,https://book.douban.com/subject/36866221/
小说,七个证人,[日] 西村京太郎,新星出版社,2024-7,52.00元,7.3,5465,https://book.douban.com/subject/36826819/
小说,高丘亲王航海记,[日]涩泽龙彦,广西师范大学出版社,2019-1-1,46,8.6,1310,https://book.douban.com/subject/30312117/
小说,开头,海子,人民文学出版社,2026-3,55.00元,7.3,109,https://book.douban.com/subject/38393480/
小说,世界末日前的谋杀,[日] 荒木茜,北京日报出版社,2024-12-20,49.90元,7.1,6190,https://book.douban.com/subject/36952611/
小说,哥白尼博士,[爱尔兰] 约翰·班维尔,浙江文艺出版社,2026-1,68.00元,7.7,19,https://book.douban.com/subject/37854660/
小说,开普勒,[爱尔兰] 约翰·班维尔,浙江文艺出版社,2026-1,65.00元,8.0,13,https://book.douban.com/subject/37843546/
小说,平凡的世界（全三部）,路遥,北京十月文艺出版社,2021-6,138.00,9.1,8814,https://book.douban.com/subject/35493439/
小说,重逢,[英] 弗雷德·乌尔曼,理想国丨广西师范大学出版社,2019-4,42.00元,8.4,2603,https://book.douban.com/subject/30358510/
小说,卡拉马佐夫兄弟,陀思妥耶夫斯基,广西师范大学出版社,2025-3,268.00,9.6,437,https://book.douban.com/subject/37049498/
小说,破镜谋杀案,[英] 阿加莎·克里斯蒂,新星出版社,2014-10,29.00,7.6,3572,https://book.douban.com/subject/25986370/
小说,德伯家的苔丝,[英] 托马斯·哈代,广西师范大学出版社,2021-3,95.00,9.1,3212,https://book.douban.com/subject/35217834/
小说,黑铁时代,[南非] J.M.库切,四川文艺出版社,2024-4-16,62,8.4,406,https://book.douban.com/subject/36663631/
小说,玫瑰的名字,[意] 翁贝托·埃科,上海译文出版社,2010-03,33.00元,8.6,10641,https://book.douban.com/subject/3836566/
小说,北京折叠,浙江教育出版社,,浙江教育出版社,2023-6,6.8,1216,https://book.douban.com/subject/36392347/
小说,天气好的话，我会去找你,[韩]李到禹,太白文艺出版社,2025-11,79,7.9,193,https://book.douban.com/subject/37536783/
小说,苔丝（皮面名著典藏版）,[英] 托马斯·哈代,浙江文艺出版社,2026-1,178.00,9.1,26,https://book.douban.com/subject/37800255/
小说,诡秘之主 1,爱潜水的乌贼,新星出版社,2024-10,49.80元,8.2,262,https://book.douban.com/subject/36996604/
小说,挪威的森林,[日] 村上春树,上海译文出版社,2023-11,78元,8.8,1749,https://book.douban.com/subject/36532345/
小说,智者不入爱河,陈之遥,中信出版集团,2024-1,69.80,8.9,776,https://book.douban.com/subject/36720735/
小说,咖喱的女神,[日] 叶真中显,湖南文艺出版社,2025-6,49.8,6.6,2162,https://book.douban.com/subject/37275113/
小说,金色笔记,[英国] 多丽丝·莱辛,译林出版社,2024-9,138.00元,9.1,180,https://book.douban.com/subject/36890151/
小说,都柏林人,[爱尔兰] 詹姆斯·乔伊斯,江苏凤凰文艺出版社,2024-3-31,45元,8.6,1459,https://book.douban.com/subject/36698409/
小说,秦腔,贾平凹,作家出版社,2005-4,38.00元,7.9,11016,https://book.douban.com/subject/1281653/
小说,死屋手记,[俄] 陀思妥耶夫斯基,上海译文出版社,2015-1,45.00,8.8,8504,https://book.douban.com/subject/25887915/
小说,玻璃之锤,[日] 贵志祐介,北京日报出版社,2023-11-15,59.9,7.1,3118,https://book.douban.com/subject/36462589/
小说,将死未死的青,[日] 乙一,南海出版公司,2020-7,45.00元,7.5,9505,https://book.douban.com/subject/34856708/
小说,城堡,[奥] 弗兰茨·卡夫卡,天津人民出版社,2020-1,49.80元,9.0,7143,https://book.douban.com/subject/34856482/
小说,圣殿春秋,[英] 肯·福莱特,江苏凤凰文艺出版社,2018-7,188元,8.5,12750,https://book.douban.com/subject/30224833/
小说,游击队员,(英)V. S. 奈保尔,南海出版公司,2013-3,32.00元,7.0,351,https://book.douban.com/subject/20488772/
小说,我们的祖先,[意大利] 伊塔洛·卡尔维诺、吴正仪,译林出版社,2008-2,35.00元,9.4,5453,https://book.douban.com/subject/3025618/
小说,美中不足,[法] 莫泊桑,上海译文出版社,2025-12,58,7.6,70,https://book.douban.com/subject/37534844/
小说,虚掷的夏日,[意]詹弗兰科·卡利加里奇,南海出版公司,2023-9,49.00元,7.5,3580,https://book.douban.com/subject/36468894/
小说,假面山庄,[日] 东野圭吾,北京十月文艺出版社,2018-1,45,7.6,37288,https://book.douban.com/subject/27200261/
小说,看的恐惧,韩松,四川科学技术出版社,2025-8-1,52.00,7.2,96,https://book.douban.com/subject/37360206/
小说,水族馆之谜,[日] 青崎有吾,人民文学出版社,2018-5,48.00,7.0,4542,https://book.douban.com/subject/30159798/
小说,蝉时雨,[日] 藤泽周平,译林出版社,2018-8,65.00,8.8,1885,https://book.douban.com/subject/27169514/
小说,庆余年·壹,猫腻,中国友谊出版公司,2008-7,28.00元,8.0,20928,https://book.douban.com/subject/3155622/
小说,白鲸,[美] 赫尔曼·梅尔维尔,译林出版社,2025-5,88.00元,8.6,159,https://book.douban.com/subject/37227877/
小说,1Q84（全三册）,(日)村上春树,南海出版公司,2013-4,111.50元,8.2,11311,https://book.douban.com/subject/20428299/
小说,江南三部曲,格非,北京十月文艺出版社,2019-8-5,158.00元,8.1,6402,https://book.douban.com/subject/34461199/
小说,个人的体验,大江健三郎,浙江文艺出版社,2023-9,58.00元,8.3,804,https://book.douban.com/subject/36458911/
小说,士兵突击,兰晓龙,花山文艺出版社,2007-2,32.00元,9.0,6681,https://book.douban.com/subject/2026211/
小说,哈利·波特与魔法石,[英] J. K. 罗琳,人民文学出版社,2000-9,19.50元,9.2,196839,https://book.douban.com/subject/1041007/
小说,好骨头,[加] 玛格丽特·阿特伍德,河南文艺出版社,2023-2-15,39.9,8.1,5109,https://book.douban.com/subject/36161297/
小说,少数派报告,[美] 菲利普·迪克 (Philip K. Dick),江苏凤凰文艺出版社,2026-1,69.90元,7.8,126,https://book.douban.com/subject/37022487/
小说,绿房子,[秘鲁] 马里奥·巴尔加斯·略萨,人民文学出版社,2022-8,98.00元,8.4,1372,https://book.douban.com/subject/36074027/
小说,其主之声,[波] 斯坦尼斯瓦夫·莱姆,译林出版社,2021-8,46.00元,8.8,6832,https://book.douban.com/subject/35268281/
小说,比海更深,[日] 是枝裕和,北京联合出版公司,2018-3,42.00元,8.1,8261,https://book.douban.com/subject/27088048/
小说,豆子芝麻茶,杨本芬,广东人民出版社,2023-10,39.8,8.5,27955,https://book.douban.com/subject/36560856/
小说,古墓之谜,[英] 阿加莎·克里斯蒂 (Dame Agatha Christie),新星出版社,2014-6,28.00元,7.5,6039,https://book.douban.com/subject/25877121/
小说,綿羊偵探團,萊奧妮．史汪、Leonie Swann、莱奥妮·斯万,皇冠,2008年08月01日,NT 320,8.3,28,https://book.douban.com/subject/3143043/
小说,半泽直树 1,池井户润,现代出版社,2019-11,50.00元,8.1,2193,https://book.douban.com/subject/34428990/
小说,明智恭介的疑案,[日] 今村昌弘,北京联合出版公司,2025-11,59.00元,7.1,926,https://book.douban.com/subject/37367264/
小说,云游,[波兰] 奥尔加·托卡尔丘克,四川人民出版社,2020-1,55.00元,8.5,7836,https://book.douban.com/subject/34889883/
小说,环界3,[日] 铃木光司,南海出版公司,2017-1,39,8.1,4232,https://book.douban.com/subject/26907067/
小说,环界4,铃木光司,南海出版公司,2017-1-1,37,6.3,3274,https://book.douban.com/subject/26907068/
小说,大裂,胡迁,中信出版社,2026-2,48.00,7.7,88,https://book.douban.com/subject/38218962/
小说,见春天,纵虎嗅花,北京联合出版公司,2023-1,49.8元,7.5,3126,https://book.douban.com/subject/36091351/
小说,沧浪之水（插图典藏版）,阎真,湖南文艺出版社,2021-3,56.80,8.8,2094,https://book.douban.com/subject/35381435/
小说,谜底里的谜题,[日] 小川哲,北京联合出版公司,2025-6,45,7.5,177,https://book.douban.com/subject/37287145/
小说,阳光劫匪倒转地球,[日] 伊坂幸太郎,南海出版公司,2018-4,49.5,8.0,4299,https://book.douban.com/subject/27609210/
小说,包法利夫人,[法]福楼拜,上海译文出版社,2011-5-1,20.00元,9.0,9070,https://book.douban.com/subject/6313450/
小说,黑暗中飘香的谎言,[日] 下村敦史,湖南文艺出版社,2019-9,45.00元,7.8,2781,https://book.douban.com/subject/34792523/
小说,美国牧歌,[美] 菲利普·罗斯,上海译文出版社,2020-6,88.00元,8.4,466,https://book.douban.com/subject/35050677/
小说,極限返航,安迪.威爾,三采文化,2022-2-25,NT$480,,184,https://book.douban.com/subject/35680103/
小说,冰与火之歌,[美]乔治·R.R.马丁,重庆出版社,2013-10-1,330.00元,9.5,22039,https://book.douban.com/subject/25826936/
小说,太阳照常升起,海明威、赵静男,上海译文出版社,2004-6-1,17.00,7.9,5047,https://book.douban.com/subject/1174722/
小说,受戒,汪曾祺、王风,北京十月文艺出版社,2012-7,36.00元,9.3,9336,https://book.douban.com/subject/10794792/
小说,蓝另一种蓝,(日) 山本文绪,南海出版公司,2012-10,25.00元,7.7,10490,https://book.douban.com/subject/6885715/
小说,丧钟为谁而鸣,[美] 欧内斯特·海明威,上海译文出版社,2019-8,72.00,8.5,1554,https://book.douban.com/subject/33657708/
小说,宋慈洗冤笔记 3,巫童,四川文艺出版社,2024-4,58.00元,7.8,3227,https://book.douban.com/subject/36809032/
小说,刀锋,[英] 毛姆、[英国] 威廉·萨默塞特·毛姆,北京日报出版社,2023-2,76.00元,9.1,2662,https://book.douban.com/subject/36177611/
小说,六小时后你会死,[日] 高野和明,中国友谊出版公司,2024-1,59.00元,6.9,4297,https://book.douban.com/subject/36628430/
小说,惨败,[波] 斯坦尼斯瓦夫·莱姆,译林出版社,2021-8,58.00元,9.0,2493,https://book.douban.com/subject/35268282/
小说,走在蓝色的田野上,[爱尔兰] 克莱尔·吉根,人民文学出版社,2017-11,39.00,8.5,3425,https://book.douban.com/subject/27140011/
小说,我的帝王生涯,苏童,人民文学出版社,2024-9,48.00元,7.7,1080,https://book.douban.com/subject/37050140/
小说,喜鹊谋杀案,[英] 安东尼·霍洛维茨,新星出版社,2019-6,69.00元,7.4,19800,https://book.douban.com/subject/33445034/
小说,月亮和六便士,[英] 毛姆,上海译文出版社,2009-10,32.00元,9.1,61949,https://book.douban.com/subject/4123116/
小说,秘密,全勇先,人民文学出版社,2025-12,49.00元,7.8,49,https://book.douban.com/subject/38233742/
小说,野狗骨头,休屠城,北京联合出版公司,2024-9,54.8,6.8,852,https://book.douban.com/subject/36954809/
小说,嫌疑人X的献身,[日] 东野圭吾,南海出版公司,2022-5,59.00元,9.1,2836,https://book.douban.com/subject/35718847/
小说,禁忌之子,山口未櫻,獨步文化,2026-1,NT$480,,41,https://book.douban.com/subject/37851855/
小说,梦托邦,[日] 结城真一郎,新星出版社,2025-11,56.00元,6.9,219,https://book.douban.com/subject/37321256/
小说,树上的男爵,[意] 伊塔洛·卡尔维诺,译林出版社,2019-8,52.00元,9.0,2975,https://book.douban.com/subject/34431931/
历史,安史之乱,张诗坪、胡可奇,上海人民出版社,2025-8,138.00元,9.1,2183,https://book.douban.com/subject/37118766/
历史,康熙的红票,孙立天,商务印书馆,2024-3,78,9.3,16410,https://book.douban.com/subject/36794613/
历史,历史中的大与小,马伯庸,湖南文艺出版社,2025-12-31,56,7.5,2952,https://book.douban.com/subject/37869944/
历史,逐鹿,张诗坪,岳麓书社,2026-4,78,9.0,277,https://book.douban.com/subject/38392887/
历史,历史缝隙里的人,郑小悠,生活·读书·新知三联书店,2026-3,79.00元,7.8,208,https://book.douban.com/subject/37940383/
历史,抵达世界的尽头,[德] 雷蒙德·舒尔茨,北京科学技术出版社,2026-4,138.00元,9.4,117,https://book.douban.com/subject/37489328/
历史,甲午,沙青青,奇遇时刻｜广西师范大学出版社,2026-4,59,8.6,139,https://book.douban.com/subject/38410337/
历史,万历十五年,[美] 黄仁宇,生活·读书·新知三联书店,1997-5,18.00元,9.0,218339,https://book.douban.com/subject/1041482/
历史,中世纪城市生活,[美] 弗朗西丝·吉斯、[美] 约瑟夫·吉斯,北京联合出版公司,2026-3,112.00元,9.1,175,https://book.douban.com/subject/37925547/
历史,河山,施展,湖南文艺出版社,2026-3-30,108.00元,8.2,232,https://book.douban.com/subject/38406567/
历史,情奔何处,何其亮,广东人民出版社,2026-4,78.00元,8.8,112,https://book.douban.com/subject/38214213/
历史,翦商,李硕,广西师范大学出版社,2022-10,99.00元,8.8,38936,https://book.douban.com/subject/36096304/
历史,英格兰人民及其历史,(英) 罗伯特·图姆斯,民主与建设出版社,2026-2,218.00元,9.4,139,https://book.douban.com/subject/37898152/
历史,狄仁杰与武则天,吴鹏,北京联合出版公司,2026-3,88,7.5,241,https://book.douban.com/subject/37899426/
历史,东晋门阀政治,田余庆,北京大学出版社,2012-5,49.00元,9.5,17955,https://book.douban.com/subject/10758290/
历史,欧亚大陆的枢纽,［法］玛丽·法弗罗 Marie Favereau,中国友谊出版公司,2026-4,88.00元,8.4,151,https://book.douban.com/subject/37940382/
历史,叫魂,[美] 孔飞力,生活·读书·新知三联书店 上海三联书店,2014-6,38.00元,9.2,41617,https://book.douban.com/subject/25912076/
历史,中世纪城堡生活,[美] 弗朗西丝·吉斯、[美] 约瑟夫·吉斯,北京联合出版公司,2026-3,88.00元,8.9,162,https://book.douban.com/subject/37889369/
历史,隳三都,周思成,山西人民出版社,2021-1,68.00元,8.7,6866,https://book.douban.com/subject/35336328/
历史,中国历代政治得失,钱穆,生活·读书·新知三联书店,2001,12.00元,9.2,83709,https://book.douban.com/subject/1003479/
历史,何处是“中州”？,江湄,生活·读书·新知三联书店,2026-3,86.00元,8.0,150,https://book.douban.com/subject/37474399/
历史,中世纪乡村生活,[美] 弗朗西丝·吉斯、[美] 约瑟夫·吉斯,北京联合出版公司,2026-3,96.00元,9.0,145,https://book.douban.com/subject/37889368/
历史,外戚与皇权,李禹阶、秦学颀,天津古籍出版社,2026,128.00元,7.3,194,https://book.douban.com/subject/37422073/
历史,筚路维艰,萧冬连,社会科学文献出版社,2014-10,45.00元,9.5,25049,https://book.douban.com/subject/26171466/
历史,袁氏当国（插图版）,(美) 唐德刚,民主与建设出版社,2026-4,69.00元,9.2,99,https://book.douban.com/subject/37889819/
历史,谁让历史流行起来,[英] 尼克·威瑟姆,广东人民出版社,2026-4,78.00元,8.7,28,https://book.douban.com/subject/37900231/
历史,冯道,[日] 砺波护,浙江人民出版社,2025-11,68元,8.4,523,https://book.douban.com/subject/37534730/
历史,她们的西南联大岁月,郑绩,团结出版社,2026-1,68.00,8.5,617,https://book.douban.com/subject/37897740/
历史,天朝的崩溃,茅海建,生活·读书·新知三联书店,2014-10,59.00元,9.4,19088,https://book.douban.com/subject/25935941/
历史,弃长安,张明扬,天地出版社,2021-12,68.00元,8.4,12890,https://book.douban.com/subject/35678328/
历史,说三分,刘勃,新星出版社,2024-12,78元,8.7,912,https://book.douban.com/subject/36964205/
历史,纸上的权利,刘楷悦,上海三联书店,2026-2,58.00元,9.2,499,https://book.douban.com/subject/38188848/
历史,东行漫记,邹德怀,上海译文出版社,2026-4,98.00,8.9,79,https://book.douban.com/subject/38213827/
历史,危机与重构,李碧妍,北京师范大学出版社,2015-8-1,79.80元,9.1,4103,https://book.douban.com/subject/26603137/
历史,浮生明灭,周琳,上海人民出版社,2026-6,90,,40,https://book.douban.com/subject/38188679/
历史,邓小平时代,【美】傅高义 (Ezra.F.Vogel),生活·读书·新知三联书店,2013-1-18,88.00元,9.4,87621,https://book.douban.com/subject/20424526/
历史,乱世离歌,陶懋炳,贵州人民出版社,2026-1,98.00,8.7,248,https://book.douban.com/subject/36862677/
历史,祥瑞,张向荣,上海人民出版社,2021-8,79.80元,8.8,11550,https://book.douban.com/subject/35519560/
历史,魏晋之际的政治权力与家族网络（修订本）,仇鹿鸣,上海古籍出版社,2020-8,88.00元,9.4,1359,https://book.douban.com/subject/35166545/
历史,历史的温度8,张玮,中信出版社,2026-4,68,7.9,236,https://book.douban.com/subject/38425166/
历史,从草原到海洋,[美] 梅天穆 (Timothy May),九州出版社,2026-4,92.00元,8.7,80,https://book.douban.com/subject/37761191/
历史,裂周：青铜王朝的崩溃与重生,罗三洋,天地出版社,2026-5-1,88.00,8.8,66,https://book.douban.com/subject/38434722/
历史,突厥,陈浩,商务印书馆,2026-5,48.00元,7.9,44,https://book.douban.com/subject/38432992/
历史,为历史学辩护,马克·布洛赫,四川人民出版社,2025-1-1,59.00元,9.6,50,https://book.douban.com/subject/37170384/
历史,神圣罗马帝国,[奥] 弗里德里希·希尔,中国友谊出版公司,2026-3,128.00元,8.7,144,https://book.douban.com/subject/37900193/
历史,崖山,张明扬,中信出版社,2024-8-25,69.00,8.4,2859,https://book.douban.com/subject/36903786/
历史,刺墨,[以] 乐永天,中信出版社,2026-3,68.00元,8.0,57,https://book.douban.com/subject/37502957/
历史,什么是东洋史,黄东兰,生活·读书·新知三联书店,2026-3,75.00元,8.6,83,https://book.douban.com/subject/37817700/
历史,戏外之戏,吴存存,广西师范大学出版社,2026-4-30,79.00,9.1,111,https://book.douban.com/subject/38196503/
历史,人类简史,[以色列] 尤瓦尔·赫拉利,中信出版社,2014-11,68.00元,9.1,215309,https://book.douban.com/subject/25985021/
历史,古罗马信息图,[法]约翰·沙伊德、[法]米兰·梅洛科、[法]尼古拉·吉耶拉,天津人民出版社,2026-1,108.00元,9.0,112,https://book.douban.com/subject/38236249/
历史,百年周期,[美] 彼得·图尔钦、[俄] 谢尔盖·涅菲多夫,中信出版社,2026-3,98.00元,7.8,19,https://book.douban.com/subject/38385394/
历史,晚清华北乡村,王庆成,广西师范大学出版社,2026-4,69,,10,https://book.douban.com/subject/38391758/
历史,天女、女神与王朝之母,[美] 罗汉 (N. Harry Rothschild),冯立君,社会科学文献出版社,2026-4,8.5,20,https://book.douban.com/subject/38179611/
历史,劫掠、贸易与海洋帝国,[美] 埃莉诺·哈伯德,北京科学技术出版社,2026-3,98.00元,9.3,54,https://book.douban.com/subject/37421997/
历史,中国的奋斗,[美]徐中约,当代世界出版社,2024-2,138.00元,9.1,1645,https://book.douban.com/subject/36526876/
历史,焦虑的王权,黄修志,上海古籍出版社,2026-2,128.00元,9.4,29,https://book.douban.com/subject/38226198/
历史,希腊别传,陈嘉映,广西师范大学出版社,2025-1,52.00元,8.7,2073,https://book.douban.com/subject/37096858/
历史,两晋,朱良,海峡书局,2026-5,88元,9.6,109,https://book.douban.com/subject/37817685/
历史,魏晋南北朝,[日] 川胜义雄,九州出版社,2022-1,88.00元,8.4,3712,https://book.douban.com/subject/35671921/
历史,全球通史,[美] 斯塔夫里阿诺斯,北京大学出版社,2024-6,168.00元,9.2,644,https://book.douban.com/subject/36609039/
历史,霓虹灯外,[美] 卢汉超,上海书店出版社,2026-2,128.00,9.1,118,https://book.douban.com/subject/37869252/
历史,海东实录,[韩] 朴永圭,重庆出版社,2026-3,78.00元,8.3,55,https://book.douban.com/subject/38399639/
历史,秦谜,李开元,上海人民出版社,2026-1-1,88.00元,7.7,279,https://book.douban.com/subject/37438720/
历史,明朝的钱去哪儿了,华腾达,上海远东出版社,2023-11-1,78.00元,7.1,212,https://book.douban.com/subject/36651419/
历史,细说宋朝,虞云国,上海人民出版社,2019-7,78,9.1,3542,https://book.douban.com/subject/33443912/
历史,明代疑事探微,高寿仙 著,四川人民出版社,2026-4,89.00元,9.4,41,https://book.douban.com/subject/38190485/
历史,黄河：从大禹治水到人类世,[美]马瑞诗(Ruth Mostern),研究出版社,2026-5,92.00元,8.4,75,https://book.douban.com/subject/38433983/
历史,三十六计与三国谋略,宋杰,北京科学技术出版社,2026-6,98.00元,,92,https://book.douban.com/subject/38408117/
历史,转轨,武黎嵩,天地出版社,2026-4,78.00元,8.2,71,https://book.douban.com/subject/37411159/
历史,乱世人心,王宏杰,四川人民出版社,2023-7,98.00,7.5,1036,https://book.douban.com/subject/36428696/
历史,隐秘战线,(英) 克里斯托弗·安德鲁,民主与建设出版社,2025-12,168.00元,8.9,150,https://book.douban.com/subject/37661333/
历史,奥斯曼帝国六百年,[英]帕特里克•贝尔福,中信出版社,2018-10,128,8.7,2839,https://book.douban.com/subject/30221537/
历史,南京大屠杀,[美]张纯如（Iris Chang）,中信出版社,2015-8,49.00元,9.7,29523,https://book.douban.com/subject/26545308/
历史,沉默的皖北,郑宁,中华书局,2026-1,68.00,8.2,293,https://book.douban.com/subject/37442663/
历史,魏晋之际的政治权力与家族网络,仇鹿鸣,上海古籍出版社,2015-6-1,76.00元,9.4,5217,https://book.douban.com/subject/26377063/
历史,天朝的裂缝,林乾,湖南人民出版社,2026-4-23,68,8.3,35,https://book.douban.com/subject/38417601/
历史,征服的时代,[希] 安耶洛斯·哈尼奥提斯 Angelos Chaniotis、安耶洛斯·哈尼奥提斯,九州出版社,2026-6,108.00元,,10,https://book.douban.com/subject/38423929/
历史,周恩来,陈兼,陈兼,香港中文大學出版社,2026-5,,41,https://book.douban.com/subject/38461387/
历史,三国前夜,张向荣,上海人民出版社,2024-6,89.80元,8.4,3912,https://book.douban.com/subject/36699839/
历史,乾隆的钱袋子,袁灿兴,河南文艺出版社,2026,79.90,7.1,99,https://book.douban.com/subject/38179999/
历史,饥饿的盛世,张宏杰,重庆出版社,2022-8,58,8.1,8433,https://book.douban.com/subject/35888701/
历史,王氏之死,[美] 史景迁,南海出版公司,2024-9,49.00元,7.7,2266,https://book.douban.com/subject/36987710/
历史,二千年间,胡绳,江苏人民出版社,2020-9,28,8.0,683,https://book.douban.com/subject/37093544/
历史,昂贵的和平,吉辰,上海人民出版社,2025-7,98.00元,8.9,611,https://book.douban.com/subject/37339192/
历史,漫长的余生,罗新,北京日报出版社,2022-7,65.00元,8.0,18395,https://book.douban.com/subject/35909188/
历史,土木,张明扬,新星出版社,2025-10,68,8.7,325,https://book.douban.com/subject/37534754/
历史,暮日耀光,韦庆远,山西人民出版社,2023-11,188.00元,9.3,886,https://book.douban.com/subject/36657004/
历史,大博弈,[英] 彼得·霍普柯克 (Peter Hopkirk),世界知识出版社,2026-1,108.00元,8.7,39,https://book.douban.com/subject/37469018/
历史,太平前夜,陈尚君 著,上海人民出版社,2026-6,98.00元,,10,https://book.douban.com/subject/38461953/
历史,愤怒的农民,[法] 阿兰·科尔班,上海人民出版社,2026-3,73.00,8.7,30,https://book.douban.com/subject/37938944/
历史,大明最后的使臣,苗子兮,新星出版社,2025-1-30,58,8.3,777,https://book.douban.com/subject/37109442/
历史,入关,张明扬,新星出版社,2023-4-30,48,8.5,3102,https://book.douban.com/subject/36384601/
历史,万历的紫禁城,徐腾,光启书局,2026-1,79.00,8.2,126,https://book.douban.com/subject/37486918/
历史,大浪淘沙,王宏杰,四川人民出版社,2025-10,96.00,8.3,243,https://book.douban.com/subject/37558093/
历史,中国历代政治得失,钱穆,生活·读书·新知三联书店,2012-7,24.00元,9.4,13386,https://book.douban.com/subject/11229072/
历史,穿越中亚,郭建龙,中信出版集团,2026-5,78,,13,https://book.douban.com/subject/38374699/
历史,中国近代史（彩图增订本）,蒋廷黻,中华书局,2016-3,54,9.0,3882,https://book.douban.com/subject/26755822/
历史,五代十国全史Ⅰ：黄巢起义,麦老师,现代出版社,2020-8,39.80元,7.5,1102,https://book.douban.com/subject/35088459/
历史,学海,[美] 麦哲维,广东人民出版社,2026-4,118,8.5,31,https://book.douban.com/subject/37822042/
历史,斯文在兹,陈宝良,广西师范大学出版社,2026-4,108,8.5,32,https://book.douban.com/subject/38408572/
历史,历史的教训,威尔·杜兰特、阿里尔·杜兰特,上海三联书店,2024-9,56.00元,7.9,420,https://book.douban.com/subject/37053114/
历史,长江下游地区的地租、赋税与农民反抗斗争（1840—1949）,[美]白凯,广西师大出版社,2026-4,89.00,8.2,63,https://book.douban.com/subject/38370508/
历史,失败者的春秋,刘勃,百花文艺出版社,2019-6,38.00元,8.8,9468,https://book.douban.com/subject/34431806/
历史,战国歧途,刘勃,百花文艺出版社,2019-5-1,32,8.7,9075,https://book.douban.com/subject/33436921/
历史,历史三调,[美]柯文,社会科学文献出版社,2015-8-1,59.00元,9.2,5065,https://book.douban.com/subject/26427101/
历史,长安与河北之间,仇鹿鸣,北京师范大学出版社,2018-11,78.00元,9.1,2497,https://book.douban.com/subject/30386618/
历史,文学大逃亡,[德] 乌维·维特施托克,广西师范大学出版社,2026-2,79.00元,8.0,48,https://book.douban.com/subject/37924262/
历史,南明史,顾诚,北京日报出版社,2022-3-20,129.90,9.2,5003,https://book.douban.com/subject/35771873/
历史,二手时间,[白俄] S. A. 阿列克谢耶维奇,中信出版社,2016-1,55.00元,8.9,29267,https://book.douban.com/subject/26704403/
历史,女性，我们的历史,英国DK 编著、[英]露西·沃斯利 作序,生活·读书·新知三联书店,2026-3,198.00元,9.3,23,https://book.douban.com/subject/37872607/
历史,宋都开封的成立,[日] 久保田和男,重庆出版社,2026-3,88.00元,8.7,32,https://book.douban.com/subject/37890598/
历史,中美洲一万年,[美] 苏珊·托比·埃文斯,生活·读书·新知三联书店,2026-4,188.00元,,10,https://book.douban.com/subject/38381130/
历史,红鞋城,田毅、赵旭,广东人民出版社,2026-5,59,8.5,39,https://book.douban.com/subject/38370095/
历史,另一个国度,杨潇,民主与建设出版社,2026-6,88.00元,,27,https://book.douban.com/subject/38447083/
历史,卧榻之侧,张明扬,北京日报出版社,2025-8,79.90元,7.0,1435,https://book.douban.com/subject/37305358/
历史,伊拉克访古行记,刘拓、石曼琳 整理,北京大学出版社,2025-11,98,9.2,718,https://book.douban.com/subject/37660643/
历史,我们从哪里来：中国移民三千年,葛剑雄,人民文学出版社,2026-2,79.00,8.2,73,https://book.douban.com/subject/37925900/
历史,潜规则（修订版）,吴思,复旦大学出版社,2009-2,28.00,8.3,16854,https://book.douban.com/subject/3580750/
历史,今日向长安,高瑞梓,北京科学技术出版社,2025-10,199.00元,9.3,909,https://book.douban.com/subject/37472615/
历史,秦汉史讲义,秦晖,山西人民出版社,2024-11,138.00元,9.2,2786,https://book.douban.com/subject/37005453/
历史,以日为鉴,分析师Boden,开明出版社,2025-8-1,58.00,7.3,9021,https://book.douban.com/subject/37467536/
历史,从刘邦到王莽,谌旭彬,广东人民出版社,2025-3-10,78.00,8.6,785,https://book.douban.com/subject/37183401/
历史,全球通史,斯塔夫里阿诺斯,北京大学出版社,2012-2-1,168.00元,9.0,25885,https://book.douban.com/subject/10583099/
历史,十五至十八世纪的物质文明、经济和资本主义,[法] 费尔南·布罗代尔,商务印书馆,2017-7,115.00,9.6,637,https://book.douban.com/subject/27001534/
历史,中世纪欧洲的战争：400—1453年,[美] 伯纳德·S.巴克拉克（Bernard S. Bachrach）、[美] 戴维·S.巴克拉克（David S. Bachrach）,格致出版社,2026,138.00元,,26,https://book.douban.com/subject/38175803/
历史,协同演化,赵思渊,社会科学文献出版社,2026-3,89.00元,8.7,18,https://book.douban.com/subject/38390304/
历史,走私合众国,[美] 彼得·安德烈亚斯,上海教育出版社,2026-2,98.00,,10,https://book.douban.com/subject/38179961/
历史,连接世界,[奥地利] 罗兰·温茨胡默,生活·读书·新知三联书店,2026-4,68.00元,,11,https://book.douban.com/subject/37470836/
历史,穿越百年中东,郭建龙,上海译文出版社,2025-6,88.00元,8.5,615,https://book.douban.com/subject/37358294/
历史,五代十国史,杜文玉,辽宁人民出版社,2026-1,168.00元,8.1,107,https://book.douban.com/subject/37518652/
历史,看不见的中东,姚璐,民主与建设出版社,2024-11,79.00元,8.5,4922,https://book.douban.com/subject/37076175/
历史,马可·波罗的追随者,[美] 卡尔·克劳,九州出版社,2026-4,68.00元,8.7,77,https://book.douban.com/subject/37932562/
历史,女神、娼妓、妻子与女奴,[美] 萨拉·波默罗伊,上海社会科学院出版社,2025-8,69.8,8.5,733,https://book.douban.com/subject/37403759/
历史,公主之死,李贞德,重庆出版社,2023-1,49.80,8.3,7036,https://book.douban.com/subject/36197701/
历史,魏晋南北朝兵制研究,高敏,高敏,山西人民出版社,2026-4,9.7,14,https://book.douban.com/subject/37867393/
历史,切·格瓦拉,[英]乔恩·李·安德森,民主与建设出版社,2026-3,158.00元,9.3,108,https://book.douban.com/subject/38213825/
历史,废墟是一座桥,柏琳,民主与建设出版社,2026-5,118.00元,8.8,13,https://book.douban.com/subject/38383937/
历史,善之殇,胡荣,广西师范大学出版社,2026-6,88,,10,https://book.douban.com/subject/38489519/
历史,五代十国全史Ⅳ：大唐末路,麦老师,现代出版社,2021-11-1,49.80元,8.2,469,https://book.douban.com/subject/35627881/
历史,地下王朝,古猫 丨陪你去看博物馆,山西人民出版社,2025-12,79.9,8.5,216,https://book.douban.com/subject/37923431/
历史,镖⼈：卷十三,许先哲,北京联合出版公司,2025-12,59.90元,9.0,1996,https://book.douban.com/subject/37668521/
历史,明朝那些事儿,当年明月,浙江人民出版社,2011-12-1,208.60,9.2,36853,https://book.douban.com/subject/7163250/
历史,汴京之围,郭建龙,天地出版社,2019-7,78.00元,8.1,13052,https://book.douban.com/subject/34433981/
历史,从农牧之争到陆海分流,盛思鑫,重庆出版社,2026-3,68.00元,7.2,43,https://book.douban.com/subject/38353427/
历史,中文计算机,[美] 墨磊宁,广西师范大学出版社,2026-5,98元,8.6,56,https://book.douban.com/subject/37534736/
历史,欧洲中世纪史（第11版）,朱迪斯·M.本内特,上海社会科学院出版社,2021-7,88.00元,9.2,1100,https://book.douban.com/subject/35546520/
历史,崇祯七十二小时,唐元鹏,广东人民出版社,2025-9-1,78.00元,7.4,452,https://book.douban.com/subject/37475287/
历史,毛泽东选集,毛泽东,人民出版社,1991-6,40.00元,9.6,38963,https://book.douban.com/subject/1139360/
历史,天国之秋,[美] 裴士锋,社会科学文献出版社,2014-11,69.00元,8.6,8900,https://book.douban.com/subject/25938605/
历史,十一个时区之旅,[波] 雷沙德·卡普希钦斯基,民主与建设出版社,2025-1,72.00元,9.0,1270,https://book.douban.com/subject/36914677/
历史,秦制两千年,谌旭彬,浙江人民出版社,2021-7,88.00元,8.1,8245,https://book.douban.com/subject/35356472/
历史,情为何物,吴存存,天津人民出版社,2025-7,88.00元,8.1,481,https://book.douban.com/subject/37292083/
历史,邸报,陈玲,陈玲,广西师范大学出版社,2026-2,4.3,13,https://book.douban.com/subject/38385392/
历史,万古江河,许倬云,湖南人民出版社,2017-11-1,68.00,8.5,9358,https://book.douban.com/subject/27591495/
历史,书籍的社会史,[美]周绍明,北京大学出版社,2026-4,79.0,8.4,27,https://book.douban.com/subject/38229367/
历史,國史大綱（上下）,錢穆,商务印书馆,2013-8,76.00元,9.4,17848,https://book.douban.com/subject/1046492/
历史,女性史,[美] 韩献博,浙江大学出版社,2026-5-10,118,,10,https://book.douban.com/subject/38240166/
历史,拉法耶特,冯翔,新星出版社,2025-2,98,9.3,351,https://book.douban.com/subject/37432300/
历史,镜鉴日本,[日]野口悠纪雄,中信出版集团,2026-3,79,8.1,61,https://book.douban.com/subject/37869932/
历史,病菌、观念与社会,[美] 南希·托马斯,上海社会科学院出版社,2026-3,78.00元,8.1,28,https://book.douban.com/subject/37383687/
历史,明朝那些事儿增补版.第1部,当年明月,当年明月,北京联合出版公司,2017-5,8.4,386,https://book.douban.com/subject/37008673/
历史,资治通鉴,[宋]司马光,中华书局,2011-8,498.00元,9.7,3576,https://book.douban.com/subject/6790302/
历史,秦汉经济政策与经济思想史稿,谢天佑,广西师范大学出版社,2026-3,89元,8.3,20,https://book.douban.com/subject/37244176/
历史,台湾四百年,许倬云,浙江人民出版社,2024-9,56,8.0,2103,https://book.douban.com/subject/37009722/
历史,寨墙内外,马丹丹,商务印书馆,2026-3,86.00元,,12,https://book.douban.com/subject/38228447/
历史,旧制度与大革命,[法] 托克维尔,商务印书馆,1992-08,12.80元,8.9,12054,https://book.douban.com/subject/1032063/
历史,中国古代文化常识（插图修订第4版）,王力 主编、马汉麟 等执笔、姜亮夫 叶圣陶 等审校、刘乐园 修订,北京联合出版公司,2014-11,60.00元,9.3,9685,https://book.douban.com/subject/26021455/
历史,波斯湾五千年,[美] 艾伦·詹姆斯·弗洛姆赫尔兹,中信出版社,2026-1,79.00元,7.9,91,https://book.douban.com/subject/37520399/
历史,波峰与波谷,阎步克,北京大学出版社,2017-4,48.00元,9.1,5253,https://book.douban.com/subject/26992823/
历史,简读中国史,张宏杰,岳麓书社,2019-8,58.00元,8.5,9247,https://book.douban.com/subject/34501169/
历史,现代中国的形成（1600—1949）,李怀印,广西师范大学出版社,2022-2,89.00元,8.7,3375,https://book.douban.com/subject/35662692/
历史,秦汉魏晋史探微,田余庆,中华书局,2011-6,38.00元,9.4,3997,https://book.douban.com/subject/6311230/
历史,有所不为的反叛者,罗新,上海三联书店,2019-5,52.00元,8.7,10555,https://book.douban.com/subject/33111439/
历史,昨日的世界,[奥地利] 斯蒂芬·茨威格,上海译文出版社,2018-7,49.00元,9.3,23145,https://book.douban.com/subject/27615361/
历史,历史,[古希腊] 希罗多德,上海人民出版社,2018-4,148.00元,9.3,969,https://book.douban.com/subject/27624429/
历史,我的情报与外交生涯,熊向晖,中信出版集团,2019-4,72.00元,8.8,2433,https://book.douban.com/subject/30473854/
历史,明代国家权力结构及运行机制,方志远,广西师范大学出版社,2024-3,118,9.1,739,https://book.douban.com/subject/36594961/
历史,耳中的世界,[西] 拉蒙·安德烈斯,中信出版集团,2026-2,108.00元,8.8,35,https://book.douban.com/subject/37118756/
历史,破阵,宋鲁彬,山西人民出版社,2026-3,98.00元,8.7,17,https://book.douban.com/subject/38385510/
历史,歌唱法国大革命,[美] 劳拉·梅森（Laura Mason）,东方出版中心,2026-3,88,,11,https://book.douban.com/subject/38175805/
历史,近代中国社会的新陈代谢,陈旭麓,生活·读书·新知三联书店,2017-11,69.00元,9.3,5033,https://book.douban.com/subject/30147582/
历史,发明拉丁裔,[美] 劳拉·E.戈麦斯 (Laura E. Gómez),广东人民出版社,2026-6,88.00元,,10,https://book.douban.com/subject/38405571/
历史,枪炮、病菌与钢铁,[美] 贾雷德·戴蒙德,上海译文出版社,2006-4-1,45.00元,8.7,56796,https://book.douban.com/subject/1813841/
历史,枪炮、病菌与钢铁,[美] 贾雷德·戴蒙德,中信出版社,2022-1,89.00元,8.7,5846,https://book.douban.com/subject/35714810/
历史,马铃薯的全球史,[美] 贝托尔德·劳费尔,重庆出版社,2026-5,59.80元,8.2,36,https://book.douban.com/subject/37836074/
历史,坦克格勒,[瑞典] 伦纳特·萨缪尔森,生活·读书·新知三联书店,2026-5,98.00元,8.1,20,https://book.douban.com/subject/38179917/
历史,八王之乱,张璟琳,北京联合出版公司,2026-4,128.00元,9.6,15,https://book.douban.com/subject/38188677/
历史,太平天国的人物和历史,王庆成,广西师范大学出版社,2026-3,69元,8.0,12,https://book.douban.com/subject/38406583/
历史,明代蒙古史研究,（日）萩原淳平,商务印书馆,2026-4,98.00,,10,https://book.douban.com/subject/38177041/
历史,文明,[美] 罗伯特·R. 埃德加 [美] 乔治·F.朱斯伯里 [美] 尼尔·J.哈克特 [美] 芭芭拉·莫洛尼 [美] 马修·S.戈登、马修·S.戈登、芭芭拉·莫洛尼、尼尔·J.哈克特、乔治·F.朱斯伯里、罗伯特·R. 埃德加,岳麓书社,2026-5,398.00元,,15,https://book.douban.com/subject/37559115/
历史,伊朗四千年,[伊朗]霍昌·纳哈万迪、[法]伊夫·博马提,湖南文艺出版社,2021-7,98,7.6,1166,https://book.douban.com/subject/35512975/
历史,AI文明史·前史,张笑宇,中信出版社,2025-7,79.00元,8.0,468,https://book.douban.com/subject/37383696/
历史,撒马尔罕的金桃,[美] 薛爱华,社会科学文献出版社,2016-4,98.00元,8.7,4260,https://book.douban.com/subject/26747700/
历史,透过地理看历史：大航海时代,李不白,人民日报出版社,2022-6,128.00,9.1,1827,https://book.douban.com/subject/36014314/
历史,明代的宦官和宫廷,温功义,生活·读书·新知三联书店,2026-4,69.00元,,10,https://book.douban.com/subject/37764083/
历史,被统治的艺术,[加] 宋怡明,中国华侨出版社,2019-12,78.00元,8.4,5394,https://book.douban.com/subject/34869500/
历史,燕地记,唐晓峰,生活·读书·新知三联书店,2026-3,86.00元,8.4,16,https://book.douban.com/subject/37508268/
历史,尋找國家中的婦女,王政,香港中文大學出版社,2026-3,US$25.00,,116,https://book.douban.com/subject/38359611/
历史,失落之城,陈晓露,广西师范大学出版社,2026-1,78.00,8.3,70,https://book.douban.com/subject/37830845/
历史,清代社会性别规范,[美] 苏成捷（Matthew M. Sommer）,东方出版中心,2026-1,89元,7.8,212,https://book.douban.com/subject/37808384/
历史,历史的钟摆,李菁,上海译文出版社,2025-7,68.00元,8.4,246,https://book.douban.com/subject/37364904/
历史,五代十国全史Ⅱ：万马逐鹿,麦老师,现代出版社,2020-11,49.80元,7.7,643,https://book.douban.com/subject/35217486/
历史,九诗心,黄晓丹,上海三联书店,2024-11,79元,8.8,8709,https://book.douban.com/subject/37077202/
历史,覆巢之下,朱亦灵,中华书局,2025-6,76.00元,8.4,208,https://book.douban.com/subject/37343750/
历史,秦崩,李开元,生活·读书·新知三联书店,2015-4-25,45.00元,7.8,4518,https://book.douban.com/subject/26368070/
历史,征服与革命中的阿拉伯人,[英] 尤金·罗根,浙江人民出版社,2019-7-1,138.00,9.3,4685,https://book.douban.com/subject/33408126/
历史,大汉帝国在巴蜀,饶胜文,北京联合出版公司,2023-2,96.00元,8.3,2569,https://book.douban.com/subject/36206279/
历史,无规则游戏,[美]塔米姆·安萨利,浙江人民出版社,2018-11,79.00元,8.6,5217,https://book.douban.com/subject/30348068/
历史,五代十国全史Ⅲ：朱温称霸,麦老师,现代出版社,2021-1,49.80元,8.0,524,https://book.douban.com/subject/35238733/
历史,美国四百年,［美］布·斯里尼瓦桑、布·斯里尼瓦桑,海南出版社,2022-2,118.00,8.6,1254,https://book.douban.com/subject/35721558/
历史,中国文明起源新探,苏秉琦,生活·读书·新知三联书店,2019-10,78.00,9.0,1500,https://book.douban.com/subject/34853188/
历史,军事革命,[英] 杰弗里·帕克,民主与建设出版社,2025-12,78.00元,9.1,191,https://book.douban.com/subject/37668217/
历史,罗马元老院与人民,[英] 玛丽·比尔德,民主与建设出版社,2018-11,128.00元,8.8,3230,https://book.douban.com/subject/30284738/
历史,唐朝的崛起,[美] 朱利安·罗曼,中央编译出版社,2026-3,118.00元,,27,https://book.douban.com/subject/37382125/
历史,孔子大历史,李硕,上海人民出版社,2019-4,59.00元,8.3,3360,https://book.douban.com/subject/30486966/
历史,五代十国全史VI：后唐三朝,麦老师,现代出版社,2023-4,65.00元,8.3,398,https://book.douban.com/subject/36340258/
历史,制造时间,[美]肯·蒙德舍因（Ken Mondschein）,北京科学技术出版社,2026-3-1,69.00,,50,https://book.douban.com/subject/38240350/
历史,弃夫潜逃,[美] 马钊,上海教育出版社,2025-5,78.00元,7.9,1186,https://book.douban.com/subject/37233083/
历史,中国通史,吕思勉,群言出版社,2016-2,45.00,9.0,5363,https://book.douban.com/subject/26771878/
历史,中国历代政治得失,钱穆,生活·读书·新知三联书店,2018-10,40.00元,9.4,4789,https://book.douban.com/subject/30206893/
历史,修仙,[美] 康儒博,江苏人民出版社,2026-4,78,,10,https://book.douban.com/subject/36973936/
历史,九王夺嫡,郑小悠、橘玄雅、夏天,山西人民出版社,2021-4,58.00元,8.3,2935,https://book.douban.com/subject/35433917/
历史,皇帝的账本,胡可奇,天地出版社,2026-4,68.00,8.4,39,https://book.douban.com/subject/38409591/
历史,魏晋南北朝史,王仲荦,上海人民出版社,2020-8,168.00元,9.1,1587,https://book.douban.com/subject/35085843/
历史,武则天,蒙曼,浙江教育出版社,2021-6,55.00元,8.1,5444,https://book.douban.com/subject/35475912/
历史,葱岭之外,侯杨方,广东人民出版社,2025-10,108.00元,7.4,167,https://book.douban.com/subject/37432835/
历史,有为,戴波,北京联合出版公司,2024-7,99.00元,8.7,1352,https://book.douban.com/subject/36982008/
历史,繁华落尽,姜鸣,生活·读书·新知三联书店,2026-4,59.00元,8.5,21,https://book.douban.com/subject/37534743/
历史,两晋悲歌,渤海小吏,中国大百科全书出版社,2023-10,218.00元,8.0,1776,https://book.douban.com/subject/36580731/
历史,物理学的第一次战争与原子弹秘史1939—1949,[英] 吉姆·巴戈特,广西师范大学出版社,2026-4,98,,10,https://book.douban.com/subject/38388446/
历史,文物里的中国人,大咖说,新星出版社,2026-6,118,,93,https://book.douban.com/subject/38466118/
历史,膏销雪尽思还生,陈昊,上海古籍出版社,2025-12,58.00元,8.4,194,https://book.douban.com/subject/37861683/
历史,美国小史,[美] 詹姆斯·韦斯特·戴维森,新星出版社,2024-10,69.00元,8.4,596,https://book.douban.com/subject/36915172/
历史,中世纪希腊与特拉比宗帝国,[英] 乔治·芬利,上海人民出版社,2026-4,150.00元,,10,https://book.douban.com/subject/38381381/
历史,阿拉伯的劳伦斯,[美] 斯科特·安德森,社会科学文献出版社,2014-9-1,79.00元,9.0,6804,https://book.douban.com/subject/25883305/
历史,征服新世界,[英] 罗伯特·古德温,湖南人民出版社,2026-3,88.00元,,12,https://book.douban.com/subject/36998732/
历史,五代十国全史Ⅴ：后梁帝国,麦老师,现代出版社,2022-4,65.00元,8.3,429,https://book.douban.com/subject/35817714/
历史,南明史,顾诚,光明日报出版社,2011-8,88.00元,9.3,7231,https://book.douban.com/subject/6533042/
历史,历史的教训,[美] 威尔·杜兰特,四川人民出版社,2015-1,28.00元,8.3,5595,https://book.douban.com/subject/26279878/
历史,人类新史,[美] 大卫·格雷伯、[英] 大卫·温格罗,九州出版社,2024-9,128.00元,8.3,1150,https://book.douban.com/subject/36839137/
历史,去塔城,[美]埃莉诺·拉铁摩尔,光启书局,2026-3,89.00元,7.7,17,https://book.douban.com/subject/38190148/
历史,国史大纲,钱穆,商务印书馆,2025-8,98元,9.3,216,https://book.douban.com/subject/36912612/
历史,棉花帝国,[美]斯文·贝克特,民主与建设出版社,2019-3,118.00元,8.3,8731,https://book.douban.com/subject/30411849/
历史,史记的读法,杨照,广西师范大学出版社,2019-11,88.00,8.5,4192,https://book.douban.com/subject/34781358/
历史,杨照说中国史1,杨照,中信出版社,2018-11,42.00元,9.2,2599,https://book.douban.com/subject/30132713/
历史,太阳的阴影,[波] 雷沙德·卡普希钦斯基,民主与建设出版社,2025-6,79.00元,9.3,4796,https://book.douban.com/subject/37315103/
历史,万历十五年,黄仁宇,中华书局,2014-7,59.00元,9.1,15967,https://book.douban.com/subject/25893465/
历史,万历十五年,黄仁宇,生活·读书·新知三联书店,2015-8,40.00元,9.0,9299,https://book.douban.com/subject/26418524/
历史,历史的温度,张玮,中信出版社,2024-1,598,8.2,337,https://book.douban.com/subject/36905183/
历史,透过地理看历史,李不白,台海出版社,2020-11,48.00元,8.4,3699,https://book.douban.com/subject/35325232/
历史,女体与国族,周春燕,上海书店出版社,2026-1,118.00元,7.9,60,https://book.douban.com/subject/37502924/
历史,夹缝中的总督,鞠海,北京联合出版公司,2024-10,99.80元,8.2,847,https://book.douban.com/subject/36913361/
历史,透过地理看历史：三国篇,李不白,中华地图学社,2020-9-1,49.80,8.1,1429,https://book.douban.com/subject/35253194/
历史,五代十国全史Ⅷ：三贤帝时代,麦老师,现代出版社,2024-9,86.00元,8.7,322,https://book.douban.com/subject/36978276/
历史,叫魂,[美] 孔飞力,生活·读书·新知三联书店 上海三联书店,2012-5,38.00元,9.1,33099,https://book.douban.com/subject/10471333/
历史,明朝那些事儿（壹）,当年明月,中国友谊出版公司,2006-9,24.80,8.8,191369,https://book.douban.com/subject/1873231/
历史,明朝那些事儿（增补版）,当年明月,北京联合出版公司,2021-9,405,9.1,1404,https://book.douban.com/subject/36245010/
历史,帝国暗涌,[英] 陈松全,当代世界出版社,2026-2-1,79.00元,8.6,22,https://book.douban.com/subject/37830706/
历史,以色列,[以]丹尼尔·戈迪斯,浙江人民出版社,2018-9,88.00元,8.6,6126,https://book.douban.com/subject/30269311/
历史,楚亡,李开元,生活·读书·新知三联书店,2015-5,45.00,7.8,3259,https://book.douban.com/subject/26368072/
历史,华北村治,李怀印,广西师范大学出版社,2025-8,89,8.3,71,https://book.douban.com/subject/37469893/
历史,皇帝与国王,康昊,光启书局,2025-9,59.00元,8.2,176,https://book.douban.com/subject/37432833/
历史,中国史纲,张荫麟,上海古籍出版社,1999-12-1,12.60元,9.1,2720,https://book.douban.com/subject/1055347/
历史,大明第一首辅张居正,燕山刀客,新世界出版社,2025-8-1,68,9.1,79,https://book.douban.com/subject/37411103/
历史,我在伊朗长大,玛赞·莎塔碧,生活·读书·新知三联书店,2010-1,39.00元,9.4,9682,https://book.douban.com/subject/4071859/
历史,人类简史,[以色列] 尤瓦尔·赫拉利,中信出版社,2017-2,68.00元,9.1,36326,https://book.douban.com/subject/26953606/
历史,改变人类文明进程的1001项发明,[英]杰克·查罗纳,广西科学技术出版社,2026-2,298.00元,9.8,110,https://book.douban.com/subject/37808358/
历史,史记（中华经典名著全本全注全译丛书-三全本·全十册）,司马迁,中华书局,2022-9-26,668.00元,9.8,939,https://book.douban.com/subject/36094930/
历史,历史学十二讲（增订本）,[法]安托万·普罗斯特,北京大学出版社,2018-9,68.00元,9.4,553,https://book.douban.com/subject/30207001/
历史,五代十国全史Ⅶ：契丹强横,麦老师,现代出版社,2023-9,65.00元,8.1,358,https://book.douban.com/subject/36553741/
历史,刺秦,李开元,上海人民出版社,2025-8,78.00元,6.9,654,https://book.douban.com/subject/37438719/
历史,史学大厦,[新西兰] 安娜·格林、[澳大利亚] 凯特琳·特鲁普,王涛,金城出版社,2025-8,8.7,99,https://book.douban.com/subject/37403761/
历史,红星照耀中国,[美] 埃德加·斯诺埃,人民文学出版社,2016-6,43.00元,9.2,27624,https://book.douban.com/subject/26820347/
历史,国王的权威,[法] 雅克·克里南,商务印书馆,2026-4,98.00元,9.4,15,https://book.douban.com/subject/37384995/
历史,大械斗,郑德华,重庆出版社,2026-5,78.00元,,10,https://book.douban.com/subject/38414008/
历史,兴盛与危机,金观涛、刘青峰,法律出版社,2011-1,45.00元,8.7,2500,https://book.douban.com/subject/5906312/
历史,她们的呐喊,[英]埃米琳·潘克赫斯特,天津人民出版社,2026-4,49.80,9.4,106,https://book.douban.com/subject/38234405/
历史,山河在,邹德怀,社会科学文献出版社,2025-11,228.00元,9.3,172,https://book.douban.com/subject/37525361/
历史,巴黎，资本之都的诞生,[英]大卫·哈维（David Harvey）、[英] 大卫·哈维,上海人民出版社,2026-4,128.00元,,10,https://book.douban.com/subject/37664000/
历史,德意志史,[德]乌尔夫·迪尔迈尔 等,商务印书馆,2026-3,95.00,,10,https://book.douban.com/subject/38202248/
历史,从中国出发的全球史,葛兆光 主编、段志强、钟觉辰、常彧、尹磊、马晓林、周思成、温翠芳、刘馨秋、梁捷、易晓辉、武绍卫、游斌、昝涛、梁文道、刘小朦、费晟、王建革、朱明、尹敏志、刘耀春、孔鹏音、宋念申、刘小萌,云南人民出版社,2024-4,398,8.7,715,https://book.douban.com/subject/36669709/
历史,苏东坡新传,李一冰,四川人民出版社,2020-7,168.00元,9.4,8745,https://book.douban.com/subject/34996404/
历史,印度洋史,[泰] 迪达·沙拉雅,广西师范大学出版社,2026-5,88,,10,https://book.douban.com/subject/38374713/
历史,识骨寻城,［英］布伦娜・哈西特,中国纺织出版社有限公司,2026-5,80.00元,,18,https://book.douban.com/subject/38417264/
历史,隋文帝传,韩昇,生活·读书·新知三联书店,2025-9,128.00元,9.1,94,https://book.douban.com/subject/37464820/
历史,中国木结构古建筑寻访笔记,唐大华,东方出版中心,2026-3,138.00元,8.5,26,https://book.douban.com/subject/38352616/
历史,波斯人,[英] 劳埃德·卢埃林-琼斯,世界知识出版社,2025-5,98.00元,8.4,308,https://book.douban.com/subject/37227866/
历史,朝贡圈,张宏杰,岳麓书社,2024-6,68,7.9,750,https://book.douban.com/subject/36924045/
历史,大变局,谌旭彬,浙江人民出版社,2023-11-1,198.00,8.6,1560,https://book.douban.com/subject/36574408/
历史,元代江南政治社会史研究,[日] 植松正,江苏人民出版社,2026-2,108,9.5,16,https://book.douban.com/subject/37113262/
历史,中国近代历史的表与里,[日] 石川祯浩,北京大学出版社,2015-9-1,CNY 52.00,8.8,741,https://book.douban.com/subject/26431647/
历史,暗斗,吴真,生活·读书·新知三联书店,2025-7,88.00元,8.8,760,https://book.douban.com/subject/37383501/
历史,企鹅欧洲史·古典欧洲的诞生,[英]西蒙·普莱斯、[英]彼得·索恩曼,中信出版社,2019-5,68,7.5,1963,https://book.douban.com/subject/30312128/
历史,五四运动史,[美] 周策纵,四川人民出版社,2019-7,110,9.2,4544,https://book.douban.com/subject/33391323/
历史,盐铁论,(西汉)桓宽,中华书局,2023-1-2,40.00元,9.1,1138,https://book.douban.com/subject/26417290/
历史,中国酱油的文化历程,梁其姿,梁其姿,社会科学文献出版社,2026-2,8.3,33,https://book.douban.com/subject/38215105/
历史,厚土无疆,[英] 杰西卡·罗森,中信出版社,2025-9,88.00元,8.1,164,https://book.douban.com/subject/37393879/
历史,拥抱战败,[美] 约翰·W·道尔,生活·读书·新知三联书店,2015-8,70.00元,9.1,2672,https://book.douban.com/subject/26418529/
历史,沉没的甲午,陈悦,天地出版社,2024-9,108.00 元,9.0,476,https://book.douban.com/subject/36980044/
历史,盛唐的背影,韩昇,河南文艺出版社,2025-9,79.90,7.9,136,https://book.douban.com/subject/37824241/
历史,中国历代政治得失,钱穆,九州出版社,2012-2-1,16.00元,9.3,18108,https://book.douban.com/subject/10434849/
历史,战国史,杨宽,上海人民出版社,2016-7,98.00元,9.2,889,https://book.douban.com/subject/26848828/
历史,北上,刘统,生活·读书·新知三联书店,2016-9,59.00元,8.6,2594,https://book.douban.com/subject/26855717/
历史,穿过针眼,[美]彼得·布朗 （Peter Brown）,社会科学文献出版社,2021-7,198.00,8.8,531,https://book.douban.com/subject/30271094/
历史,谍战七国2：暗战邯郸,贾涤非,作家出版社,2026-1,59.00元,8.6,100,https://book.douban.com/subject/38376673/
历史,德意志史,[德] 海因里希·奥古斯特·温克勒,中信出版社,2025-12,108.00元,8.4,12,https://book.douban.com/subject/37482371/
历史,中东史,[美] 小阿瑟·戈尔德施密特、[美] 劳伦斯·戴维森,东方出版中心,2024-1,148.00元,9.2,86,https://book.douban.com/subject/36790869/
历史,拓跋史探,田余庆,生活·读书·新知三联书店,2019-1,69.00元,9.3,1804,https://book.douban.com/subject/30302919/
历史,我，克劳狄乌斯,[英] 罗伯特·格雷夫斯,湖南文艺出版社,2025-8-15,88.00元,9.0,196,https://book.douban.com/subject/37396219/
历史,万历十五年（增订本）,[美] 黄仁宇,中华书局,2007-1,18.00元,9.1,27397,https://book.douban.com/subject/1981042/
历史,“边缘人”纪事,杨奎松,广东人民出版社,2016-3-1,56.00元,8.3,2794,https://book.douban.com/subject/26711101/
历史,不止日常,黄正建,北京科学技术出版社,2026-4,98.00,7.2,62,https://book.douban.com/subject/38227577/
历史,德意志贵族,陆大鹏,上海人民出版社,2022-10,108.00,8.7,588,https://book.douban.com/subject/36091018/
历史,丝绸之路,[英] 彼得·弗兰科潘,浙江大学出版社,2016-11,128.00元,8.2,9709,https://book.douban.com/subject/26853835/
历史,大宋繁华,谌旭彬,浙江人民出版社,2024-8,88.00元,8.3,1191,https://book.douban.com/subject/36944357/
历史,缔宋,刘路,郑州大学出版社,2026-1,88.00元,9.3,16,https://book.douban.com/subject/38228441/
历史,三国志（全五册）,[晋] 陈寿 撰、[宋] 裴松之 注,中华书局,2011-10,98.00元,9.5,5849,https://book.douban.com/subject/1014763/
历史,艺术的进化,[英] 德斯蒙德·莫里斯,湖南科学技术出版社,2026-4,168.00元,8.6,67,https://book.douban.com/subject/37525514/
历史,扬州十日记,[明] 王秀楚,上海书店,1982-1,0.92元,9.0,900,https://book.douban.com/subject/1906939/
历史,万历十五年,[美] 黄仁宇,中华书局,2006-8,36.00元,9.0,22140,https://book.douban.com/subject/1858410/
历史,野蛮大陆,[英] 基思·罗威,社会科学文献出版社,2015-7,72.00元,8.9,5790,https://book.douban.com/subject/26354440/
历史,大明王朝的七张面孔,张宏杰,广东人民出版社,2022-3,68.00元,7.4,1726,https://book.douban.com/subject/35856570/
历史,何谓明治,[日] 色川大吉,上海译文出版社,2025-5,58元,8.9,124,https://book.douban.com/subject/37285365/
历史,盗臣,卜键,生活·读书·新知三联书店,2025-11,75.00元,8.1,112,https://book.douban.com/subject/37464818/
历史,正统与华夷,刘浦江,中华书局,2025-5,78.00元,9.8,69,https://book.douban.com/subject/37426462/
历史,韦伯与社会科学的视野,周雪光 著,上海文艺出版社,2026-3,75.00元,8.9,111,https://book.douban.com/subject/38202012/
历史,月照崇徽,刘广丰,广西师范大学出版社,2025-10,98,8.2,147,https://book.douban.com/subject/37525154/
历史,奥斯维辛,[英] 劳伦斯·里斯,广西师范大学出版社,2016-9,79.00元,9.5,12334,https://book.douban.com/subject/26861418/
历史,第三帝国的到来,[英] 理查德·J. 埃文斯,九州出版社,2020-2,145.00元,9.4,5637,https://book.douban.com/subject/34928222/
历史,置身事内,兰小欢,上海人民出版社,2021-8,65.00元,9.1,105883,https://book.douban.com/subject/35546622/
历史,三家分晋,丁一平,上海三联书店,2026-1,88.00元,8.6,39,https://book.douban.com/subject/37742847/
历史,大唐兴亡三百年（全7册）,王觉仁,人民日报出版社,2018-11,389 元,7.7,2252,https://book.douban.com/subject/30376497/
历史,唐玄宗,蒙曼,浙江教育出版社,2022-5,78.00,8.2,1014,https://book.douban.com/subject/35897929/
历史,乱世人心,押沙龙,湖南文艺出版社,2025-8,49.8,8.3,1125,https://book.douban.com/subject/37465126/
历史,这里是中国3,中信出版集团,中信出版集团,2024-9,198,8.7,976,https://book.douban.com/subject/37018048/
历史,最后的使团,[美] 欧阳泰,中信出版社,2025-9,88.00元,7.7,169,https://book.douban.com/subject/37407378/
历史,神风与铜钱,康昊,光启书局,2022-9,59.00,8.1,514,https://book.douban.com/subject/36084822/
历史,西方侦探小说史,[英] 朱利安·西蒙斯,四川文艺出版社,2026-4,89.00元,8.4,90,https://book.douban.com/subject/38175816/
历史,忍不住的“关怀”,杨奎松,广西师范大学出版社,2013-5-1,48.00元,8.4,3041,https://book.douban.com/subject/24316409/
历史,燃烧的大洋,[美]伊恩·托尔,中信出版集团,2020-9,98,9.4,2081,https://book.douban.com/subject/34988830/
历史,闺思,[美]柏文莉,生活书店出版有限公司,2026-1,98.00元,8.4,44,https://book.douban.com/subject/37000456/
历史,大隋兴衰四十年1：东亚霸权,蒙曼,浙江教育出版社,2020-11-1,45.00,8.1,1457,https://book.douban.com/subject/35229368/
历史,命运攸关的抉择,[英] 伊恩·克肖,浙江人民出版社,2017-7,110,8.9,1843,https://book.douban.com/subject/27046300/
历史,朝贡·海禁·互市,【日】岩井茂树,江苏人民出版社,2025-10-1,98.00元,9.1,49,https://book.douban.com/subject/37349701/
历史,潜流,张大可,古吴轩出版社,2026-3,68.00,,17,https://book.douban.com/subject/38385866/
历史,大清为何轰然倒塌,佛要跳墙,孔学堂书局,2025-6,68,8.7,213,https://book.douban.com/subject/37374678/
历史,元朝十二人,张帆,,张帆,广西师范大学出版社,,,https://book.douban.com/subject/37830788/
历史,奇士异旅,杜春媚,社会科学文献出版社,2026-4,89.00元,9.0,10,https://book.douban.com/subject/38404165/
历史,1453,[英] 罗杰·克劳利,社会科学文献出版社,2014-6,49.00元,9.0,10004,https://book.douban.com/subject/25891318/
历史,躁动的国王,[英] 尼克·巴勒特,上海社会科学院出版社,2026-5,75.00元,,10,https://book.douban.com/subject/38405587/
历史,汉帝国的建立与刘邦集团,李开元,生活·读书·新知三联书店,2023-2,69.00元,8.4,1064,https://book.douban.com/subject/35881797/
历史,芝加哥传,[美] 威廉·克罗农,江苏人民出版社,2026-3,138.00元,,10,https://book.douban.com/subject/36740485/
历史,人类简史,[以色列]尤瓦尔·赫拉利,中信出版集团,2017-2,68.00元,9.2,5361,https://book.douban.com/subject/36077941/
历史,雍正之大义觉迷,[美] 史景迁,王悦,新星出版社,2026-5-12,,10,https://book.douban.com/subject/38381128/
历史,司马迁的记忆之野,刘勃,百花文艺出版社,2020-11,38.00元,8.6,7820,https://book.douban.com/subject/35230273/
历史,看见中国村镇,赵玉顺、袁贞贞,湖南文艺出版社,2026-3,59.80元,8.9,429,https://book.douban.com/subject/38364559/
历史,被牺牲的女性,[法]安娜·杜弗勒芒特尔（Anne Dufourmantelle）,上海社会科学院出版社,2026-5,58.00元,7.6,55,https://book.douban.com/subject/37930434/
历史,德意志民族史,［德］赫尔穆特·瓦尔瑟·史密斯（Helmut Walser Smith）,中国友谊出版公司,2026-7,128.00元,,10,https://book.douban.com/subject/38423922/
历史,美利坚共和国的缔造,[美] 戈登·S. 伍德,译林出版社,2016-6,98,9.0,260,https://book.douban.com/subject/26819270/
历史,如见其人,朱万章,生活·读书·新知三联书店,2026-5,128.00元,,10,https://book.douban.com/subject/37447499/
历史,羞辱政治,[德] 乌特·弗雷弗特,上海书店出版社,2026-7,92,,10,https://book.douban.com/subject/38213807/
历史,商问,李维明,北京联合出版公司,2026-4,78.00,,,https://book.douban.com/subject/38386333/
历史,生活中的档案学,聂云霞 等,广西师范大学出版社,2026-5,69,,10,https://book.douban.com/subject/38451410/
历史,20世纪亚洲历史学与历史学家百科全书,陈恒 主编,商务印书馆,2026-5,288.00,,,https://book.douban.com/subject/37397526/
历史,帝国炼金术,[澳] 安东尼·瑞德 (Anthony Reid),浙江人民出版社,2026-6-1,98.00,,10,https://book.douban.com/subject/37502912/
历史,六经责我开生面,刘和平,花城出版社,2026-4,68元,9.1,100,https://book.douban.com/subject/38427428/
历史,王安石“强辩”考,周思成,贵州人民出版社,2024-5,58.00元,8.2,495,https://book.douban.com/subject/36896671/
历史,拿破仑大帝,[英] 安德鲁·罗伯茨（Andrew Roberts）,社会科学文献出版社,2016-6-1,158.00元,8.7,1641,https://book.douban.com/subject/26802226/
历史,古希腊文明的光芒（上下）,赵林,人民邮电出版社,2020-11,188.00元,9.0,2623,https://book.douban.com/subject/35225153/
历史,中国现代国家的起源,[美] 孔飞力,生活·读书·新知三联书店,2013-10,35.00元,8.7,5625,https://book.douban.com/subject/25750468/
历史,在阿尔巴尼亚长大,[英] 莱亚·乌皮,上海三联书店,2024-9,58.00元,8.6,2437,https://book.douban.com/subject/36831435/
历史,重走,杨潇,上海文艺出版社,2021-5,98.00元,8.9,11829,https://book.douban.com/subject/35436901/
历史,東魏北齊的統治集團,王怡辰,文津出版社,2006-10-1,NT$ 480,8.7,249,https://book.douban.com/subject/3087269/
历史,洪业,[美] 魏斐德,新星出版社,2017-2,118.00元,8.4,1816,https://book.douban.com/subject/26988219/
历史,全球通史,[美] 霍华德‧斯波德克（Howard Spodek）,上海社会科学院出版社,2018-11,580,9.3,394,https://book.douban.com/subject/30398015/
历史,她来自马里乌波尔,[德]娜塔莎·沃丁,新星出版社,2021-3,58.00元,9.0,15121,https://book.douban.com/subject/35379215/
历史,在职母亲的双重困境,[英] 海伦·麦卡锡（Helen McCarthy）,黄瑶,上海文艺出版社,2026-4,8.8,19,https://book.douban.com/subject/37432275/
历史,翡翠岛编年（十周年增订版）,包慧怡,上海社会科学院出版社,2026-2,88.00元,8.3,74,https://book.douban.com/subject/37403819/
历史,希腊罗马时期的犹太文明,(美) 沙亚·科恩,商务印书馆,2026-2,108.00,,10,https://book.douban.com/subject/37488723/
历史,盛世前夜,吴鹏,中国人民大学出版社,2023-6,99.00,7.7,671,https://book.douban.com/subject/36404973/
历史,盛世的崩塌,郭建龙,天地出版社,2022-7,98.00元,7.7,2306,https://book.douban.com/subject/35953874/
历史,中文打字机,[美] 墨磊宁,广西师范大学出版社,2023-1,98.00元,9.0,2634,https://book.douban.com/subject/36089563/
历史,大明旗号与小中华意识,孙卫国,四川人民出版社,2021-8,89.00元,9.2,304,https://book.douban.com/subject/35255637/
历史,古人生活与文化图鉴,浪花姜,万卷出版公司,2025-10-16,59.8,7.3,273,https://book.douban.com/subject/37522750/
历史,何以中国：考古里的万年中国史,上海广播电视台,上海人民出版社,2026-1,148.00元,8.0,33,https://book.douban.com/subject/38177294/
历史,十六国霸史文献与隋唐东亚世界,童岭,社会科学文献出版社,2026-2,128.8,8.8,45,https://book.douban.com/subject/37562614/
历史,历史是什么2.0,[英] 海伦·卡尔、[英] 苏珊娜·科普斯科姆 主编,广西师范大学出版社,2025-12,72.00元,8.4,125,https://book.douban.com/subject/37384981/
历史,大国的崩溃,[美] 沙希利·浦洛基,四川人民出版社 天地出版社,2017-5,58.00元,8.0,3846,https://book.douban.com/subject/27021578/
历史,朕亦一书生,卜键,北京大学出版社,2026-3,69.00,7.4,26,https://book.douban.com/subject/37534849/
历史,季风海域的丝银对流,[西] 欧阳安,中信出版集团,2025-6,128.00元,8.4,90,https://book.douban.com/subject/37359560/
历史,海洋帝国,[英] 罗杰·克劳利,社会科学文献出版社,2014-6,55.00元,9.0,5741,https://book.douban.com/subject/25891321/
历史,半小时漫画世界史,陈磊,江苏凤凰文艺出版社,2018-4-4,39.90元,7.6,19844,https://book.douban.com/subject/30191803/
历史,半小时漫画世界史2,陈磊、半小时漫画团队,北京日报出版社,2021-5,49.90元,7.8,2329,https://book.douban.com/subject/35455510/
历史,当权的第三帝国,[英] 理查德·J. 埃文斯,九州出版社,2020-2,179.00元,9.4,3161,https://book.douban.com/subject/34925415/
历史,纷纭万端,沈松侨,沈松侨,上海人民出版社,2024-6-6,9.2,306,https://book.douban.com/subject/36844667/
历史,第二次世界大战战史,[英] 李德·哈特,上海人民出版社,2009-3-1,75.00元,8.9,1623,https://book.douban.com/subject/3610090/
历史,“无责任”的帝国,商兆琦,上海三联书店,2023-7,88.00元,8.6,1177,https://book.douban.com/subject/36392902/
历史,中共党史重要事件和人物纪事,白云涛,四川人民出版社,2025-9,68,9.2,52,https://book.douban.com/subject/37795128/
历史,儒学、数术与政治,陈侃理,北京大学出版社,2025-7-1,98.00元,9.0,19,https://book.douban.com/subject/37373769/
历史,火种,刘统,上海人民出版社,2020-12,98.00元,8.6,815,https://book.douban.com/subject/35289186/
历史,杜甫的船,刘鲁颂,生活·读书·新知三联书店,2026-4,49.00元,7.8,29,https://book.douban.com/subject/37869737/
历史,镰仓幕府与外来冲击,[日] 网野善彦,民主与建设出版社,2025-8,78,8.9,69,https://book.douban.com/subject/37433676/
历史,延续辽祚,郑毅,辽宁人民出版社,2026-3,78.00元,,10,https://book.douban.com/subject/37535214/
历史,世界小史,[英] 恩斯特·贡布里希,广西师范大学出版社,2016-1,48.00,8.6,5953,https://book.douban.com/subject/26292964/
历史,银、剑、石,[美] 玛丽· 阿拉纳,中信出版集团,2021-4-5,88.00元,9.1,2305,https://book.douban.com/subject/35388636/
历史,三十年战争史,[英] 彼得·威尔逊,九州出版社,2020-12,160.00元,8.7,500,https://book.douban.com/subject/35152172/
历史,陈寅恪魏晋南北朝史讲演录,万绳楠 整理、陈寅恪,贵州人民出版社,2007-4,29.80元,9.1,5791,https://book.douban.com/subject/2032141/
历史,天下英雄谁敌手,刘勃,上海文艺出版社,2021-4,49.00,8.2,2461,https://book.douban.com/subject/35432337/
历史,中国史的庙堂和江湖,施展,海南出版社,2024-8,59.90元,8.2,256,https://book.douban.com/subject/37003074/
历史,明朝那些事儿（贰）,当年明月,中国友谊出版公司,2007-1,24.80,8.9,58960,https://book.douban.com/subject/1949338/
历史,党员、党权与党争,王奇生,华文出版社,2010-11,48.00元,9.3,8217,https://book.douban.com/subject/5372471/
历史,历史的拐点,阎学通,中信出版集团,2025-12-20,79,7.2,147,https://book.douban.com/subject/37896737/
历史,拉丁美洲被切开的血管,[乌拉圭] 爱德华多·加莱亚诺,南京大学出版社,2018-11,79.00元,8.3,7228,https://book.douban.com/subject/30335758/
历史,國家為什麼會失敗,戴倫·艾塞默魯 (Daron Acemoglu)、詹姆斯·羅賓森 (James A. Robinson),衛城出版,2025-5-28,NT$650,8.3,702,https://book.douban.com/subject/37321384/
历史,四海之内,葛剑雄,人民文学出版社,2024-3,69.00,8.0,162,https://book.douban.com/subject/36675019/
历史,袁氏当国,唐德刚,广西师范大学出版社,2004-11,17.00,8.5,8180,https://book.douban.com/subject/1000280/
历史,海洋的尽头是大陆,[澳] 杰弗里·C. 冈恩,团结出版社,2026-3,78.00元,,,https://book.douban.com/subject/37348549/
历史,中世纪的形成,[英] R.H.萨瑟恩,[英] R.H.萨瑟恩,张绪山、张捷,商务印书馆,,,https://book.douban.com/subject/38388453/
历史,论中国,[美] 亨利·基辛格,中信出版社,2015-7,68.00元,9.0,9458,https://book.douban.com/subject/26607419/
历史,美术、神话与祭祀,张光直,生活·读书·新知三联书店,2013-1,39.00元,8.9,2191,https://book.douban.com/subject/20516441/
历史,秦谜（插图增订版）,李开元,上海人民出版社,2020-8,89.00元,8.1,2037,https://book.douban.com/subject/35067613/
历史,一读就上瘾的中国史,温伯陵,台海出版社,2020-7-1,59.80元,6.8,3147,https://book.douban.com/subject/35152387/
历史,张居正大传,朱东润,中华书局,2022-12,68.00,9.1,296,https://book.douban.com/subject/36351110/
历史,罗马的命运,[美] 凯尔·哈珀,北京联合出版公司,2019-6,96.00元,8.3,1039,https://book.douban.com/subject/34432189/
历史,孤星之旅,周文翰,新星出版社,2023-2-10,128,8.7,1664,https://book.douban.com/subject/36247474/
历史,印加帝国的末日,[美] 金·麦夸里,社会科学文献出版社,2017-5,92.00元,8.8,1318,https://book.douban.com/subject/26997145/
历史,武夫当国,杜文玉,天津人民出版社,2025-8,98元,7.5,106,https://book.douban.com/subject/37358583/
历史,太平公主和她的时代,蒙曼,浙江教育出版社,2022-4,52.00元,7.4,2426,https://book.douban.com/subject/35897928/
历史,家庭的命运,[英] 莉奥诺·达维多夫、[英]凯瑟琳·霍尔,上海人民出版社,2026-2-1,298.00,,10,https://book.douban.com/subject/37669313/
历史,天变地异的社会学,[日]串田久治,商务印书馆,2026-3,48.00元,7.0,14,https://book.douban.com/subject/37832771/
历史,逆行的霸主,刘勃,新星出版社,2023-9-30,56,8.4,1323,https://book.douban.com/subject/36283423/
历史,唐代官制,张国刚,中华书局,2025,108.00元,8.9,28,https://book.douban.com/subject/37417965/
历史,作家城堡,[德] 乌韦·诺伊玛尔,新星出版社,2025-9,79.00元,8.3,415,https://book.douban.com/subject/37458524/
历史,走向全球战争之路,陈兼,东方出版中心,2025-12,98.00元,9.1,31,https://book.douban.com/subject/37494943/
历史,制造汉武帝（增订本）,辛德勇,生活·读书·新知三联书店,2018-8,48.00元,8.0,1614,https://book.douban.com/subject/30260384/
历史,从俾斯麦到希特勒,[德] 塞巴斯蒂安•哈夫纳,译林出版社,2015-12,42.00,8.8,1994,https://book.douban.com/subject/26647781/
历史,三案始末,温功义,生活·读书·新知三联书店,2013-9,29.00,8.9,6599,https://book.douban.com/subject/25760457/
历史,阿提拉、成吉思汗与帖木儿,[法] 勒内·格鲁塞,民主与建设出版社,2025-7,150.00元,8.3,253,https://book.douban.com/subject/36837746/
历史,袁氏当国,唐德刚,广西师范大学出版社,2015-2,56.00元,8.6,1394,https://book.douban.com/subject/26314773/
历史,史记是本语文书：全三册,谭木声,谭木声,北京联合出版公司,168.00元,,10,https://book.douban.com/subject/38396019/
历史,伊朗,[英]迈克尔•阿克斯沃西,浙江人民出版社,2021-12-1,62.00,7.5,974,https://book.douban.com/subject/35669109/
历史,中亚行纪,[挪威] 埃丽卡·法特兰,河南文艺出版社,2022-4,66.00元,8.7,7417,https://book.douban.com/subject/35886421/
历史,看遍中国博物馆,杨学涛,清华大学出版社,2025-6,298,8.2,48,https://book.douban.com/subject/37321130/
历史,中国古代文化常识：古人的生活（漫画版）,王力、梦雨,江苏凤凰文艺出版社,2025-8,58.00元,9.5,429,https://book.douban.com/subject/37414763/
历史,1948：天地玄黄,钱理群,生活·读书·新知三联书店,2015-5,30.00,9.2,973,https://book.douban.com/subject/25907862/
历史,中国转向内在,【美】刘子健,江苏人民出版社,2023-4-20,68.00元,8.2,409,https://book.douban.com/subject/36317432/
历史,王安石传,崔铭,天津人民出版社,2021-11-1,98.00元,8.2,535,https://book.douban.com/subject/35635777/
历史,早期东南亚,[新西兰] 查尔斯·海厄姆,科学出版社,2025-10,208.00元,,10,https://book.douban.com/subject/37818202/
历史,巨流河,齐邦媛,生活·读书·新知三联书店,2010-10,39.00元,8.6,36054,https://book.douban.com/subject/4842446/
历史,万古江河,许倬云,北京日报出版社,2023-3,78.00元,8.5,924,https://book.douban.com/subject/36316053/
历史,稀见清世史料并考释,王庆成 编著,王庆成 编著,广西师范大学出版社,2026-4,,10,https://book.douban.com/subject/38219660/
历史,中华帝国晚期的性、法律与社会,[美]苏成捷（Matthew H. Sommer）,广西师范大学出版社,2023-5,98,9.1,2688,https://book.douban.com/subject/36197606/
历史,秦汉魏晋史探微,田余庆,中华书局,2023-6,68.00元,9.3,535,https://book.douban.com/subject/36206258/
历史,崩盘,(加)卜正民,九州出版社,2025-7,78.00元,8.0,541,https://book.douban.com/subject/37393822/
历史,伊朗五百年,阿巴斯·阿马纳特,人民日报出版社,2022-6-30,178,8.3,445,https://book.douban.com/subject/35553505/
历史,战争的试炼,[英] 托马斯·阿斯布里奇,民主与建设出版社,2020-5,128.00元,9.2,1118,https://book.douban.com/subject/34978585/
历史,太平天国,[美] 史景迁,广西师范大学出版社,2011-9-1,56.00元,7.7,3273,https://book.douban.com/subject/6860955/
历史,第五太阳纪,[美] 卡米拉·汤森,社会科学文献出版社,2024-1,89.00元,8.0,107,https://book.douban.com/subject/36672961/
历史,耶路撒冷三千年,[英] 西蒙·蒙蒂菲奥里,究竟出版社股份有限公司,2013-3,NT590,8.1,4217,https://book.douban.com/subject/22638869/
历史,诸神的黄昏,[美]伊恩·托尔,中信出版集团,2021-12,158,9.6,1241,https://book.douban.com/subject/35620036/
历史,李鸿章传,梁启超,中华书局,2012-7,13.00元,9.1,4705,https://book.douban.com/subject/11629131/
历史,季风亚非,邹振环,复旦大学出版社,2026-3,128.00元,,10,https://book.douban.com/subject/37761209/
历史,向海寻鲸,周文翰,天地出版社,2026-3,88,9.2,54,https://book.douban.com/subject/38391383/
历史,楚汉双雄,渤海小吏,台海出版社,2020-12-1,60.00,8.1,5705,https://book.douban.com/subject/35260060/
历史,失去的三百年,郭建龙,浙江人民出版社,2024-10,98.00元,8.3,818,https://book.douban.com/subject/37017983/
历史,筚路蓝缕,张国宝,人民出版社,2018-9,138.00元,8.9,1149,https://book.douban.com/subject/30348776/
历史,古人的脑洞有多大,赵运涛,赵运涛,北京联合出版公司,2026-4,,21,https://book.douban.com/subject/38415143/
历史,这就是中国古建筑,王澍、王贵祥、王炜、沈旸、顾凯、永昕群、方拥、周乾、萧易、杭侃、贾珺,上海人民出版社,2026-5,108.00,8.0,42,https://book.douban.com/subject/37530685/
历史,联合政府与一党训政,邓野,社会科学文献出版社,2011-11,58.00元,9.4,3898,https://book.douban.com/subject/6895949/
历史,千年一窟看云冈,王凯,中信出版集团,2025-11,368,9.6,31,https://book.douban.com/subject/37862141/
历史,少年世界史,押沙龙,山东文艺出版社,2023-11-28,188,9.1,774,https://book.douban.com/subject/36490699/
历史,幕末之梅,[美] 西蒙·帕特纳,浙江大学出版社,2025-10,65.00,8.8,60,https://book.douban.com/subject/37480328/
历史,伯罗奔尼撒战争史,[古希腊] 修昔底德,中国社会科学出版社,2017-12-31,CNY 128.00,9.4,514,https://book.douban.com/subject/27197930/
历史,现代思想中的恶,[德] 苏珊·奈曼 (Susan Neiman),民主与建设出版社,2026-4,92.00元,9.2,84,https://book.douban.com/subject/38241632/
历史,艾希曼在耶路撒冷,[美] 汉娜·阿伦特,译林出版社,2017-1,59.00,8.6,6790,https://book.douban.com/subject/26834183/
历史,天庾正供的重构,周健,生活·读书·新知三联书店,2025-12,88.00元,9.3,13,https://book.douban.com/subject/37835676/
历史,刘备,韩昇,中华书局,2026-3-1,58.00元,6.8,22,https://book.douban.com/subject/37834559/
历史,社会性别与历史书写,沈惠芬,中国社会科学出版社出版,2025-7,98,8.6,10,https://book.douban.com/subject/38226377/
历史,走向混沌,从维熙,作家出版社,2012-10,39.00元,9.0,128,https://book.douban.com/subject/20268128/
历史,走出黑暗时代,庞国庆,江苏人民出版社,2026-5,98.00元,,10,https://book.douban.com/subject/37811459/
历史,生育之鉴,[美] 吴一立,广西师范大学出版社,2026-6,89,,10,https://book.douban.com/subject/37562564/
历史,地缘政治学史论,刘小枫,华夏出版社,2026-7,118,,12,https://book.douban.com/subject/38177160/
历史,漕运与中国社会,吴琦,广西师范大学出版社,2026-6,88,,10,https://book.douban.com/subject/37818797/
历史,整体世界史论,吴于廑,生活·读书新知三联书店,2026-6,86.00元,,10,https://book.douban.com/subject/37835680/
历史,二号病,方小平,万芷均,香港中文大学出版社,2026-5,,10,https://book.douban.com/subject/38493980/
历史,一百年，许多人，许多事,杨苡,译林出版社,2023-1,108元,8.4,10360,https://book.douban.com/subject/36162256/
历史,中产阶级的孩子们,程巍,生活·读书·新知三联书店,2026-2,98.00元,8.7,248,https://book.douban.com/subject/37863583/
历史,明代奇案录：洪武卷,柏桦,浙江人民出版社,2025-10,68,7.1,37,https://book.douban.com/subject/37545843/
历史,亢奋战,[德] 诺曼·奥勒,社会科学文献出版社,2018-10,69.00元,8.2,2714,https://book.douban.com/subject/30230911/
历史,四万万顾客,[美] 卡尔·克劳,九州出版社,2022-4,48.00元,8.3,2266,https://book.douban.com/subject/35778341/
历史,北境之主,(英) 尼尔·普莱斯,社会科学文献出版社,2024-8,69元,,10,https://book.douban.com/subject/37016389/
历史,文明的冲突,[美]塞缪尔·亨廷顿,新华出版社,2017-10,69元,8.6,2231,https://book.douban.com/subject/27203334/
历史,联动的世界史,[日] 南塚信吾,上海文化出版社,2024-7,58.00元,8.5,107,https://book.douban.com/subject/36858415/
历史,东方专制主义,[美] 卡尔·A.魏特夫,中国社会科学出版社,1989-9,9.50,7.8,411,https://book.douban.com/subject/1851215/
历史,旗袍下的觉醒,张耀杰、林潇,广东人民出版社,2026-3,88.00元,,23,https://book.douban.com/subject/38381684/
历史,大隋兴衰四十年2：饥饿盛世,蒙曼,浙江教育出版社,2020-11-1,45.00,8.1,1164,https://book.douban.com/subject/35229371/
历史,中国思想史（修订本）（三卷本）,葛兆光,商务印书馆,2025-11,238,9.4,109,https://book.douban.com/subject/36908960/
历史,银元时代生活史,陈存仁,云南人民出版社,2024-3,88.00元,8.5,1037,https://book.douban.com/subject/36790812/
历史,血与火,[美] 乔治·R·R·马丁,重庆出版社,2020-2,180.00元,8.9,3936,https://book.douban.com/subject/34907838/
历史,法国简史,[英] 约翰·朱利叶斯·诺威奇,中国友谊出版公司,2021-12,84.00元,7.8,357,https://book.douban.com/subject/35694360/
历史,泥潭,刘楚昕,漓江出版社,2025-6-1,42,6.6,2958,https://book.douban.com/subject/37386531/
历史,锌皮娃娃兵,[白俄] S. A. 阿列克谢耶维奇,中信出版集团,2021-8,59,8.6,1129,https://book.douban.com/subject/35045200/
历史,汉书（全十二册）,班固,中华书局,1962-6-1,177.00,9.4,2079,https://book.douban.com/subject/1029723/
历史,何以中国,许宏,生活·读书·新知三联书店,2016-5,42.00元,8.1,2854,https://book.douban.com/subject/26782702/
历史,杜威东亚书简,刘幸 主编,北京师范大学出版社,2026-2,132.00元,,10,https://book.douban.com/subject/37661275/
历史,哈德孙湾公司,[加] 斯蒂芬·R.鲍恩 (Stephen R. Bown),社会科学文献出版社,2026-2,99.00元,,10,https://book.douban.com/subject/37852750/
历史,通胀螺旋,张嘉璈,中信出版社,2018-10-1,68.00元,8.6,624,https://book.douban.com/subject/30345940/
历史,博物馆，一部世界史I,［法］克日什托夫·波米安（Krzysztof Pomian),北京联合出版公司,2026-1,288.00元,8.6,28,https://book.douban.com/subject/37926493/
历史,南宋孝宗时代,蒋杏,团结出版社,2026-3,68.00,9.6,38,https://book.douban.com/subject/38236486/
历史,战时的第三帝国,[英]理查德·J. 埃文斯,九州出版社,2020-8,189.00 元,9.3,2057,https://book.douban.com/subject/35134992/
历史,人命关天,郑小悠,上海人民出版社,2022-10,78.00元,9.0,414,https://book.douban.com/subject/36110433/
历史,奶酪与蛆虫,[意]卡洛·金茨堡,广西师范大学出版社,2021-7,75.00元,8.0,4701,https://book.douban.com/subject/35470123/
历史,八月炮火,[美] 巴巴拉·塔奇曼,上海三联书店,2018-8,108.00元,8.8,3020,https://book.douban.com/subject/30258604/
历史,南北战争三百年,李硕,上海人民出版社,2018-1,59.00元,8.0,3159,https://book.douban.com/subject/28135034/
历史,反对自己,[美] 塞缪尔·莫恩,广西师范大学出版社,2026-3,59.00元,7.5,19,https://book.douban.com/subject/37536523/
历史,帝王的腔调,石继航,当代世界出版社,2026-1,78.00元,,35,https://book.douban.com/subject/38212477/
历史,马可·波罗和他的世界,[美] 莎朗·木下,重庆出版社,2026-1,78.00元,7.8,41,https://book.douban.com/subject/37405156/
历史,美國華人史,張純如(Iris Chang),遠足文化事業股份有限公司,2018-10-3,NT$600,9.4,340,https://book.douban.com/subject/30320790/
历史,莫卧儿王朝的灭亡,[英] 威廉·达尔林普尔,社会科学文献出版社,2025-7,149.00元,8.0,60,https://book.douban.com/subject/37375348/
历史,重写晚明史,樊树志 著,中华书局,2024-8,698,9.0,39,https://book.douban.com/subject/36999818/
历史,许倬云说历史：大国霸业的兴废,许倬云,上海文化出版社,2012-4-1,29.80元,7.4,1439,https://book.douban.com/subject/10557529/
历史,封建社会,[法] 马克·布洛赫,商务印书馆,2004-10,62.00元,9.1,883,https://book.douban.com/subject/1053109/
历史,历史的温度4,张玮,中信出版集团,2019-10,58,7.5,2847,https://book.douban.com/subject/34852280/
历史,中国大历史,黄仁宇,生活·读书·新知三联书店,2007-2,19.00元,8.2,30250,https://book.douban.com/subject/1015699/
历史,国家的抉择,马国川,中国大百科全书出版社,2025-10,78.00元,9.2,28,https://book.douban.com/subject/37495948/
历史,交锋三十年,马立诚,江苏人民出版社,2008-10-1,35.00元,7.5,372,https://book.douban.com/subject/3240427/
历史,肉不如竹,张宇凌,上海三联书店,2026-1-1,98,8.3,54,https://book.douban.com/subject/37892167/
历史,全球化时代的历史书写,魏涛,四川人民出版社,2026-2,98.00元,8.4,31,https://book.douban.com/subject/37891385/
历史,这里是中国,中国青藏高原研究会,中信出版集团,2019-9,168.00元,8.2,11955,https://book.douban.com/subject/34835320/
历史,明朝那些事儿（叁）,当年明月,中国友谊出版公司,2007-4,24.80,8.9,49023,https://book.douban.com/subject/2052448/
历史,中国中古政治史论,毛汉光,北京科学技术出版社,2024-1,150.00元,9.0,263,https://book.douban.com/subject/36382542/
历史,藩镇与唐代政治,孟彦弘,凤凰出版社,2025-8,88,8.8,133,https://book.douban.com/subject/37470881/
历史,求索中国,萧冬连,红旗出版社,1999-9-1,58.00元,9.1,471,https://book.douban.com/subject/2022118/
历史,先秦人的日常时光,许进雄,广西师范大学出版社,2025-5,98元,7.4,62,https://book.douban.com/subject/37276361/
历史,圣经与利剑,[美] 巴巴拉·W·塔奇曼,上海三联书店,2019-3,78.00元,7.6,955,https://book.douban.com/subject/30319982/
历史,汴京，汴京,高飏,北京科学技术出版社,2026-1-1,79.00,8.9,36,https://book.douban.com/subject/37887263/
历史,太平天国的文献和历史,王庆成,广西师范大学出版社,2025-11,108元,8.9,20,https://book.douban.com/subject/37570226/
历史,镖人：卷十,许先哲,江苏凤凰文艺出版社,2020-7,42.80元,8.6,5440,https://book.douban.com/subject/35139911/
历史,历史学家的技艺,[法]马克·布洛赫,上海社会科学院出版社,2019-7,68.00元,8.8,965,https://book.douban.com/subject/33462994/
历史,历史学与社会理论,[英国] 彼得·伯克,上海人民出版社,2019-11,52.00元,9.2,1732,https://book.douban.com/subject/34842935/
历史,历史的观念,[英] 柯林武德,北京大学出版社,2010-1,55.00元,9.3,904,https://book.douban.com/subject/4241783/
历史,中美相遇,王元崇,文汇出版社,2021-1,79.00元,8.7,869,https://book.douban.com/subject/35301514/
历史,复长安,范西园,天地出版社,2026-3,88,8.0,74,https://book.douban.com/subject/38193901/
历史,“红星”,[日]石川祯浩,北京大学出版社,2021-6,64.00元,8.5,1056,https://book.douban.com/subject/35511171/
历史,察举制度变迁史稿,阎步克,北京师范大学出版社,2021-1-1,89.00元,9.1,580,https://book.douban.com/subject/35237020/
历史,帝国的技艺,郑非,一頁folio | 广西师范大学出版社,2021-12,79,8.7,621,https://book.douban.com/subject/35605802/
历史,巫蛊乱长安,谭木声,贵州人民出版社,2024-5,68.00元,7.8,1829,https://book.douban.com/subject/36885590/
历史,魏晋南北朝史札记,周一良,商务印书馆,2026-3,98,,15,https://book.douban.com/subject/37034301/
历史,墨西哥与中美洲古代文明,[美] 苏珊·托比·埃文斯,生活·读书·新知三联书店,2023-5,198.00元,9.2,55,https://book.douban.com/subject/36197666/
历史,门阀,南朝,台海出版社,2023-7,58,8.0,2639,https://book.douban.com/subject/36462704/
历史,杜凤治日记（全10册）,【清】杜凤治,广东人民出版社,2021-9,1980,9.5,58,https://book.douban.com/subject/35548345/
历史,中国历史通论,王家范,生活·读书·新知三联书店,2019-6,99.00元,9.2,957,https://book.douban.com/subject/30457516/
历史,二千年间,胡绳,万卷出版责任有限公司,2024-8,36,8.0,105,https://book.douban.com/subject/37397211/
历史,苦命天子,茅海建,生活·读书·新知三联书店,2022-10,89.00元,8.8,1541,https://book.douban.com/subject/36157894/
历史,茶馆之殇,秋原,新星出版社,2016-5,28.00元,8.9,2639,https://book.douban.com/subject/26789604/
历史,犹太人三千年简史,[美]雷蒙德•P.谢德林,浙江人民出版社,2020-6-15,68.00,8.2,708,https://book.douban.com/subject/35100237/
历史,阿拉伯通史,[美] 菲利普·希提,东方出版社,2024-4,188.00,7.9,83,https://book.douban.com/subject/36706427/
历史,季风之北，彩云之南,[新加坡] 杨斌,广西师范大学出版社,2023-6,99.00元,8.0,619,https://book.douban.com/subject/36284544/
历史,旧制度与大革命,[法]托克维尔,商务印书馆,2013-3,68.00元,9.0,1695,https://book.douban.com/subject/24530465/
历史,中国历代政治得失,钱穆,岳麓书社,2024-3,39.8,9.3,1692,https://book.douban.com/subject/36792415/
历史,文明、现代化、价值投资与中国 (增订版),李录,中信出版社,2025-3,148.00元,8.5,292,https://book.douban.com/subject/37348724/
历史,一江一河,漆麟,湖南文艺出版社,2026-3,45.00,8.5,62,https://book.douban.com/subject/38184529/
历史,亲爱的波伏瓦,[法] 玛丽娜·鲁什,湖南文艺出版社,2026-3,68.00元,8.4,103,https://book.douban.com/subject/38240922/
历史,奥斯曼帝国统治下的东南欧（1354—1804年）,[匈] 彼得·F. 休格,格致出版社,2024-6,108.00元,8.7,59,https://book.douban.com/subject/36747836/
历史,盛世宰相李林甫,丁俊,社会科学文献出版社,2026-2,98.80元,8.9,20,https://book.douban.com/subject/37869738/
历史,张居正,熊召政,人民文学出版社,2019-4-1,138.00元,7.9,4030,https://book.douban.com/subject/34432625/
历史,置身天下,[英] 项舒晨,中信出版社,2025-12,69.00元,4.6,28,https://book.douban.com/subject/37852017/
历史,二战新史,[英] 理查德·奥弗里,中信出版社,2024-7-15,188.00元,9.1,73,https://book.douban.com/subject/36797103/
历史,毛泽东选集 第三卷,毛泽东,人民出版社,1991-6,18.00元,9.4,6573,https://book.douban.com/subject/1077621/
历史,我的妓女生涯,康素珍 记述、树宇、延年 整理,河北人民出版社,1988-11,3.00元,8.3,746,https://book.douban.com/subject/25820232/
历史,不一樣的中國史 1,楊照,遠流,2020-3-27,NTD 380.00,8.9,201,https://book.douban.com/subject/34988320/
历史,正统与华夷,刘浦江,中华书局,2017-9,79,9.3,894,https://book.douban.com/subject/27119301/
历史,发现藏经洞,[英]奥雷尔·斯坦因,广西师范大学出版社,2020-4,56.00元,7.7,91,https://book.douban.com/subject/35016042/
历史,全译罗马帝国衰亡史,[英]爱德华·吉本、[英] 吉本,北京日报出版社,2021-6,399.00,8.9,125,https://book.douban.com/subject/35399873/
历史,玛雅通史,[美] 迈克尔·D.科、[美] 斯蒂芬·休斯顿,北京联合出版公司,2024-4,128.00,8.5,75,https://book.douban.com/subject/36726088/
历史,东汉时代的政治与社会,[日] 东晋次,上海古籍出版社,2023-11,98,8.6,323,https://book.douban.com/subject/36594045/
历史,龙与狮的对话,王宏志,东方出版中心,2023-6,158.00元,8.7,505,https://book.douban.com/subject/36215478/
历史,女人的中国医疗史,李贞德,浙江古籍出版社,2024-4,88.00元,8.7,70,https://book.douban.com/subject/35358167/
历史,DK时间线上的全球史,英国DK公司编著,中信出版社,2024-2,228,7.5,465,https://book.douban.com/subject/36576112/
历史,活在洪武时代,谌旭彬,浙江人民出版社,2022-6,88.00,8.0,1912,https://book.douban.com/subject/35897352/
历史,两宋烽烟录（第一卷）,顾宏义,中华书局,2025-5,98.00,8.7,88,https://book.douban.com/subject/36973945/
历史,治史三书（增订本）,严耕望,上海人民出版社,2016-6,49.00元,9.4,2534,https://book.douban.com/subject/26817050/
历史,与希罗多德一起旅行,[波] 雷沙德·卡普希钦斯基,云南人民出版社,2025-1,68.00元,8.4,1640,https://book.douban.com/subject/36966387/
历史,晚清七十年,唐德刚,岳麓书社,1999-9,26.80元,8.6,2428,https://book.douban.com/subject/1069724/
历史,王的困惑,许进雄,大象出版社,2026-1-10,168.00元,,10,https://book.douban.com/subject/37899760/
历史,镖人：卷一,许先哲,北京联合出版公司,2018-4,39.90元,8.4,21431,https://book.douban.com/subject/30163844/
历史,南北朝时代,[日] 会田大辅,江苏人民出版社,2026-1,58,8.2,183,https://book.douban.com/subject/37669312/
历史,家庭、私有制和国家的起源,[德] 弗里德里希·恩格斯,人民出版社,2018-12,45.00元,9.5,8261,https://book.douban.com/subject/27194805/
历史,河西走廊,《河西走廊》摄制组  編,甘肃教育出版社,2023-12,98.00元,8.6,912,https://book.douban.com/subject/36748223/
历史,从玄武门之变到贞观之治,孟宪实,浙江人民出版社,2021-10,69.00元,7.4,687,https://book.douban.com/subject/35627024/
历史,西班牙的灵魂,[美] 约翰·克罗,中信出版集团·新思文化,2021-7,98.00元,7.7,525,https://book.douban.com/subject/35506049/
历史,施剑翘复仇案,{美}林郁沁,江苏人民出版社,2021-10-1,68.00元,8.2,1072,https://book.douban.com/subject/35603043/
历史,未来简史,[以色列] 尤瓦尔·赫拉利,中信出版社,2016-12-27,¥100,8.7,11897,https://book.douban.com/subject/26945094/
历史,美国增长的起落,[美]罗伯特·戈登,中信出版社,2018-5,128.00元,8.5,1237,https://book.douban.com/subject/27156012/
历史,历史的逻辑,黄漫,光明日报出版社,2023-1,168元,8.9,152,https://book.douban.com/subject/36206473/
历史,魏晋南北朝史论丛,唐长孺,,唐长孺,中华书局,,10,https://book.douban.com/subject/37889068/
历史,三国史话,吕思勉 著,中国友谊出版公司,2021-3,42,8.2,855,https://book.douban.com/subject/35468325/
历史,从大都到上都,罗新,新星出版社,2023-1,69.00元,8.2,879,https://book.douban.com/subject/35869077/
历史,罗马帝国的陨落,彼得•希瑟 (Peter Heather),中信出版社,2016-11-30,CNY 88.00,8.8,1037,https://book.douban.com/subject/26905142/
历史,伯里克利与雅典伟业的铸就,[美] 唐纳德·卡根,九州出版社,2025-9,88.00元,9.0,125,https://book.douban.com/subject/37488705/
历史,能夏则大与渐慕华风,胡鸿,北京师范大学出版社,2017-3,CNY 59.00,9.0,1657,https://book.douban.com/subject/27011415/
历史,1453 : 君士坦丁堡的陷落,[英]史蒂文·朗西曼,九州出版社,2023-9,72.00元,8.9,406,https://book.douban.com/subject/36494052/
历史,庙堂之蠹,卜键,河南文艺出版社,2025-11,65元,6.9,30,https://book.douban.com/subject/37503064/
历史,土地改革与华北乡村权力变迁,李里峰,江苏人民出版社,2018-8,78.00元,9.4,1067,https://book.douban.com/subject/34451877/
历史,才华贵族,[英] 阿德里安·伍尔德里奇（Adrian Wooldridge）,格致出版社,2026-1-1,158.00元,9.1,30,https://book.douban.com/subject/37530754/
历史,霍布斯鲍姆年代四部曲（套装共4册）,[英] 艾瑞克·霍布斯鲍姆,中信出版社,2017-8-1,362.00,8.9,711,https://book.douban.com/subject/27106738/
历史,三朝北盟会编,(南宋) 徐梦莘 撰、汪圣铎、丁建军、马元元、刘坤 点校,,(南宋) 徐梦莘 撰、汪圣铎、丁建军、马元元、刘坤 点校,中州古籍出版社,,10,https://book.douban.com/subject/37820522/
历史,芯片战争,[美]克里斯·米勒,浙江人民出版社,2023-5,88.00,8.3,6420,https://book.douban.com/subject/36350632/
历史,中世纪的城市,[比利时] 亨利・皮雷纳,商务印书馆,2006-7,12.00元,8.5,1210,https://book.douban.com/subject/1853552/
历史,明朝那些事儿增补版.第2部,当年明月,北京联合出版公司,2017-5,45.00,8.9,238,https://book.douban.com/subject/37013779/
历史,历史是什么？,[英] E.H.卡尔、爱德华·霍列特·卡尔,商务印书馆,2011-7,32.00元,8.8,325,https://book.douban.com/subject/6962601/
历史,如临大敌,黄博,中华书局,2025-6,78.00元,7.7,793,https://book.douban.com/subject/37302628/
历史,历史的温度2,张玮,中信出版集团,2018-2-1,49.00,7.7,5139,https://book.douban.com/subject/27945076/
历史,智人之上,[以色列] 尤瓦尔·赫拉利,中信出版社,2024-9,79.00元,8.0,6522,https://book.douban.com/subject/37001305/
历史,反革命的欧洲,[荷] 马泰斯·洛克,[荷] 马泰斯·洛克,张弛,浙江大学出版社,,,https://book.douban.com/subject/38405907/
历史,纵乐的困惑,[加] 卜正民,广西师范大学出版社,2016-10,49.80元,8.2,2243,https://book.douban.com/subject/26876054/
历史,清代地方政府,瞿同祖,新星出版社,2022-2,78.00元,9.3,2100,https://book.douban.com/subject/35713871/
历史,如何屠龙,[美] 凯特琳·史蒂文森,北京联合出版公司,2023-6,88.00,6.3,1544,https://book.douban.com/subject/36421715/
历史,烧钱,[美] 柏桦,江苏人民出版社,2026-4,78,8.8,13,https://book.douban.com/subject/36930330/
历史,北朝隋唐史论集,黄永年,山西人民出版社,2025-3,249.00元,9.1,57,https://book.douban.com/subject/37224244/
历史,若干重大决策与事件的回顾（上下卷）,薄一波,人民出版社,1999-01,58.00元,9.0,549,https://book.douban.com/subject/1134249/
历史,茶馆,王笛,广西师范大学出版社,2025-8,89,7.7,462,https://book.douban.com/subject/37393903/
历史,希腊人,[美] 伊恩·莫里斯（Ian Morris）、巴里·鲍威尔（Barry B. Powell）,格致出版社,2014-5-1,CNY 108.00,9.0,279,https://book.douban.com/subject/25902636/
历史,你一定爱读的极简欧洲史（增订纪念版）,（澳）约翰•赫斯特,广西师范大学出版社,2018-6,59.00元,8.4,2327,https://book.douban.com/subject/30234331/
历史,苏联的最后一天,[爱尔兰] 康纳·奥克莱利,广西师范大学出版社,2014-9,68.00,8.3,3588,https://book.douban.com/subject/25758414/
历史,辟邪,王帆,浙江人民出版社,2026-1,88.00,8.1,66,https://book.douban.com/subject/37892520/
历史,走进明朝,方志远,四川人民出版社,2025-1,82,9.2,276,https://book.douban.com/subject/36707948/
历史,追寻现代中国,[美]史景迁,四川人民出版社,2019-5,128.00,8.5,1461,https://book.douban.com/subject/30309611/
历史,古埃及史（第一卷）,[英]约翰·罗默,社会科学文献出版社,2024-12,118,8.8,82,https://book.douban.com/subject/36514898/
历史,缠斗,翟东升、朱煜,中信出版集团,2026-4-1,88.00元,8.2,88,https://book.douban.com/subject/38409776/
历史,死屋,[英] 丹尼尔·比尔,四川文艺出版社,2019-6,88.00元,8.7,4010,https://book.douban.com/subject/33400679/
历史,伯罗奔尼撒战争史（上下）,[古希腊] 修昔底德,商务印书馆,1960-4,40.00元,9.0,2976,https://book.douban.com/subject/1439441/
历史,井邑无衣冠,周鼎 著,四川人民出版社,2024-10,85,8.6,318,https://book.douban.com/subject/37008948/
历史,历史的运用与滥用,[加] 玛格丽特·麦克米伦,广西师范大学出版社,2021-3,58,8.0,2320,https://book.douban.com/subject/35324419/
历史,滚动的车轮,黄子懿 驳静 张从志 等,上海译文出版社,2026-3,68,8.8,185,https://book.douban.com/subject/38219563/
历史,叹为观纸,赵洪雅,北京科学技术出版社,2025-6,79元,8.0,109,https://book.douban.com/subject/37250060/
历史,枢纽,施展,湖南文艺出版社,2023-4,128.00元,7.6,707,https://book.douban.com/subject/36331158/
历史,发现“昆仑石刻”,刘钊,中华书局,2026-4,88.00元,8.6,88,https://book.douban.com/subject/38191022/
历史,汉代的谣言,吕宗力,四川人民出版社,2023-6,96.00元,7.4,385,https://book.douban.com/subject/36367029/
历史,中苏关系史纲,沈志华、杨奎松、李丹慧、牛军,社会科学文献出版社,2016-10,198.00元,9.5,1304,https://book.douban.com/subject/26897412/
历史,喀喇汗王朝史 西辽史,魏良弢,人民出版社,2010-9,60.00元,8.2,58,https://book.douban.com/subject/5327834/
历史,小孩的哲学是大人的解药,丰子恺,文汇出版社,2026-3,69.00,9.3,52,https://book.douban.com/subject/38361175/
历史,北魏史,[日]窪添庆文,北京科学技术出版社,2025-9,69.00元,7.7,266,https://book.douban.com/subject/37408576/
历史,历史的选择,龚育之,生活·读书·新知三联书店,2026-4,69.00元,6.8,15,https://book.douban.com/subject/38179952/
历史,极端的年代：1914～1991,[英]艾瑞克•霍布斯鲍姆,中信出版社,2014-3,68.00,8.9,1026,https://book.douban.com/subject/25795767/
历史,明末农民战争史,顾诚,北京日报出版社,2022-5,69.90元,8.2,1215,https://book.douban.com/subject/35909904/
历史,哲学的殿堂,[美]威尔·杜兰特,文汇出版社,2026-3,88,9.2,19,https://book.douban.com/subject/37503072/
历史,和平戛然而止,[加] 玛格丽特 ·麦克米伦,广西师范大学出版社,2022-11,148.00,9.1,650,https://book.douban.com/subject/36089295/
历史,隋唐王朝兴亡史,吴宗国 主编,人民文学出版社,2024-7,68,8.9,43,https://book.douban.com/subject/36864836/
历史,元史学,[美] 海登·怀特,译林出版社,2013-9,89.00,9.2,446,https://book.douban.com/subject/24881189/
历史,边患,无心镜,新世界出版社,2026-4,60元,,27,https://book.douban.com/subject/38408079/
历史,世界历史上的蒙古征服,[美] 梅天穆,民主与建设出版社,2017-10,68.00元,7.9,1866,https://book.douban.com/subject/27081056/
历史,女性，战争与回忆,[美] 李丹柯,重庆出版社,2025-8,68元,9.3,121,https://book.douban.com/subject/37403745/
历史,从敦煌到撒马尔罕,[美] 芮乐伟·韩森,九州出版社,2024-9,108.00元,8.3,405,https://book.douban.com/subject/36892419/
历史,不变与万变,葛剑雄,岳麓书社,2021-1,78.00元,8.0,820,https://book.douban.com/subject/35219197/
历史,神秘的滇藏河流,[英] 金敦·沃德,云南美术出版社,2026-1-17,88.00元,9.6,10,https://book.douban.com/subject/37923353/
历史,长征,哈里森•索尔兹伯里,北京联合出版公司,2015-4-1,45.00元,8.5,512,https://book.douban.com/subject/26344973/
历史,全球史概论,刘文明,北京大学出版社,2022-1,78.00元,8.9,73,https://book.douban.com/subject/35659985/
历史,沈醉回忆录,沈醉,中国文史出版社,2015-1,42.00元,8.0,1235,https://book.douban.com/subject/26305024/
历史,层叠的北京,李纬文,文化艺术出版社,2024-12,118.00元,9.6,57,https://book.douban.com/subject/37131044/
历史,庞贝,[英] 玛丽·比尔德、Mary Beard,民主与建设出版社,2019-10,99.80元,8.4,1282,https://book.douban.com/subject/34438693/
历史,统一与分裂,葛剑雄,商务印书馆,2013-8-1,CNY 38.00,8.1,2059,https://book.douban.com/subject/25720918/
历史,古埃及文明,金寿福,湖南美术出版社,2025-1,108.00元,8.7,207,https://book.douban.com/subject/37136313/
历史,显微镜下的成都,王笛,上海人民出版社,2026-3,89.80元,,10,https://book.douban.com/subject/37226281/
历史,追寻六百万中的六人,[美] 丹尼尔·门德尔松,上海人民出版社,2026-1,139.00,8.8,60,https://book.douban.com/subject/37761186/
历史,希腊罗马名人传（上册）,[古希腊] 普鲁塔克,商务印书馆,1990-11,45.00元,9.3,819,https://book.douban.com/subject/1197950/
历史,在国家与社会之间,刘志伟,北京师范大学出版社,2021-1-1,98.00元,9.2,389,https://book.douban.com/subject/35237281/
历史,英雄祖先与弟兄民族,王明珂,上海人民出版社,2026-1,69.80,8.3,81,https://book.douban.com/subject/37871128/
历史,世界的凛冬,[英] 肯·福莱特,江苏凤凰文艺出版社,2017-3-1,132.00（全三册）,8.7,27150,https://book.douban.com/subject/26957760/
历史,华夏边缘,王明珂,上海人民出版社,2020-7,79.00,9.0,2048,https://book.douban.com/subject/35013931/
历史,明代牙行新论,钱晟,上海人民出版社,2026-4,92,,10,https://book.douban.com/subject/38247479/
历史,云冈石窟的考古学研究,〔日〕冈村秀典,四川人民出版社,2021-10,89.00,9.3,159,https://book.douban.com/subject/35635335/
历史,不服周,刘勋,中华书局,2026-3,88.00元,,10,https://book.douban.com/subject/37426558/
历史,前浪后浪,许纪霖,上海三联书店,2025-1,88.00元,8.2,240,https://book.douban.com/subject/36981914/
历史,两汉风云,渤海小吏,开明出版社,2023-1-1,168.00元,8.4,1974,https://book.douban.com/subject/36238805/
历史,历史的巨镜,金观涛,法律出版社,2015-7-1,52.00元,9.1,1293,https://book.douban.com/subject/26591910/
历史,菊与刀,[美]鲁思・本尼迪克特,商务印书馆,1990-6,16.00,8.2,70047,https://book.douban.com/subject/1022238/
历史,大动乱的年代,王年一,人民出版社,2009-5,48.50元,8.2,1350,https://book.douban.com/subject/3741483/
历史,中国经济启示录,[爱尔兰] 华强森,林琳,东方出版中心,2026-5,,,https://book.douban.com/subject/38384965/
历史,艺术作为自我技术,王家男,中国社会科学出版社,2026-4,138.00元,,10,https://book.douban.com/subject/38228902/
历史,图说敦煌二五四窟,陈海涛、陈琦,生活·读书·新知三联书店,2017-11,96.00元,9.4,4251,https://book.douban.com/subject/27608078/
历史,从平城到洛阳,逯耀东,岳麓书社,2026-4,78,9.7,72,https://book.douban.com/subject/38439141/
历史,印尼 Etc.,[英] 伊莉莎白·皮萨尼,上海三联书店,2019-10,86.00元,8.2,2836,https://book.douban.com/subject/34872741/
历史,全球艺术通史,[美] 玛丽莲·斯托克斯塔德、[美] 迈克尔·科思伦,王春辰 等译,中信出版社,2026,,10,https://book.douban.com/subject/38179918/
历史,生命·生存·生活,张立波,北京大学出版社,2025-4-30,119.00元（含数字课程）,9.9,203,https://book.douban.com/subject/37321118/
历史,誰決定割讓臺灣？,羅振宸,聯經出版公司,2026-5-21,NTD680,,10,https://book.douban.com/subject/38465240/
历史,何以为战,[英] 菲利普·史密斯（Philip Smith）,中国大百科全书出版社,2026-6,68元,,10,https://book.douban.com/subject/38427339/
历史,沧桑十年,马识途,中共中央党校出版社,1999-01,33.00,9.0,289,https://book.douban.com/subject/1274197/
历史,时间的女儿,[英] 约瑟芬·铁伊,中国友谊出版公司,2025-1,45.00,7.3,213,https://book.douban.com/subject/37156690/
历史,從「民族」想像「國家」,王柯,知彼堂,2026-5-29,480元,,,https://book.douban.com/subject/38482593/
历史,美国的奠基时代（重订增补本）,李剑鸣,李剑鸣,商务印书馆,2026-5,,10,https://book.douban.com/subject/36980096/
历史,细读商君书,戴波,中国青年出版社,2026-6,89.00,,10,https://book.douban.com/subject/38488016/
历史,礼国同构,[美] 克礼,江苏人民出版社,2026-6,78,,10,https://book.douban.com/subject/38382078/
历史,茶叶、苦力与美利坚,[美] 达伊勒·A.诺伍德,格致出版社、上海人民出版社,2026-5,85,,10,https://book.douban.com/subject/38175890/
历史,古代近东史,[美] 马克·范·德·米罗普,商务印书馆,2026-6-30,98.00元,,10,https://book.douban.com/subject/38427363/
历史,宋朝军制,王曾瑜,商务印书馆,2026-6,98.00,,10,https://book.douban.com/subject/37347938/
历史,财富、战争与智慧,[美] 巴顿·比格斯,中国人民大学出版社,2025-1-1,118.00元,7.3,75,https://book.douban.com/subject/37123863/
历史,唐代藩镇研究,张国刚,生活·读书·新知三联书店,2023-9,79.00元,8.9,471,https://book.douban.com/subject/36170478/
历史,矢志不渝,【美】卢苇菁,江苏人民出版社,2022-5-1,78.00元,8.3,755,https://book.douban.com/subject/35878914/
历史,上海,[美]刘香成、[英]凯伦·史密斯,世界图书出版公司,2010-05,298.00元,8.4,455,https://book.douban.com/subject/4703007/
历史,职方辨九州,余蔚,余蔚,社会科学文献出版社,2026-1,8.9,36,https://book.douban.com/subject/37832851/
历史,嘉礼大婚,任万平,译林出版社,2026-2-1,128.00元,,10,https://book.douban.com/subject/37495699/
历史,蒙古帝国的阴影下,[美]鲁大维,东方出版中心,2026-2-1,98.00元,,10,https://book.douban.com/subject/38067351/
历史,光荣与梦想（套装共4册）,[美]威廉·曼彻斯特（William Manchester）,中信出版社,2015-3,236.00元,8.7,5828,https://book.douban.com/subject/26314954/
历史,历史深处的民国,江城,华文出版社,2015-1-1,CNY 108.00,8.6,2317,https://book.douban.com/subject/26657935/
历史,隋唐史,岑仲勉,上海古籍出版社,2020-12,82.00元,8.9,137,https://book.douban.com/subject/35281288/
历史,门祭与门神崇拜,王子今,贵州人民出版社,2026-2,88.00元,,12,https://book.douban.com/subject/38221885/
历史,哥德尔、艾舍尔、巴赫,[美] 侯世达,商务印书馆,1997-5,88.00元,9.4,8848,https://book.douban.com/subject/1291204/
历史,伦理与生活,郭松义,广西师范大学出版社,2025-5,98元,8.5,203,https://book.douban.com/subject/37247949/
历史,吴哥王朝兴亡史,[日] 石泽良昭,译林出版社,2024-7,69.00元,7.5,272,https://book.douban.com/subject/36858259/
历史,冰川时代的人类日常,[英] 埃莉·克利福德、[英] 保罗·巴恩,山西人民出版社,2026-1,98.00元,8.4,21,https://book.douban.com/subject/37433669/
历史,南渡北归（第一部）,岳南,湖南文艺出版社,2011-1,39.80元,8.1,6315,https://book.douban.com/subject/5399227/
历史,唐高宗的真相,孟宪实,浙江人民出版社,2026-1,98.00元,8.4,24,https://book.douban.com/subject/38188688/
历史,论美国的民主,[法] 托克维尔,商务印书馆,2017-3,138.00,9.3,585,https://book.douban.com/subject/26847521/
历史,安溪传,谢文哲,鹭江出版社,2026-1,110元,,80,https://book.douban.com/subject/38195528/
历史,记忆的性别,[美] 贺萧（Gail Hershatter）、贺萧,人民出版社,2017-4-1,CNY 88.00,9.4,3477,https://book.douban.com/subject/27030380/
历史,中国乡村,萧公权,九州出版社,2018-2,158.00,9.4,837,https://book.douban.com/subject/30170661/
历史,英德对抗的兴起，1860—1914,[英]保罗·M.肯尼迪、[美国] 保罗·肯尼迪,商务印书馆,2022-11,260,9.0,110,https://book.douban.com/subject/36127477/
历史,法国大革命,吕一民 主编、张弛 执行主编,商务印书馆,2026-1,398,,10,https://book.douban.com/subject/36964248/
历史,第三帝国,[美]托马斯·奇尔德斯,中国友谊出版公司,2025-10,118.00元,9.2,239,https://book.douban.com/subject/37433850/
历史,古拉格群岛,[俄] 亚历山大·索尔仁尼琴,群众出版社,2015-8-19,198.00元,9.4,1511,https://book.douban.com/subject/26603782/
历史,大英博物馆世界简史,[英] 尼尔·麦格雷戈,新星出版社,2014-1-1,108.00元,9.2,4198,https://book.douban.com/subject/25746578/
历史,江南以南,杨斌,上海译文出版社,2025-7-20,98.00元,8.0,89,https://book.douban.com/subject/37378567/
历史,激荡三十年,吴晓波,中信出版社,2008-7-1,32.00元,8.6,19095,https://book.douban.com/subject/3151575/
历史,危险的愉悦,【美】贺萧,江苏人民出版社,2022-5-1,168.00元,8.9,1109,https://book.douban.com/subject/35868317/
历史,古典之子,[美]托马斯·E.里克斯,格致出版社,2026-1-1,88.00元,8.5,33,https://book.douban.com/subject/37648105/
历史,狄更斯的伦敦,[英] 亚历克斯·沃纳、[英] 托尼·威廉斯,上海译文出版社,2026-1,138,8.8,85,https://book.douban.com/subject/37527573/
历史,从弗洛伊德到百忧解,[美] 杰弗里·A.利伯曼、[美] 奥吉·奥加斯,译林出版社,2025-8,78.00,8.5,125,https://book.douban.com/subject/37254874/
历史,穿越非洲两百年,郭建龙,天地出版社,2020-4,88,8.2,2228,https://book.douban.com/subject/34984904/
历史,香料,羅傑．克勞利、[英国] 罗杰·克劳利,馬可孛羅,2025-3-1,NT$580,,10,https://book.douban.com/subject/37248130/
历史,“节”与“殉”,定宜庄,中华书局,2025-10,76.00,8.4,57,https://book.douban.com/subject/37536827/
历史,一看就懂的古代文化常识（全10册）,李天飞,新世纪出版社,2025-10,199.00 元,9.4,97,https://book.douban.com/subject/36403477/
历史,赤脚医生与中国乡村的现代医学,方小平,社会科学文献出版社,2024-4,89.00元,8.0,341,https://book.douban.com/subject/36818797/
历史,君临天下,[英] 多米尼克·利芬,九州出版社,2025-6,110.00元,7.2,198,https://book.douban.com/subject/37336533/
历史,论帕特农神庙,[英] 约翰·博德曼,广东人民出版社,2026-4,65.00,8.0,23,https://book.douban.com/subject/38230381/
历史,帝王总统,[美] 小阿瑟·M.施莱辛格,上海译文出版社,2025-7-31,128.00,8.6,39,https://book.douban.com/subject/37338103/
历史,戴笠与军统秘档解读,孙潇潇,团结出版社,2025-6,78,7.7,26,https://book.douban.com/subject/37370320/
历史,美洲迷梦,[哥伦比亚] 卡洛斯·格拉内斯,上海译文出版社,2025-10,138.00元,7.8,63,https://book.douban.com/subject/25970459/
历史,直到山河尽头,牟森,新星出版社,2022-6,39,7.2,477,https://book.douban.com/subject/36139187/
历史,战争与人性,劳伦斯·莱尚,中国人民大学出版社,2026-3-2,65.00元,,33,https://book.douban.com/subject/38238688/
历史,尚书,王世舜 译注、王翠叶 译注,中华书局,2023-2-1,32.00元,8.7,902,https://book.douban.com/subject/10488581/
历史,隋唐帝国形成史论,谷川道雄,上海古籍出版社,2011-6,58.00元,8.7,750,https://book.douban.com/subject/6510253/
历史,少年读三国,刘勃,云南美术出版社,2023-5-25,99.00元,7.7,362,https://book.douban.com/subject/36417912/
历史,曾国藩大传,林乾、迟云飞,中华书局,2024-9-1,128.00元,9.3,134,https://book.douban.com/subject/36953332/
历史,义和团战争,[英] 孔正滔,[英] 孔正滔,山东大学出版社,2024,,10,https://book.douban.com/subject/36680799/
历史,天鹅绒帝国,[法] 大卫·托德,上海人民出版社,2025-11-1,88,9.1,45,https://book.douban.com/subject/37453916/
历史,狂暴,詹姆斯·M.斯科特,社会科学文献出版社,2026-2,139.00,,10,https://book.douban.com/subject/38394084/
历史,春秋左传注（全四册）,杨伯峻,中华书局,2009-10,178.00元,9.7,1960,https://book.douban.com/subject/4146127/
历史,腹地的构建,[美] 彭慕兰,上海人民出版社,2017-8,69.80,8.3,433,https://book.douban.com/subject/27045312/
历史,英格兰史2·都铎王朝,[英] 彼得·阿克罗伊德,译林出版社,2022-9,88.00元,8.2,105,https://book.douban.com/subject/35951533/
历史,商文明的信仰世界与传统思想渊源,郭静云,上海古籍出版社,2022-12,298.00元,9.0,96,https://book.douban.com/subject/36184575/
历史,北洋军阀史（修订版）,来新夏 等,东方出版中心,2019-8-1,108.00,8.2,229,https://book.douban.com/subject/34617310/
历史,藩镇时代,向传君,新华出版社,2025-9,98,7.9,59,https://book.douban.com/subject/37809002/
历史,經濟漩渦,沈志華,開明書店,2022-12,HK$138  NT$620,8.8,272,https://book.douban.com/subject/36248186/
历史,魏晋南北朝隋唐史三论,唐长孺,唐长孺,中华书局,2026-6,,11,https://book.douban.com/subject/37821211/
历史,魏晋南北朝史论丛续编 魏晋南北朝史论拾遗,唐长孺,唐长孺,中华书局,2026-3,,10,https://book.douban.com/subject/38192363/
历史,绝对主义国家的系谱,[英] 佩里·安德森,上海人民出版社,2016-5-1,78.00元,8.8,328,https://book.douban.com/subject/26806810/
历史,中国古代官名辞典,贺凯（Charles O. Hucker）,北京大学出版社,2008-4,150.00元,9.9,59,https://book.douban.com/subject/3076548/
历史,被遗忘的真迹,徐小虎,广西师范大学出版社,2012-10,118.00元,8.8,295,https://book.douban.com/subject/20254610/
历史,毛泽东的中国及后毛泽东的中国,莫里斯·迈斯纳,四川人民出版社,1992,7.85,8.9,1087,https://book.douban.com/subject/1851488/
历史,哈萨比斯：谷歌AI之脑,塞巴斯蒂安·马拉比,浙江科学技术出版社,2026-3,129.90元,9.0,694,https://book.douban.com/subject/38357884/
历史,什么是文化史,[英] 彼得·伯克,北京大学出版社,2009-10,22.00元,8.6,897,https://book.douban.com/subject/4111675/
历史,第一次世界大战的起源（第三版）,[英]  詹姆斯·乔尔、[英] 戈登·马特尔,商务印书馆,2020-11-1,88.00,9.2,180,https://book.douban.com/subject/35197294/
历史,第二次世界大战战史,[英] 利德尔·哈特 (Liddell Hart),光明日报出版社,2024-2,158.00元,8.9,216,https://book.douban.com/subject/36603503/
历史,恶魔的饱食,森村诚一,学苑出版社,2003年01月,CNY 93.00,9.1,1125,https://book.douban.com/subject/1530882/
历史,无奈的选择,沈志华,社会科学文献出版社,2013-1,148.00元,9.4,990,https://book.douban.com/subject/20483520/
历史,黄巢新探,胡耀飞,陕西人民出版社,2025-10,89.00,8.0,35,https://book.douban.com/subject/37374605/
历史,瓜分沙洲,[英]詹姆斯·巴尔 (James Barr),社会科学文献出版社,2018-9,89.00,7.2,326,https://book.douban.com/subject/30230909/
历史,皇帝,[英]杰弗里·帕克（Geoffrey Parker）,社会科学文献出版社,2021-12,208.00,8.5,239,https://book.douban.com/subject/35449539/
历史,她们的唐朝,于赓哲,于赓哲,陕西人民出版社,2023-5,6.2,189,https://book.douban.com/subject/36412767/
历史,拉美西斯二世,[美] 托比·威尔金森,华夏出版社,2026-1,78.00元,,10,https://book.douban.com/subject/37215539/
历史,独霸中东,[以色列]雅科夫•卡茨 [以色列]阿米尔•鲍伯特,浙江人民出版社,2019-11-30,69.00,7.4,581,https://book.douban.com/subject/34866949/
历史,末世举人刘大鹏,行龙,三晋出版社、山西古籍出版社,2025-1,66.00元,7.5,12,https://book.douban.com/subject/37239223/
历史,半小时漫画中国史大全集,陈磊·半小时漫画团队、陈磊,江苏凤凰文艺出版社,2020-12-10,259.4,8.3,1627,https://book.douban.com/subject/35308868/
历史,土民嗷嗷,[日] 今谷明,崇文书局,2025-10-31,66,9.0,17,https://book.douban.com/subject/37453919/
历史,日本的中世国家,[日] 佐藤进一,崇文书局,2025-3-31,98.00,9.5,58,https://book.douban.com/subject/37183857/
历史,日本人的姓与名,尾脇秀和、尾胁秀和,社会科学文献出版社,2023-7,69,8.7,181,https://book.douban.com/subject/36402001/
历史,二十四史,中华书局编辑部 编著,中华书局,2000-01,1480.00,9.5,662,https://book.douban.com/subject/1012929/
历史,田园诗与狂想曲,秦晖、金雁,语文出版社,2010-1,38.00元,9.3,1951,https://book.douban.com/subject/4243276/
历史,天朝的崩溃,茅海建,生活·读书·新知三联书店,2017-4,72.00,9.5,2639,https://book.douban.com/subject/27045982/
历史,中国经济史,钱穆 讲授、叶龙 记录整理、林毅夫 序,北京联合出版公司,2013-12,46.00元,8.2,1528,https://book.douban.com/subject/25719688/
历史,寻蜀记,萧易,广西师范大学出版社,2021-4,78.00元,8.0,869,https://book.douban.com/subject/35310639/
历史,十五至十八世纪的物质文明、经济和资本主义,[法] 费尔南·布罗代尔,商务印书馆,2017-7,115,9.3,225,https://book.douban.com/subject/27001536/
历史,十五至十八世纪的物质文明、经济和资本主义,[法] 费尔南·布罗代尔,商务印书馆,2017-7-1,118.00,9.2,218,https://book.douban.com/subject/27001535/
历史,万历朝鲜战争全史,朱尔旦,民主与建设出版社,2020-11,199.8,8.7,501,https://book.douban.com/subject/35230161/
历史,殷商六百年,柯胜雨,天地出版社,2023-4,88.00元,7.5,741,https://book.douban.com/subject/36271597/
历史,李光耀观天下,[新加坡] 李光耀,北京大学出版社,2018-2-28,78.00元,9.2,4355,https://book.douban.com/subject/30175059/
历史,中华帝国的衰落,魏斐德 (Frederic Wakeman Jr.),民主与建设出版社,2017-1-1,CNY 42.00,7.7,2639,https://book.douban.com/subject/26954784/
历史,1966-1976：中国百姓生活实录,新华书店,警官教育出版社,1993-7,19.80元,,38,https://book.douban.com/subject/34848531/
历史,明朝那些事儿·第3部,当年明月,浙江人民出版社,2011-11,29.80元,8.9,2256,https://book.douban.com/subject/6902245/
历史,智慧的疆界,周志明,机械工业出版社,2025-5,99.00元,9.0,57,https://book.douban.com/subject/37357392/
历史,国民党与共产国际,李玉贞,人民出版社,2012-5,76.00元,8.6,173,https://book.douban.com/subject/10785068/
历史,梁启超,许知远,广西师范大学出版社,2025-9,88.00,8.6,150,https://book.douban.com/subject/37156611/
历史,地中海与菲利普二世时代的地中海世界,[法]费尔南·布罗代尔,商务印书馆,2017-1,188.00元,9.2,462,https://book.douban.com/subject/27019662/
历史,历史的温度,张玮,中信出版集团,2017-8-1,49.00,7.7,10983,https://book.douban.com/subject/27093233/
历史,漫画苏东坡传,我是不白吃,湖南文艺出版社,2023-9,59.80,8.0,261,https://book.douban.com/subject/36531052/
历史,三国解密,宋杰,天津古籍出版社,2025-9,58.00元,6.4,209,https://book.douban.com/subject/37479707/
历史,日本人为何选择了战争,[日] 加藤阳子,浙江人民出版社,2019-9,69.00元,8.0,4261,https://book.douban.com/subject/34204669/
历史,中国古代战争的地理枢纽,宋杰,北京科学技术出版社,2024-12,180,7.7,189,https://book.douban.com/subject/37109822/
历史,地方督抚与清末新政 (增订版),李细珠,社会科学文献出版社,2018-5,248.00元,8.9,279,https://book.douban.com/subject/30288955/
历史,中古政治与思想文化史论,楼劲,上海人民出版社,2023-1-1,128.0,8.8,168,https://book.douban.com/subject/36209140/
历史,易中天中华史：命运和选择,易中天,浙江文艺出版社,2021-12-1,45.00元,7.0,724,https://book.douban.com/subject/35673588/
历史,“山中”的六朝史,魏斌,生活·读书·新知三联书店,2019-8,52.00元,8.8,1432,https://book.douban.com/subject/34712156/
历史,征服的怒潮,[美]伊恩·托尔,中信出版集团,2020-9,118,9.3,1306,https://book.douban.com/subject/35100338/
历史,情感与制度,郑雅如,凤凰出版社,2021-9,58.00元,7.9,118,https://book.douban.com/subject/35626914/
历史,大宋悬疑录：貔貅刑,记无忌,江苏凤凰文艺出版社,2024-11,68.00元,7.9,1568,https://book.douban.com/subject/37008516/
历史,猛将还乡,赵世瑜,社会科学文献出版社,2022-2,118.00,8.1,419,https://book.douban.com/subject/35623796/
历史,中国通史（上下册）,傅乐成,贵州教育出版社,2019-7,68.00元,8.8,1183,https://book.douban.com/subject/5343931/
历史,隋唐五代史,王仲荦,上海人民出版社,2016-12-1,CNY 158.00,9.1,317,https://book.douban.com/subject/26969624/
历史,文明的遗产,[英] 哈维·怀特豪斯（Harvey Whitehouse）,中信出版集团,2026-1,98.00元,8.1,27,https://book.douban.com/subject/37562568/
历史,人类成功的秘密,[美] 约瑟夫·亨里奇,中信出版社,2025-9-30,108,8.1,29,https://book.douban.com/subject/37652361/
历史,东京梦华录,[宋] 孟元老,三秦出版社,2021-5-6,88,9.1,2390,https://book.douban.com/subject/35436867/
历史,巨人的碰撞,[美] 戴维·M. 格兰茨、[美] 乔纳森·M. 豪斯,江苏凤凰文艺出版社,2020-8-28,169.8,9.1,419,https://book.douban.com/subject/35127632/
历史,清代旅蒙商述略,秋原,新星出版社,2015-5-6,32.00元,9.2,2438,https://book.douban.com/subject/26419408/
历史,沉重的皇冠,[澳] 克里斯托弗·克拉克,中信出版集团,2023-7,78.00元,8.0,65,https://book.douban.com/subject/36402170/
历史,不废江河,王瑞来,广西师范大学出版社,2026-1,78.00元,7.3,33,https://book.douban.com/subject/37818212/
历史,感官之城,(美) 林萃青等主编,社会科学文献出版社,2025-11,79.00元,7.0,13,https://book.douban.com/subject/37472476/
历史,1944：松山战役笔记,余戈 著,生活·读书·新知三联书店,2015-5,69.00,9.2,607,https://book.douban.com/subject/26387875/
历史,走火,保罗·米勒-梅拉梅德,上海人民出版社,2025-5,88.00元,9.0,18,https://book.douban.com/subject/37317672/
历史,织丰政权与江户幕府,[日] 池上裕子,文汇出版社,2021-5,78.00元,8.6,501,https://book.douban.com/subject/35380341/
历史,南明史,顾诚,北京日报出版社,2022-7,238.00,9.4,509,https://book.douban.com/subject/35906085/
历史,刘擎西方现代思想讲义,刘擎,新星出版社,2021-1,79.00元,9.2,46099,https://book.douban.com/subject/35313227/
历史,历史是什么?,[英] 爱德华·霍列特·卡尔,商务印书馆,2007-6,19.00元,8.6,1783,https://book.douban.com/subject/2185235/
历史,战时的博弈,[美]  大卫·I.科泽 (David I. Kertzer),民主与建设出版社,2025-10,148.00元,9.0,84,https://book.douban.com/subject/37522543/
历史,读史求实,杨奎松,浙江大学出版社,2011-11,38.00元,8.5,914,https://book.douban.com/subject/6895934/
历史,南明史,[美] 司徒琳,上海人民出版社,2017-6,49.00,8.1,643,https://book.douban.com/subject/27024199/
历史,马、车轮和语言,(美) 大卫·安东尼,中国社会科学出版社,2016-6-1,128,8.4,74,https://book.douban.com/subject/27590450/
历史,理性乐观派,（美）马特·里德利（Matt Ridley）,机械工业出版社,2011-11-1,45.00元,8.2,2989,https://book.douban.com/subject/6913343/
历史,中国的妇女与财产,[美] 白凯,广西师范大学出版社,2024-7,78,7.7,433,https://book.douban.com/subject/36908950/
历史,西方哲学史,(英) 罗素,金城出版社,2026-3,180.00,8.6,38,https://book.douban.com/subject/37179782/
历史,面具之下,俞凡,山西人民出版社,2026-1,88.00元,8.4,17,https://book.douban.com/subject/38178759/
历史,分裂的帝国：南北朝,[美] 陆威仪、Mark Edward Lewis,中信出版社,2016-10,68,8.0,1182,https://book.douban.com/subject/26851895/
历史,血酬定律,吴思,语文出版社,2009-4,28.00,8.1,4466,https://book.douban.com/subject/3640150/
历史,唐太宗李世民,黄永年,中华书局,2025-8,68.00元,7.7,36,https://book.douban.com/subject/37383485/
历史,二千年间,胡绳,北京出版社,2015-9,26.00元,8.1,240,https://book.douban.com/subject/26709086/
历史,太后西奔,谭木声,新星出版社,2023-7,58.00元,8.0,2501,https://book.douban.com/subject/36463589/
历史,十年非梦,黄金海,,黄金海,2013,,56,https://book.douban.com/subject/38359858/
历史,漩涡中的南卡罗来纳,魏涛,上海人民出版社,2026-1,128.00元,,,https://book.douban.com/subject/37832904/
历史,“全本全注全译”《史记》（全九册）,(汉) 司马迁 著、杨燕起 译注,岳麓书社,2021-4,498.00元,9.5,349,https://book.douban.com/subject/33372618/
历史,大隋兴衰四十年3：雄略暴君,蒙曼,浙江教育出版社,2020-11-1,45.00,8.1,1099,https://book.douban.com/subject/35229372/
历史,红颜来处是长安,蒋爱花,江苏凤凰文艺出版社,2025-11,69.00元,5.8,132,https://book.douban.com/subject/37807252/
历史,世说新语,［南朝宋］刘义庆 著、［南朝梁］刘孝标 注、徐传武 校点,上海古籍出版社,2013-8,35.00元,9.3,1413,https://book.douban.com/subject/24883397/
历史,波兰史,[英] 亚当·扎莫伊斯基,中国友谊出版公司,2019-9,88.00元,8.2,1287,https://book.douban.com/subject/34393750/
历史,晚清困局,王学斌,天地出版社,2025-10,78.00元,7.3,64,https://book.douban.com/subject/37436492/
历史,越绝书,张仲清 译注,中华书局,2022-9-1,28.00元,8.3,118,https://book.douban.com/subject/35172217/
历史,宋太祖,顾宏义,广东人民出版社,2023-9,138.00元,8.6,669,https://book.douban.com/subject/35771888/
历史,战国时代的东西差别,梁云,生活·读书·新知三联书店,2026-1,120.00元,8.5,61,https://book.douban.com/subject/37432194/
历史,纵横一代中,韩戍,广东人民出版社,2026-3,49,8.3,40,https://book.douban.com/subject/37897343/
历史,中国古代简史（第二版）,张帆,北京大学出版社,2015-9,48.00元,9.4,1785,https://book.douban.com/subject/26614948/
历史,中国古代物质文化,孙机,中华书局,2014-7,98.00元,9.1,2058,https://book.douban.com/subject/25961497/
历史,军事密码,郭建龙,中信出版集团,2024-8-20,98.00元,7.9,190,https://book.douban.com/subject/37003049/
历史,最寒冷的冬天,[美] 大卫·哈伯斯塔姆,台海出版社,2017-5,86.00,8.2,3177,https://book.douban.com/subject/27102845/
历史,分肥游戏,许右史,江苏凤凰文艺出版社、江苏文艺出版社,2025-8,59.80元,5.0,248,https://book.douban.com/subject/37482097/
历史,罗马和地中海世界,[美] 内森·罗森斯坦,上海三联书店,2025-8,69.00元,,10,https://book.douban.com/subject/37427713/
历史,大唐兴亡三百年,王觉仁,人民日报出版社,2018-10,44.90 元,7.3,1320,https://book.douban.com/subject/30364327/
历史,严耕望史学论文选集,严耕望,九州出版社,2025,138,,10,https://book.douban.com/subject/36631043/
历史,金明馆丛稿初编,陈寅恪 著、陈美延 编,生活·读书·新知三联书店,2001-6,43.00元,9.6,808,https://book.douban.com/subject/1010189/
历史,中国官僚政治研究,王亚南,中国社会科学出版社,1981-6,0.77元,8.8,615,https://book.douban.com/subject/3268873/
历史,生死二十八天,宋子佩,宋子佩,2014-3,25,9.2,289,https://book.douban.com/subject/34819201/
历史,世說新語箋疏（全三冊）,余嘉锡,中华书局,2008,120.00元,9.6,1386,https://book.douban.com/subject/2377241/
历史,美食与文明,[美] 蕾切尔·劳丹,民主与建设出版社,2021-3,110.00元,7.4,1296,https://book.douban.com/subject/35143853/
历史,古代人的日常生活,讲历史的王老师,江苏凤凰文艺出版社,2020-3,69.9,7.2,5359,https://book.douban.com/subject/34912073/
历史,雍正：天地古今惟一啸,郑小悠,长江文艺出版社,2023-9,68.00元,8.1,549,https://book.douban.com/subject/36548431/
历史,晚清官场镜像,邱捷,社会科学文献出版社,2021-5,99.00元,8.7,1418,https://book.douban.com/subject/35471449/
历史,唐宋之变,渤海小吏,中国大百科全书出版社,2025-9,198.00,8.6,152,https://book.douban.com/subject/37383519/
历史,反人类的“爱国者”,秦晖,秦晖,読道社,2026-2-17,,25,https://book.douban.com/subject/38360457/
历史,河流研究,陈丹燕,上海文艺出版社,2026-1,98.0,8.8,103,https://book.douban.com/subject/37442766/
历史,屠猫记,[美] 罗伯特·达恩顿,新星出版社,2006-4,26.00,8.3,1990,https://book.douban.com/subject/1777853/
历史,明朝那些事儿(增补版)(套装共9册),当年明月,北京联合出版公司,2017-5-1,297.00元,9.3,9419,https://book.douban.com/subject/27127895/
历史,缔造和平,玛格丽特·麦克米伦,中信出版社,2018-3,98,8.7,545,https://book.douban.com/subject/27186786/
历史,品人录,易中天,上海文艺出版社,2017-12-1,48,8.2,1091,https://book.douban.com/subject/27593506/
历史,镖人：卷十二,许先哲,北京联合出版公司,2024-8,59.90元,8.9,2559,https://book.douban.com/subject/36955784/
历史,80件陶瓷器穿越世界,阿什莫林博物馆,社会科学文献出版社,2024-1,158,8.0,48,https://book.douban.com/subject/36683613/
历史,魏玛共和国,[德] 海因里希·奥古斯特·温克勒,社会科学文献出版社,2024-7,169,8.8,106,https://book.douban.com/subject/36831287/
历史,沙陀往事,樊文礼,山西人民出版社,2023-3,68.00元,7.8,432,https://book.douban.com/subject/36393603/
历史,血流成河,【荷】玛若琳·卡尔斯 (Marjoleine Kars),民主与建设出版社,2026-1,98.00元,8.2,82,https://book.douban.com/subject/37927966/
历史,文士的堕落,徐公持,江苏凤凰文艺出版社,2026-1,99.80元,8.8,142,https://book.douban.com/subject/37378632/
历史,沈醉回忆录,沈醉、沈美娟,中国文史出版社,2010-1,32.80元,7.9,1051,https://book.douban.com/subject/4243141/
历史,无处落脚,[美] 贝丝·廖-威廉姆斯,社会科学文献出版社,2022-6,78,8.3,192,https://book.douban.com/subject/34889905/
历史,昨日的世界,(奥) 斯蒂芬· 茨威格,江苏凤凰文艺出版社,2023-8,68.00元,9.4,630,https://book.douban.com/subject/36463741/
历史,现代日本史,[美] 安德鲁·戈登,中信出版社,2017-11,78.00元,8.6,2459,https://book.douban.com/subject/26907972/
历史,红星照耀中国（新译本）,埃德加·斯诺,长江文艺出版社,2018-8,39.80,9.2,1474,https://book.douban.com/subject/30296632/
历史,如何成为一个优雅的中世纪人,[加] 达妮埃尔·齐布尔斯基,上海社会科学院出版社,2026-1,78.00元,,10,https://book.douban.com/subject/37286913/
历史,征服者,[英] 罗杰·克劳利,社会科学文献出版社,2016-12,69.00元,8.6,2443,https://book.douban.com/subject/26901940/
历史,被淹没和被拯救的,[意] 普里莫·莱维,上海三联书店,2013-3,32.00元,9.3,6015,https://book.douban.com/subject/20441569/
历史,宋夏关系史,李华瑞,中国人民大学出版社,2010-3-1,48.00元,8.6,124,https://book.douban.com/subject/4273295/
历史,证明的故事,[澳] 约翰·史迪威（John Stillwell）,人民邮电出版社,2025-2,119.8元,9.3,57,https://book.douban.com/subject/37100328/
历史,美国的暗面,[美] 奥利弗·斯通、[美] 彼得·库茨尼克、奥利佛·斯通,广西师范大学出版社,2024-6,188.00元,8.3,75,https://book.douban.com/subject/36823186/
历史,凌烟阁,于赓哲,中信出版社,2023-4,88,7.1,542,https://book.douban.com/subject/36337889/
历史,生逢宋代,陈峰,生活·读书·新知三联书店,2026-1,59.00元,8.4,22,https://book.douban.com/subject/37649569/
历史,龙头蛇尾,[美]石康（Kenneth M.Swope）,民主与建设出版社,2023-12,82,7.7,564,https://book.douban.com/subject/36644991/
历史,正史纂修与重建史观,陈晓伟,北京大学出版社,2025-8,119.00元,8.7,35,https://book.douban.com/subject/37313240/
历史,美国历史的周期,[美] 小阿瑟·M.施莱辛格,上海译文出版社,2025-10-1,148.00元,8.2,19,https://book.douban.com/subject/37431341/
历史,从晚清到民国,【美】唐德刚,中国文史出版社,2015-6,58.00元,8.3,4284,https://book.douban.com/subject/26392466/
历史,征服者女王,[英] 艾莉森·韦尔,上海社会科学院出版社,2026-2,88.00元,,47,https://book.douban.com/subject/37402037/
历史,大汗之怒,周思成,山西人民出版社,2019-3,48.00元,7.8,1209,https://book.douban.com/subject/33383557/
历史,国家为什么会失败,[美] 德隆·阿西莫格鲁、[美] 詹姆斯·罗宾逊,湖南科学技术出版社,2015-6,CNY 75.00,7.5,3145,https://book.douban.com/subject/26388427/
历史,暴走军国,沙青青,上海三联书店,2024-11-18,64.00,8.3,112,https://book.douban.com/subject/36887043/
历史,毛泽东选集,毛泽东,人民出版社,1991-6,23.00元,9.6,8574,https://book.douban.com/subject/1125026/
历史,历史的面孔2,徐涛,中信出版集团,2023-1,59.00元,8.1,1039,https://book.douban.com/subject/36198481/
历史,毛泽东选集,毛泽东,人民出版社,1991-6,44.00元,9.4,6857,https://book.douban.com/subject/1139359/
历史,变动的传统,陈侃理 主编,上海古籍出版社,2023-5,78.00元,9.0,274,https://book.douban.com/subject/36362168/
历史,全球分裂,[美] L. S. 斯塔夫里阿诺斯,北京大学出版社,2017-6,128.00 元,8.7,206,https://book.douban.com/subject/27069794/
历史,欧洲中世纪四部曲,[美]拉尔斯·布朗沃思,中信出版社,2023-7-10,298,8.5,26,https://book.douban.com/subject/36428182/
历史,细读两宋三百年,刘路,华文出版社,2023-3,55.00,8.4,136,https://book.douban.com/subject/36325004/
历史,我不知道该说什么，关于死亡还是爱情,[白俄] S·A·阿列克谢耶维奇,花城出版社,2014-6-15,34.80元,9.2,21920,https://book.douban.com/subject/25884880/
历史,艺术的故事,[英] 贡布里希 (Sir E.H.Gombrich),广西美术出版社,2008-04,280.00,9.5,29458,https://book.douban.com/subject/3162991/
历史,政党建置与民国政制走向,杨天宏,社会科学文献出版社,2008-10-1,59.00元,9.3,112,https://book.douban.com/subject/3272718/
历史,荒野上的大师,张泉,广西师范大学出版社,2022-3,69.00元,8.8,2872,https://book.douban.com/subject/35737208/
历史,阿萨姆茶园,[美] 阿尔纳布·戴伊,社会科学文献出版社,2025-8,98.00,,10,https://book.douban.com/subject/37399745/
历史,大宋理财,张呈忠,上海三联书店,2024-9,98.00元,8.1,239,https://book.douban.com/subject/37022711/
历史,全球通史：从史前到21世纪（上册）,[美] 斯塔夫里阿诺斯,北京大学出版社,2020-1,69.00元,9.2,1732,https://book.douban.com/subject/26745881/
历史,中国历史地图集（全八册）,谭其骧,中国地图出版社,1982-10,482.00元,9.6,2752,https://book.douban.com/subject/1055304/
历史,唐后期皇权问题研究,叶炜,北京大学出版社,2025-4-1,78.00元,8.9,201,https://book.douban.com/subject/37261290/
历史,关山夺路,王鼎钧,生活·读书·新知三联书店,2013-1,36.00元,9.3,5650,https://book.douban.com/subject/20433554/
历史,权变,毛立平,中信出版集团,2025-11,116.00元,7.7,101,https://book.douban.com/subject/37432292/
历史,汤姆叔叔的小屋,[美] 斯托夫人,译林出版社,2010-11,28.00元,8.4,3061,https://book.douban.com/subject/5038606/
历史,走出中东,周轶君,中信出版社,2017-8,48.00元,8.4,4254,https://book.douban.com/subject/27097062/
历史,天朝的崩溃 (修订版),茅海建,生活·读书·新知三联书店,2024-12,79.00元,9.4,77,https://book.douban.com/subject/37081695/
历史,算法的野心,[美] 吉尔·勒珀,上海译文出版社,2026-3,68.00元,,11,https://book.douban.com/subject/38213819/
历史,十件古物中的丝路文明史,[英] 魏泓、Susan Whitfield,民主与建设出版社,2021-3,92.00元,8.1,415,https://book.douban.com/subject/35355890/
历史,党员、党权与党争,王奇生,社会科学文献出版社,2018-4,168.00元,9.3,1693,https://book.douban.com/subject/30209303/
历史,从晚清到民国,【美】唐德刚,中国文史出版社,2019-12,68,8.4,165,https://book.douban.com/subject/36078216/
历史,蒋介石的战略布局（1939-1941）,邓野,社会科学文献出版社,2019-7,98.00元,8.5,668,https://book.douban.com/subject/34783968/
历史,太平天国再研究,刘晨,广西师范大学出版社,2025-5,128元,8.5,329,https://book.douban.com/subject/37156610/
历史,西安事变新探,杨奎松,山西人民出版社,2012-3-1,48.00元,8.9,1194,https://book.douban.com/subject/10506693/
历史,帝国的失败,郑非,广西师范大学出版社,2021-11,69,8.3,211,https://book.douban.com/subject/35616523/
历史,长江之水,高燕,光启书局,2026-1,95,8.0,18,https://book.douban.com/subject/37340837/
历史,日本对中国的认知演变,王美平,社会科学文献出版社,2021-1,168.00元,8.4,58,https://book.douban.com/subject/35337964/
历史,英国的大众抗争,[美] 查尔斯·蒂利,格致出版社,2026-1,108.00,,16,https://book.douban.com/subject/37841580/
历史,忠臣之变,吴铮强,浙江人民出版社,2025-10-15,68.00,8.5,85,https://book.douban.com/subject/37522637/
历史,论语译注,孔子,中华书局,2009-10,22.00元,9.3,3899,https://book.douban.com/subject/4098263/
历史,文明的故事,[美] 威尔·杜兰特,理想国丨天地出版社,2018-11-11,1988.00（全11卷）,9.1,570,https://book.douban.com/subject/30318729/
历史,吴越春秋,[东汉]赵晔,中华书局,2023-2-9,29.00元,8.5,180,https://book.douban.com/subject/33372293/
历史,劃界,宋念申,宋念申,香港中文大學出版社,2026-5,,10,https://book.douban.com/subject/38397003/
历史,敌人与邻居,[英]伊恩·布莱克,中信出版集团,2019-9,108.00元,8.1,923,https://book.douban.com/subject/34396190/
历史,风雨山河,布琮任,社会科学文献出版社,2026-3,69.00,,11,https://book.douban.com/subject/37835688/
历史,中央帝国的财政密码,郭建龙,鹭江出版社,2017-4,68.00元,8.3,11334,https://book.douban.com/subject/27007549/
历史,面孔,[意] 里卡尔多·法尔奇内利,北京联合出版公司,2026-2,198,9.0,103,https://book.douban.com/subject/37890148/
历史,郑和宝船的世界,孟晖,四川人民出版社,2025-10,82,7.9,49,https://book.douban.com/subject/37820703/
历史,黄金时代的西班牙,[英]亨利·卡门,北京大学出版社,2016-6,39.00元,6.9,130,https://book.douban.com/subject/26797164/
历史,哥伦比亚中国文学史（全8卷）,[美] 梅维恒,新星出版社,2021-7,268.00元,8.6,73,https://book.douban.com/subject/35232620/
历史,基于波斯文史料的蒙元史研究,朝克图,中国社会科学出版社,2026-3,118.00元,,10,https://book.douban.com/subject/37374720/
历史,我的前半生,爱新觉罗·溥仪,人民文学出版社,2019-10,63.00元,7.8,3521,https://book.douban.com/subject/34873403/
历史,幻想底尽头,易彬,上海文艺出版社,2025-2,128.00,9.3,269,https://book.douban.com/subject/36919976/
历史,两次世界大战之间的国际关系,[英] E. H. 卡尔、爱德华·霍列特·卡尔,商务印书馆,2010-10,19.00元,8.3,455,https://book.douban.com/subject/5380385/
历史,中国历代战争史（全18册）,《中国历代战争史》编纂委员会,岳麓书社,2025-9,1385.00元,9.5,35,https://book.douban.com/subject/37533158/
历史,明朝那些事儿全集,当年明月,浙江人民出版公司,2020-6,336.00,9.2,1655,https://book.douban.com/subject/35112835/
历史,大宋开国,范学辉,山西人民出版社,2022-6,68.00,8.1,372,https://book.douban.com/subject/35813541/
历史,战争论（全三卷）,[德] 克劳塞维茨,商务印书馆,1997-02,55.00元,8.9,503,https://book.douban.com/subject/1023495/
历史,世界的演变,[德] 于尔根·奥斯特哈默,社会科学文献出版社,2016-11-1,238,9.0,985,https://book.douban.com/subject/26639302/
科技,科技共和国,[美] 亚历山大·卡普、[美] 尼古拉斯·扎米斯卡,崔传刚,中信出版集团,2025-12,7.3,194,https://book.douban.com/subject/37491983/
科技,黄仁勋：英伟达之芯,[美] 斯蒂芬·威特,中国财政经济出版社,2024-12-4,89.90元,7.2,2797,https://book.douban.com/subject/37142217/
科技,硅谷AI梦,[美] 加里·里夫林,上海译文出版社,2026-4,68,8.2,32,https://book.douban.com/subject/38361643/
科技,英伟达之道,［美］金泰（Tae Kim）,中信出版集团,2025-1,79,7.8,1247,https://book.douban.com/subject/37138107/
科技,Agent设计模式 图解可复用智能体架构,黄佳,人民邮电出版社,2026-2-1,99.8元,8.8,69,https://book.douban.com/subject/38231086/
科技,AI帝国,[美]郝珂灵（Karen Hao）,浙江人民出版社,2026-4-9,98.00元,8.6,33,https://book.douban.com/subject/38391951/
科技,冲向火星,[美] 艾瑞克·伯格,花山文艺出版社,2023-6,68.00元,8.6,1170,https://book.douban.com/subject/36429009/
科技,奇点更近,[美] 雷·库兹韦尔,中国财政经济出版社,2024-9-30,119.90元,7.5,495,https://book.douban.com/subject/37045820/
科技,控制论与科学方法论,金观涛、[美] 华国凡,广东人民出版社,2025-3,78元,8.9,933,https://book.douban.com/subject/37235927/
科技,下一代互联网经济,[英]阿伦·克里希纳库马尔（Arun Krishnakumar）、[美]西奥多拉·刘（Theodora Lau）,苗作兴,文汇出版社,2026-4,8.2,21,https://book.douban.com/subject/37897336/
科技,Apple,David Pogue,Simon & Schuster,2026,USD 50.00,,10,https://book.douban.com/subject/37656881/
科技,失控,[美] 凯文·凯利,新星出版社,2010-12,88.00元,8.6,17402,https://book.douban.com/subject/5375620/
科技,人工智能现代方法（第4版）,[美] Stuart Russell、[美] Peter Norvig,人民邮电出版社,2022-11,198.00元,9.1,331,https://book.douban.com/subject/36152133/
科技,屏幕前的童年,[美] 苏珊·林 (Susan Linn),广东人民出版社,2026-4,88.00元,8.8,44,https://book.douban.com/subject/37491976/
科技,生命3.0,[美] 迈克斯·泰格马克,浙江教育出版社,2018-6,99.90元,8.3,3077,https://book.douban.com/subject/30262617/
科技,于是一片光明,汪有,清华大学出版社,2023-7-5,109.00元,8.0,421,https://book.douban.com/subject/36443488/
科技,Steve Jobs in Exile,Geoffrey Cain,Portfolio,2026-5-19,USD 35.00,,10,https://book.douban.com/subject/38240764/
科技,2049,[美] 凯文·凯利(著)、吴晨(编),中信出版集团,2025-6,69.00元,6.6,1529,https://book.douban.com/subject/37357317/
科技,浪潮之巅,吴军,电子工业出版社,2011-8,55.00元,9.0,35232,https://book.douban.com/subject/6709783/
科技,浪潮之巅 (第四版),吴军,人民邮电出版社,2019-6,139.00元,9.1,4472,https://book.douban.com/subject/33474750/
科技,科技视野下的书史疑案,张焱,浙江人民美术出版社,2026-4,168,,10,https://book.douban.com/subject/38371475/
科技,计算,吴翰清,电子工业出版社,2023-10-24,128.00元,9.3,184,https://book.douban.com/subject/36615448/
科技,More Everything Forever,Adam Becker,Adam Becker,Basic Books,2025-4-22,8.3,50,https://book.douban.com/subject/37308300/
科技,一人公司：Ai时代的低风险商业变现实操,戴雯倩,,戴雯倩,北京联合出版有限公司,,31,https://book.douban.com/subject/38405799/
科技,浪潮将至,[英] 穆斯塔法·苏莱曼、[英] 迈克尔·巴斯卡尔,中信出版集团,2024-10,79.00元,6.9,585,https://book.douban.com/subject/37077347/
科技,永不停歇的时钟,[美]杰西卡·里斯金,中信出版社,2023-9-30,108.00元,8.4,71,https://book.douban.com/subject/36491855/
科技,信号与系统,Alan V. Oppenheim、Alan S. Willsky、S. Hamid Nawab,电子工业出版社,2013-1,69.00元,9.7,337,https://book.douban.com/subject/21359219/
科技,AI 3.0,[美] 梅拉妮·米歇尔,四川科学技术出版社·湛庐,2021-2,99.90元,8.3,1259,https://book.douban.com/subject/35351678/
科技,电车之心,杨璐、张从志,上海译文出版社,2025-8,52.00元,8.0,268,https://book.douban.com/subject/37445787/
科技,通用人工智能,刘嘉,中信出版社,2025-6-18,88,7.9,228,https://book.douban.com/subject/37383280/
科技,奥尔特曼传,周恒星,浙江科学技术出版社,2024-11,99.90元,7.8,639,https://book.douban.com/subject/37077375/
科技,我看见的世界,[美] 李飞飞,中信出版集团,2024-4,85.00元,8.8,12128,https://book.douban.com/subject/36672955/
科技,人月神话,[美] 弗雷德里克·布鲁克斯,清华大学出版社,2002-11,29.80元,8.4,3657,https://book.douban.com/subject/1102259/
科技,How the World Really Works,Vaclav Smil,Viking,2021-10-7,GBP 16.00,7.5,109,https://book.douban.com/subject/35372874/
科技,当机器人学会工作,[英] 罗伯特·斯基德尔斯基（Robert Skidelsky）,中国友谊出版公司,2025-11,68.00元,8.1,35,https://book.douban.com/subject/37537289/
科技,AI战争,刘伟 谭文辉,刘伟 谭文辉,中国人民大学出版社,79.00,,14,https://book.douban.com/subject/37301101/
科技,AI做课变现全攻略,袁茹锦,人民邮电出版社,2026-4,68.00,8.7,28,https://book.douban.com/subject/38381490/
科技,世界重启,[英] 路易斯·达特内尔,北京联合出版公司,2015-12,39.80元,8.1,1003,https://book.douban.com/subject/26652354/
科技,零边际成本社会,[美] 杰里米·里夫金（Jeremy Rifkin）,中信出版集团 ， 中信出版社,2017-10-1,69.00元,7.7,131,https://book.douban.com/subject/27126686/
科技,物聯網革命,傑瑞米．里夫金(Jeremy Rifkin),商周出版,2014-12,NT460,,10,https://book.douban.com/subject/26271960/
科技,社会机器,詹姆斯·亨德勒(James Hendler),机械工业出版社,2017-12-1,CNY 65.00,7.1,28,https://book.douban.com/subject/27595286/
科技,科技共和國,亞歷山大．卡普、尼可拉斯．詹米斯卡,周群英,感電,2025-10-1,,11,https://book.douban.com/subject/37658561/
科技,未来的序曲,(美)刘宇昆，保罗·巴奇加卢皮等 著；(美)戴维·哈特威尔，帕特里克·海登 编,新星出版社,2015-8,79.00元,8.1,619,https://book.douban.com/subject/26534892/
科技,漫话边缘计算,亓晋、许斌、康彬,中国科学技术出版社,2023-8,79.00元,,10,https://book.douban.com/subject/36503009/
科技,机器与主权,许煜,苏子滢,华东师范大学出版社,2026-3,7.4,15,https://book.douban.com/subject/37761189/
科技,联结,[英] 詹姆斯·伯克,北京联合出版公司,2019-3-1,88,7.8,374,https://book.douban.com/subject/30390660/
科技,追求精确,[英]西蒙·温切斯特,中国财政经济出版社,2023-5,139.90元,7.9,128,https://book.douban.com/subject/36397026/
科技,大语言模型,赵鑫、李军毅、周昆、唐天一、文继荣,高等教育出版社,2024-12,99.00,7.6,56,https://book.douban.com/subject/37178518/
科技,拇指一代,[法]米歇尔•塞尔（Michel Serres）、米歇尔·塞尔,华东师范大学出版社,2015-10-1,29.80,6.9,183,https://book.douban.com/subject/26284865/
科技,深时之旅,[英] 罗伯特·麦克法伦,文汇出版社,2021-7,79.00元,8.7,2898,https://book.douban.com/subject/35508620/
科技,光刻巨人,[荷兰] 瑞尼·雷吉梅克,人民邮电出版社,2020-10,118.0,7.6,884,https://book.douban.com/subject/35217394/
科技,智能简史,[美] 麦克斯·班尼特,中译出版社,2025-2,98.00元,9.1,685,https://book.douban.com/subject/37252220/
科技,大灭绝时代,[美] 伊丽莎白·科尔伯特,上海译文出版社,2015-5,49.00,8.7,3784,https://book.douban.com/subject/26341546/
科技,横空出世,[美] 理查德·罗兹,中信出版社,2023-11,168元,9.1,166,https://book.douban.com/subject/36371602/
科技,奥本海默传,[美] 凯·伯德、[美] 马丁·J.舍温,中信出版集团,2023-8-20,89,8.8,1956,https://book.douban.com/subject/36483883/
科技,化学基础论,拉瓦锡,北京大学出版社,2008-8,39.00元,8.9,95,https://book.douban.com/subject/3171770/
科技,晶片戰爭,克里斯．米勒,洪慧芳,天下雜誌股份有限公司,2023-3-1,8.5,637,https://book.douban.com/subject/36308039/
科技,AI智能体实战：一人公司（OPC）从0到1落地手册,蔡逸雯、秋叶,人民邮电出版社,2026-3,59.80元,,10,https://book.douban.com/subject/38370142/
科技,影像里的百年航空.军用辑,王亚男,王亚男,上海交通大学出版社,2026-1,,10,https://book.douban.com/subject/38368918/
科技,豆包使用全攻略,刘典,刘典,北京联合出版公司,2026-3,,33,https://book.douban.com/subject/38374184/
科技,机器人叛乱,[加] 基思·斯坦诺维奇,机械工业出版社,2015-5,69.00元,8.4,1265,https://book.douban.com/subject/26412113/
科技,开关电源控制环路设计,[法] 克里斯多夫·巴索（Christophe Basso）,[法] 克里斯多夫·巴索（Christophe Basso）,机械工业出版社,145元,,10,https://book.douban.com/subject/34906955/
科技,自动控制原理,胡寿松,科学出版,2007-6,52.00元,8.2,99,https://book.douban.com/subject/2177660/
科技,开关电源控制环路设计：Christophe Basso 的实战秘籍    ［法]克里斯多夫·巴索,［法]克里斯多夫·巴索,,［法]克里斯多夫·巴索,机械工业出版社,,,https://book.douban.com/subject/37364734/
科技,机械宇宙,[美] 爱德华·多尼克、[美] 爱德华·多尔尼克,社会科学文献出版社,2016-6,65.00元,7.9,993,https://book.douban.com/subject/26821965/
科技,开关电源设计（第三版）,（美）Abraham I. Pressman（亚伯拉罕·I.普莱斯曼）、Keith Billings（基思·比林斯）、Tayloer Morey（泰勒·莫雷）,,（美）Abraham I. Pressman（亚伯拉罕·I.普莱斯曼）、Keith Billings（基思·比林斯）、Tayloer Morey（泰勒·莫雷）,电子工业出版社,,10,https://book.douban.com/subject/36619428/
科技,芯片制造：光刻巨头ASML传奇之路,[荷]马克·海金克 著；,长江文艺出版社,2025-3,68元,7.7,42,https://book.douban.com/subject/37300839/
科技,开关电源的原理与设计,张占松 编,电子工业出版社,2004-9,45.00元,,10,https://book.douban.com/subject/1186586/
科技,开关电源设计指南,布朗,机械工业出版社,2004-5,23.00元,,10,https://book.douban.com/subject/1150186/
科技,中国互联网发展简史,谢新洲、石林,谢新洲、石林,东方出版中心,2025-1,,10,https://book.douban.com/subject/37180408/
科技,棉花王国,[美] 沃尔特·约翰逊,浙江大学出版社,2026-4-1,118.00元,,10,https://book.douban.com/subject/37843124/
科技,豆包AI高效实用手册,周永亮,周永亮,民主与建设出版社,2026-3-1,,15,https://book.douban.com/subject/38374665/
科技,变压器与电感器设计手册,卡罗尼尔·麦克莱曼（Colonel We.T.Mclyman）,中国电力出版社,2013-12-10,128.00,,10,https://book.douban.com/subject/25882095/
科技,运算放大器权威指南（第5版）,[美] 布鲁斯•卡特（Bruce Carter）、[美] 罗恩•曼西尼（Ron Mancini）,孙宗晓,人民邮电出版社,2022-2,,10,https://book.douban.com/subject/35768242/
科技,人类的未来,[美]加来道雄（Michio Kaku）,中信出版集团,2019-7,68.00元,8.4,455,https://book.douban.com/subject/34429934/
科技,The Love Song of Miss Queenie Hennessy,Rachel Joyce,Random House,2015-2-24,USD 25.00,8.3,27,https://book.douban.com/subject/26264072/
科技,马斯克逻辑,王煜全,中国友谊出版公司,2025-10,68,6.3,110,https://book.douban.com/subject/37567706/
科技,第五代,[美]E·A·费吉鲍姆、[美]P·麦考黛克,格致出版社,2020-3,88.00元,,10,https://book.douban.com/subject/34990214/
科技,志在超车：智能网联汽车的中国方案,苗圩,人民邮电出版社,2025-3,99.00元,8.6,49,https://book.douban.com/subject/37263521/
科技,换道赛车,苗圩,人民邮电出版社,2024-1,88.00,7.8,358,https://book.douban.com/subject/36713704/
科技,寓於身體,劉錚,開明書店,2025-6-15,HK$128.00,,10,https://book.douban.com/subject/37525865/
科技,芯镜,冯锦锋、盖添怡,冯锦锋、盖添怡,机械工业出版社,2023-2,7.9,19,https://book.douban.com/subject/36248271/
科技,Who’s Raising the Kids?,[美] 苏珊·林 (Susan Linn),[美] 苏珊·林 (Susan Linn),The New Press,2022-9-20,,10,https://book.douban.com/subject/37502977/
科技,法律与科技,[斯洛伐克] 托马斯·加布里斯,法律出版社,2025-11,68.00元,,10,https://book.douban.com/subject/37870920/
科技,中国近现代科技遗产,段海龙,段海龙,广西科学技术出版社,2026-3,,,https://book.douban.com/subject/38229885/
科技,机器崛起,托马斯·瑞德,机械工业出版社,2017-5-31,CNY 75.00,7.8,197,https://book.douban.com/subject/27039464/
科技,机器中的达尔文主义,[美]乔治·戴森,浙江大学出版社,2020-5,75.00,7.8,21,https://book.douban.com/subject/34912089/
科技,算力生态,陈耿宣,中国科学技术出版社,2026-1,79.00元,,10,https://book.douban.com/subject/37855717/
科技,Co-Intelligence: Living and Working with AI,Ethan Mollick,Portfolio,2024-4-2,USD 30.00,,66,https://book.douban.com/subject/36756534/
科技,2035超級趨勢,約瑟夫・H・戴維斯,商周出版,2025-12-11,NT$460,,10,https://book.douban.com/subject/37940388/
科技,造神,(美) 埃里克·J.拉森,中国科学技术出版社,2023-4,88.00元,8.2,68,https://book.douban.com/subject/36369490/
科技,血汗AI,馬克．格雷厄姆、、卡倫．坎特、詹姆斯．默登、詹姆斯·马尔登、卡勒姆·坎特、马克·格雷厄姆,林潔盈,大塊文化,2025-2,,10,https://book.douban.com/subject/37211016/
科技,蘋果之道：重新定義世界的50年,大衛·波格,林俊宏等,天下文化,2026-3-31,,10,https://book.douban.com/subject/38371096/
科技,机器时代,许怡,广西师范大学出版社,2025-11,58.00,7.6,149,https://book.douban.com/subject/37807251/
科技,Reinforcement Learning (2/e),Richard S. Sutton、Andrew G. Barto,A Bradford Book,2018-11-13,USD 76.00,9.7,187,https://book.douban.com/subject/30323890/
科技,公共领域的结构转型,[德] 尤尔根·哈贝马斯,学林出版社,1999-1,20.00元,8.7,1555,https://book.douban.com/subject/1009891/
科技,拟像与拟真,[法] 让·波德里亚,南京大学出版社,2025-10,76.00,8.8,263,https://book.douban.com/subject/37462077/
科技,未来战争,[美] 拉杰·M.沙阿、[美] 克里斯托弗·基尔霍夫,浙江人民出版社,2025-5,78元,5.2,16,https://book.douban.com/subject/37300571/
科技,温暖的科技,[日] 林要,中国科学技术出版社,2025-6,79.00元,8.0,39,https://book.douban.com/subject/37384402/
科技,AI时代：弯道超车新思维,李尚龙,清华大学出版社,2024-11-1,69.80,5.8,272,https://book.douban.com/subject/37105373/
科技,论资本用于土地,[英]爱德华·威斯特,商务印书馆,2020-10,25.00,,10,https://book.douban.com/subject/35263940/
科技,为什么,[美] 朱迪亚·珀尔、[美] 达纳·麦肯齐,中信出版集团,2019-7,69.00元,8.6,2214,https://book.douban.com/subject/33438811/
科技,Empire of AI,Karen Hao、郝珂灵,Penguin Press,2025-5-20,USD 32.00,7.6,142,https://book.douban.com/subject/37351009/
科技,高增长科技股投资法,马克·马哈尼,中国财政经济出版社,2024-11-8,109.90元,7.6,205,https://book.douban.com/subject/37095885/
科技,OpenClaw实战指南：零基础打造会干活的AI数字员工 龙虾 养龙虾,徐尧,,徐尧,机械工业出版社,,10,https://book.douban.com/subject/38383791/
科技,工业革命前的欧洲社会与经济,[意] 卡洛·M. 奇波拉,社会科学文献出版社,2020-11,82.00元,8.1,138,https://book.douban.com/subject/35166842/
科技,养活世界,乔瓦尼·费德里科,中国农业大学出版社,2011-11,58.00元,,10,https://book.douban.com/subject/10514129/
科技,生成：AI生产力重构营销新范式 生成式AI驱动营销变革把握红利策略方法营销实战指南,,,,,,10,https://book.douban.com/subject/37382527/
科技,社群帝國那些人,莎拉．溫―威廉絲,楊詠翔,大塊文化,2025-10-2,,11,https://book.douban.com/subject/37537220/
科技,数学觉醒,[法] 戴维·贝西 （David Bessis）,人民邮电出版社,2026-3,89.80元,8.0,258,https://book.douban.com/subject/38368705/
科技,OpenClaw实战指南:从部署到上手，打造超级AI助手,刘典,,刘典,北京联合出版有限公司,,15,https://book.douban.com/subject/38386582/
科技,人工智能时代,[美] 杰瑞·卡普兰,浙江人民出版社,2016-4-1,59.90元,7.4,703,https://book.douban.com/subject/26776547/
科技,数字经济的政治经济学,齐昊,中国人民大学出版社,2026-2-1,89,,10,https://book.douban.com/subject/38367760/
科技,生存实验,刘慈欣、王晋康、何夕,万卷出版公司,2016-11,35.00元,7.8,361,https://book.douban.com/subject/26896844/
科技,人造肉,保罗·夏皮罗,北京联合出版公司,2022-2,78.00元,8.0,171,https://book.douban.com/subject/35616670/
科技,见识,吴军,中信出版社,2018-3,49.00元,7.9,9881,https://book.douban.com/subject/30144978/
科技,飞向太空港,李鸣生,人民教育出版社,2017-12,35.80元,7.9,44,https://book.douban.com/subject/30620246/
科技,日常的深处,王小伟,中信出版社,2023-11,58,7.4,3101,https://book.douban.com/subject/36622125/
科技,石油战争（增订版）,威廉·恩道尔,中国民主法制出版社,2016-1,39.0元,7.9,29,https://book.douban.com/subject/31006622/
科技,走向无限,[美] 迈克尔·刘易斯,浙江教育出版社,2025-6,79.00元,8.0,124,https://book.douban.com/subject/37338183/
科技,源代码,[美] 比尔·盖茨,中信出版集团,2025-2,79,8.8,2004,https://book.douban.com/subject/37212965/
科技,反思无人机,[法] 夏马尤,商务印书馆,2024-12,59.00元,8.1,145,https://book.douban.com/subject/37068781/
科技,新金融战,王睿,中信出版集团,2026-3,88.00元,,10,https://book.douban.com/subject/38409777/
科技,老去无忧：AI养老的中国方案,何泽仪,何泽仪,人民邮电出版社,2026-4,,14,https://book.douban.com/subject/38394472/
科技,Elon Musk,Ashlee Vance,Ecco,2015-5-19,USD 28.99,8.4,1696,https://book.douban.com/subject/26372738/
科技,AI未来进行式,李开复、陈楸帆,浙江人民出版社,2022-4,88.00,7.7,1677,https://book.douban.com/subject/35731252/
科技,数字工厂,[德]莫里茨·奥滕立德(Moritz Altenried),中国科学技术出版社,2023-3,69.00元,9.0,90,https://book.douban.com/subject/36341070/
科技,Astronomy and Philosophy,Steven J. Dick(ed.),Steven J. Dick(ed.),Cambridge University Press,2026-7-16,,,https://book.douban.com/subject/38432808/
科技,《院士讲课本里的百科·一讲就懂的人工智能 我要AI当我的小老师》,刘延嘉,,刘延嘉,中国少年儿童新闻出版总社,,10,https://book.douban.com/subject/38424820/
科技,《院士讲课本里的百科·一讲就懂的人工智能 我要AI当工厂小管家》,李雪琦,,李雪琦,中国少年儿童新闻出版总社,,10,https://book.douban.com/subject/38425674/
科技,为机器立心,朱松纯,浙江科学技术出版社,2024-12-20,99.90元,7.6,76,https://book.douban.com/subject/37148936/
科技,上帝掷骰子吗,曹天元,辽宁教育出版社,2006-1,32.00元,9.2,37230,https://book.douban.com/subject/1467022/
科技,Philosophy of Cosmology and Astrophysics,Siska De Baerdemaeker,,Siska De Baerdemaeker,2025-9-18,,,https://book.douban.com/subject/38434445/
科技,浪潮之巅（下册）,吴军,人民邮电出版社,2013-6,45.00元,9.3,814,https://book.douban.com/subject/24740308/
科技,矽谷最危險的公司．Palantir,麥可．斯坦伯格,謝明珊,商周出版,2026-3,,10,https://book.douban.com/subject/38368167/
科技,富足（经典版）,[美]彼得·戴曼迪斯、[美]史蒂芬·科特勒,浙江人民出版社,2016-11,79.90元,7.5,43,https://book.douban.com/subject/26899957/
科技,破局者,许洪焱,电子工业出版社,2026-2,68元,,22,https://book.douban.com/subject/38367859/
科技,掘金宇宙,[美]阿拉斯泰尔·斯托姆·布朗(Alastair Storm Browne)、[美]玛丽安·卡琳奇(Maryann Karinch),中国科学技术出版社,2022-9,79.00元,6.8,13,https://book.douban.com/subject/36077453/
科技,自动控制原理,卢京潮,清华大学出版社,2013-3,44.50元,9.9,31,https://book.douban.com/subject/21823006/
科技,AI芯片,张臣雄,人民邮电出版社,2025-7,199.00元,8.1,37,https://book.douban.com/subject/37451652/
科技,大道,赵理亚(选)、芒格书院(编),赵理亚(选)、芒格书院(编),中信出版集团,2025-5,8.6,3097,https://book.douban.com/subject/37322503/
科技,世界的逻辑,马兆远,浙江科学技术出版社,2025-9,119.90元,7.6,179,https://book.douban.com/subject/37482723/
科技,深空飞行器,[美] Dave、[美] Doody,国防工业出版社,2015-10-1,158,,10,https://book.douban.com/subject/27094363/
科技,深空探测器(第2版),马特洛夫 (Gregory L.Matloff),国防工业出版社,2014-7-1,86,,10,https://book.douban.com/subject/26348764/
科技,人比AI凶,万维钢,新星出版社,2025-8-20,79.00,7.8,289,https://book.douban.com/subject/37475139/
科技,一人公司 : AI时代普通人的财富新风口 0到1一站式成型 提供可参考的实践路径，赛道与风险清晰 当当网,刘典,,刘典,北京联合出版有限公司,,11,https://book.douban.com/subject/38425727/
科技,Primal Intelligence,Angus Fletcher,Avery,2025-8,USD 31.01,,12,https://book.douban.com/subject/37499074/
科技,发明,[英]詹姆斯·戴森,中国纺织出版社,2022-4,109.9元,7.6,440,https://book.douban.com/subject/35811544/
科技,算法焦虑,安东尼·埃利奥特,格致出版社,2025-12,82,,10,https://book.douban.com/subject/37941506/
科技,隐藏的现实,B·格林,人民邮电出版社,2013-7,55.00,9.1,1153,https://book.douban.com/subject/24846072/
科技,科技史笔记：蒸汽动力（全彩）,张皓,电子工业出版社,2022-5-1,54.50元,8.6,38,https://book.douban.com/subject/35877490/
科技,天工开物译注,【明】宋应星 著    潘吉星 译注,上海古籍出版社,2013-8,29,9.0,14,https://book.douban.com/subject/24883364/
科技,航天器通信,李力田、张拯宁、郑晓天,国防工业出版社,2018-9,78.40元,,10,https://book.douban.com/subject/30655144/
科技,天机有道,李亮,,李亮,科学出版社、龙门书局,,,https://book.douban.com/subject/38410876/
科技,通信简史,周圣君（@小枣君）,人民邮电出版社,2022-8,89.80元,6.9,70,https://book.douban.com/subject/35966111/
科技,西方科技史通识课,姜振寰,中央编译出版社,2023-11,78.00元,8.3,79,https://book.douban.com/subject/36639277/
科技,專業變現的修練,國分峰樹,方言文化,2024-9-27,360元,,10,https://book.douban.com/subject/37072155/
科技,控制论,[美] 维纳、诺伯特·维纳,北京大学出版社,2007-12,34.00元,9.2,456,https://book.douban.com/subject/2356843/
科技,全球科技通史,[美] 吴军,中信出版集团,2019-4,88,8.3,2771,https://book.douban.com/subject/33385217/
科技,生活难题一键解：豆包实用全攻略,,,,,,10,https://book.douban.com/subject/37373157/
科技,深空通信,吉姆·泰勒 [美],清华大学出版社,2023-4,198,,10,https://book.douban.com/subject/36404467/
科技,深空测控干涉测量技术,李海涛、郝万宏,李海涛、郝万宏,清华大学出版社,2022-7,,10,https://book.douban.com/subject/36076354/
科技,空间目标探测雷达技术,马林,电子工业出版社,2013-6,59,,10,https://book.douban.com/subject/30613411/
科技,无图之旅：一代青年的自我寻路,廉思,中国人民大学出版社,2026-4,79.00元,8.6,65,https://book.douban.com/subject/38395594/
科技,中国古代艺术与建筑中的“纪念碑性”,[美] 巫鸿,上海人民出版社,2017-7,119.00元,9.1,603,https://book.douban.com/subject/26978824/
科技,全球“猎身”,项飙,北京大学出版社,2012-1-1,36.00元,8.5,2436,https://book.douban.com/subject/5941341/
科技,Al提效手册：豆包+即梦+剪映+飞书+扣子5合1实操指南,秋叶、刘晓阳,人民邮电出版社,2026-2-1,69.80元,5.4,45,https://book.douban.com/subject/38247070/
科技,童年的终结,[英] 阿瑟·克拉克,江苏凤凰文艺出版社,2018-9,42.00元,8.8,6367,https://book.douban.com/subject/26390907/
科技,男性制造,[澳] 特蕾西·斯派瑟,上海译文出版社,2026-1-1,75.00,7.4,49,https://book.douban.com/subject/37669314/
科技,真红利：一本书讲透AI时代的风口,秋叶,清华大学出版社,2025-3,49,6.3,101,https://book.douban.com/subject/37249499/
科技,大猫和它们的化石亲属,﹝美﹞阿兰·特纳 著、﹝西﹞毛里西奥·安东 绘图,商务印书馆,2021-9,78.00元,8.6,30,https://book.douban.com/subject/35641063/
科技,技术陷阱,[瑞典] 卡尔·贝内迪克特·弗雷、Carl Benedikt Frey,民主与建设出版社,2021-12,82.00元,7.9,528,https://book.douban.com/subject/35668363/
科技,The Technological Republic,Alexander C. Karp、Nicholas W. Zamiska,Alexander C. Karp、Nicholas W. Zamiska,Crown Currency,2025-2-18,,68,https://book.douban.com/subject/37203473/
科技,道家与古之道术,杨儒宾,上海古籍出版社,2023-9,85,8.4,19,https://book.douban.com/subject/36548447/
科技,未来漫游指南,[美]史蒂文·诺韦拉(Steven Novella)、[美]鲍勃·诺韦拉(Bob Novella)、[美]杰伊·诺韦拉 (Jay Novella),中国科学技术出版社,2024-9,89.00元,8.6,32,https://book.douban.com/subject/36967785/
科技,数字战争,[英]查尔斯·亚瑟,中信出版社,2013-6-1,49,6.4,113,https://book.douban.com/subject/24852528/
科技,大脑传,[英] 马修·科布,中信出版集团,2022-3,128.00元,8.3,498,https://book.douban.com/subject/35785602/
科技,上帝的手术刀,王立铭,浙江教育出版社,2022-10,99.90元,8.9,154,https://book.douban.com/subject/36142073/
科技,智能文明简史  你好奇人类的智能从何而来吗？你想知道ChatGPT、人形机器人为什么能爆发吗？你焦虑未来会不会被AI替代吗？,冀俊峰 著,冀俊峰 著,团结出版社有限公司,2026-5,,10,https://book.douban.com/subject/38434123/
科技,AGI之路：通用人工智能的过去、现在与未来     [美] 约翰·K.汤普森    AI 人工智能 AIGC,[美] 约翰·K.汤普森,,[美] 约翰·K.汤普森,机械工业出版社,,10,https://book.douban.com/subject/38408937/
科技,无穷的开始 (第2版),[英] 戴维·多伊奇,人民邮电出版社,2019-3,75.00元,8.1,229,https://book.douban.com/subject/33406348/
科技,算法图解,[美] Aditya Bhargava,人民邮电出版社,2017-3,49.00元,8.4,3248,https://book.douban.com/subject/26979890/
科技,科学革命的编史学研究,[荷] H·弗洛里斯·科恩,湖南科学技术出版社,2012-10-1,89.00元,9.7,142,https://book.douban.com/subject/20282961/
科技,千脑智能,[美] 杰夫·霍金斯,浙江教育出版社,2022-9,109.90元,8.2,668,https://book.douban.com/subject/36080515/
科技,从一到无穷大,[美] 乔治·伽莫夫,天津人民出版社,2019-9,58.00元,9.0,3825,https://book.douban.com/subject/34782541/
科技,产业政治,李巍、罗仪馥,中国人民大学出版社,2026-5,¥78.00元,8.3,27,https://book.douban.com/subject/38438149/
科技,当自然赋予科学灵感,[美] 克丽丝蒂·汉密尔顿,商务印书馆,2026-4,68.00,,,https://book.douban.com/subject/37385006/
科技,柏拉图与技术呆子,[美]爱德华·阿什福德·李,中信出版集团,2020-4,88.00元,8.6,193,https://book.douban.com/subject/34971151/
科技,AI新生,［美］斯图尔特·罗素（Stuart Russell）,张羿,中信出版社,2020-10,7.3,143,https://book.douban.com/subject/35149258/
科技,坏血,[美] 约翰·卡雷鲁,上海译文出版社,2025-1-31,58.00元,8.5,144,https://book.douban.com/subject/37156602/
科技,豆包 AI：你的家庭全能助手,王丹丹、宋利,人民邮电出版社,2026-5,79.8,,10,https://book.douban.com/subject/38427361/
科技,重新发明工作,拉万·杰苏萨桑（Ravin Jesuthasan）、约翰·布德罗（John W. Boudreau）,浙江科学技术出版社,2025-8,109.9元,6.7,12,https://book.douban.com/subject/37447256/
科技,登月,【美】皮尔斯•比索尼,机械工业出版社,2019-7-1,199.00元,9.2,184,https://book.douban.com/subject/34442548/
科技,复杂,[英] 梅拉妮·米歇尔,湖南科学技术出版社,2018-2-1,CNY 69.00,8.8,1836,https://book.douban.com/subject/30171338/
科技,投喂AI,[英]詹姆斯·马尔登 （James Muldoon）、[英]卡勒姆·坎特 （Callum Cant）、[英]马克·格雷厄姆,中信出版社,2025-10-1,69.00元,7.2,350,https://book.douban.com/subject/37658354/
科技,十二字节,[英]珍妮特·温特森(Jeanette Winterson),中国科学技术出版社,2024-5,69.00元,8.4,282,https://book.douban.com/subject/36803013/
科技,算力芯片,濮元恺,电子工业出版社,2024-8,129.00元,7.6,17,https://book.douban.com/subject/36989405/
科技,零基础养“龙虾”,蔡毅鹏、萧溪,人民邮电出版社,2026-3,69.8元,,10,https://book.douban.com/subject/38401321/
科技,蚁群,汤问棘,上海社会科学院出版社,2021-11,42.00,8.0,5158,https://book.douban.com/subject/35637266/
科技,计算机与人脑,冯·诺伊曼,北京大学出版社,2010-6,34.00元,8.4,297,https://book.douban.com/subject/4871292/
科技,人工智能的神话或悲歌,赵汀阳,商务印书馆,2022-9,68.00元,7.6,247,https://book.douban.com/subject/36075893/
科技,第三次浪潮,[美] 阿尔温·托夫勒,生活·读书·新知三联书店,1983-3,1.65元,8.5,590,https://book.douban.com/subject/2141593/
科技,中国科学技术史,李约瑟,科学出版社,1990.7,19.60,8.4,182,https://book.douban.com/subject/2419991/
科技,中国科学技术史,李约瑟,科学出版社、上海古籍出版社,1990,35.9,8.8,114,https://book.douban.com/subject/2221665/
科技,Techno-Negative,Thomas Dekeyser,University of Minnesota Press,2026-3-24,USD 28.00,,10,https://book.douban.com/subject/38385615/
科技,"If Anyone Builds It, Everyone Dies",Eliezer Yudkowsky、Nate Soares,Eliezer Yudkowsky、Nate Soares,"Little, Brown and Company",2025-9-16,,22,https://book.douban.com/subject/37375806/
科技,ASML's Architects,René Raaijmakers,Techwatch Books,2018-10-26,Euro 59,,10,https://book.douban.com/subject/35082916/
科技,离线·想象的技艺,李婷 主编,中国科学技术大学出版社,2026-4-1,78,,10,https://book.douban.com/subject/38403800/
科技,理性的边界,[美]诺桑·S.亚诺夫斯基 (Noson S. Yanofsky),人民邮电出版社,2023-7-25,99.8,8.3,196,https://book.douban.com/subject/36425442/
科技,Claude Code实战 Harness工程之道,黄佳,人民邮电出版社,2026-5,79.80元,9.2,27,https://book.douban.com/subject/38445510/
科技,House of Huawei,Eva DOU,,Eva DOU,Penguin Random House,,33,https://book.douban.com/subject/37936957/
科技,少年AI编程启蒙：程小智的创造之旅,秋叶 陈明,秋叶 陈明,人民邮电出版社,2026-6,,10,https://book.douban.com/subject/38436076/
科技,剑指Offer,何海涛,电子工业出版社,2012-1,45.00元,8.3,836,https://book.douban.com/subject/6966465/
科技,贝叶斯定理,[美] 汤姆·奇弗斯,中信出版集团,2025-5,79.00元,8.4,173,https://book.douban.com/subject/37351826/
科技,计算思维史话,[英] 托尼·海依、[英] 奎利·帕佩,人民邮电出版社,2020-7-22,119,8.8,38,https://book.douban.com/subject/35020990/
科技,超级智能,尼克•波斯特洛姆 (Nick Bostrom)、尼克·博斯特罗姆,中信出版社,2015-1-1,CNY 49.00,6.9,438,https://book.douban.com/subject/26308917/
科技,时间的秩序,[意] 卡洛·罗韦利,湖南科学技术出版社,2019-6,56.00元,8.9,25084,https://book.douban.com/subject/33424487/
科技,现实不似你所见,[意] 卡洛·罗韦利,湖南科学技术出版社,2017-11,49.00,9.2,6701,https://book.douban.com/subject/27156306/
科技,生物红利时代,[英]安德鲁·克雷格（Andrew Craig）,中信出版集团,2026-1-9,79,,10,https://book.douban.com/subject/38195418/
科技,Reentry,Eric Berger、艾瑞克·伯格,BenBella Books,2024-9-24,USD 23.49,,29,https://book.douban.com/subject/37071867/
科技,推特机器,[英]理查德·西摩,上海文艺出版社,2022-11,58.00元,7.6,416,https://book.douban.com/subject/36096594/
科技,生成式人工智能,丁磊,中信出版社,2023-5,69,6.4,293,https://book.douban.com/subject/36368084/
科技,计算机是怎样跑起来的,[日] 矢泽久雄,人民邮电出版社,2015-5,39.00元,7.6,1184,https://book.douban.com/subject/26397183/
科技,图灵的秘密,[美] Charles Petzold,人民邮电出版社,2012-11,69.00元,8.8,488,https://book.douban.com/subject/10779604/
科技,原子与灰烬,[美]沙希利·浦洛基,广东人民出版社,2023-10,88.00,8.3,689,https://book.douban.com/subject/36472353/
科技,至高无上,[美] 帕米·奥尔森,中信出版集团,2025-7-25,79.00元,7.5,91,https://book.douban.com/subject/37449760/
科技,拐点,万维钢,台海出版社,2024-5-1,69.00,8.1,1157,https://book.douban.com/subject/36850876/
科技,数字化生存,Nicholas Negroponte,电子工业出版社,2017-1-1,68.00元,8.2,699,https://book.douban.com/subject/26954267/
科技,深度学习革命,[美] 凯德·梅茨,中信出版集团,2023-1,79.00元,8.3,1221,https://book.douban.com/subject/36171345/
科技,The Infinity Machine,Sebastian Mallaby,Sebastian Mallaby,Penguin Press,2026-3-31,,53,https://book.douban.com/subject/38196754/
科技,そうじ・はいたつ・びょういん・こうじょう (ロボットのずかん),本田幸夫,金の星社,2024-2,2500日元,,10,https://book.douban.com/subject/38488776/
科技,学会洞察行业,王煜全,北京联合出版公司,2018-5,49.80元,6.7,443,https://book.douban.com/subject/30194825/
科技,走近2050,集智俱乐部,人民邮电出版社,2016-6-12,59.00元,7.2,224,https://book.douban.com/subject/26807009/
科技,欧洲科学危机和超验现象学,埃德蒙德·胡塞尔,上海译文出版社,2005-9,13.00元,9.3,271,https://book.douban.com/subject/1444022/
科技,超赞的一代,[美]乔纳森·海特（Jonathan Haidt）、[美]凯瑟琳·普莱斯（Catherine Price）,中国纺织出版社,2026-6-1,89.9,,10,https://book.douban.com/subject/38435566/
科技,实时渲染（第4版）,托马斯·阿克宁-穆勒（Tomas Akenine Moller),,托马斯·阿克宁-穆勒（Tomas Akenine Moller),清华大学出版社,,10,https://book.douban.com/subject/38239147/
科技,云落何处,[美] 阿利克斯·约翰逊,东方出版中心,2026-5,75.00元,8.3,16,https://book.douban.com/subject/38445354/
科技,未来呼啸而来,[加] 彼得·戴曼迪斯、[加] 史蒂芬·科特勒,北京联合出版公司,2021-1-5,89.90元,7.4,958,https://book.douban.com/subject/35272152/
科技,我在硅谷管芯片,俞志宏,清华大学出版社,2021-6-1,79,8.5,159,https://book.douban.com/subject/35524972/
科技,卡车司机与数据监控,[美] 凯伦·利维 著、凯伦·利维,中国民主法制出版社,2026-2-25,79.00元,8.4,12,https://book.douban.com/subject/38373137/
科技,认识航空,万志强、朱斯岩,化学工业出版社,2013-8-1,58.00元,7.3,18,https://book.douban.com/subject/25908978/
科技,后文明，或者新文明,韩少功,生活·读书·新知三联书店,2026-6,60.00元,,10,https://book.douban.com/subject/38228336/
科技,腾讯,陈伊伦,浙江人民出版社,2023-10-12,68.00,6.9,158,https://book.douban.com/subject/36576015/
科技,银行信息系统架构,王汉明,机械工业出版社,2015-12,79.80元,8.0,40,https://book.douban.com/subject/26677445/
科技,5000天后的世界,[美] 凯文·凯利,中信出版社,2023-4,69.00元,6.5,2288,https://book.douban.com/subject/36331624/
科技,失控,[美] 凯文·凯利,电子工业出版社,2024-4-1,98.00元,8.6,19,https://book.douban.com/subject/36791088/
科技,技术与文明,张笑宇,广西师范大学出版社,2021-3,88,7.9,1409,https://book.douban.com/subject/35230119/
科技,以纸鸢征服加农炮,[印] 古鲁·马达范,浙江科学技术出版社,2025-12,99.90元,6.5,22,https://book.douban.com/subject/37870915/
科技,AI与医疗健康 口袋里的人工智能 人工智能知识启蒙科普读物 智能医疗 医疗数据分析 智能诊断 精准化及个性化治疗 广东科技,史颖欢 李姝萌,,史颖欢 李姝萌,广东科技出版社,,10,https://book.douban.com/subject/36748256/
科技,新经济，新规则,[美] 凯文·凯利,电子工业出版社,2014-7,45.00元,8.4,1390,https://book.douban.com/subject/25908079/
科技,费恩曼物理学讲义（第1卷）,Richard P. Feynman、Robert B. Leighton、Matthew Sands,上海科学技术出版社,2005-06,85.00元,9.5,2105,https://book.douban.com/subject/1437852/
科技,科学之路,[法] 杨立昆,中信出版集团,2021-8-1,88.00元,7.6,359,https://book.douban.com/subject/35560368/
科技,智能体互联网,张跃、赖家材,人民邮电出版社,2026-6,59.8,,10,https://book.douban.com/subject/38498644/
科技,追捕祝融星,[美]托马斯·利文森,民主与建设出版社,2019-10,52.00元,8.3,561,https://book.douban.com/subject/34809817/
科技,创新的起源,[英] 马特·里德利,机械工业出版社,2021-6-20,79,7.5,283,https://book.douban.com/subject/35493725/
科技,世界因何美妙而优雅地运行,[美] 约翰·布罗克曼,浙江人民出版社,2017-6,79.90,7.8,207,https://book.douban.com/subject/27060685/
科技,算力经济,张福波 张云泉,张福波 张云泉,机械工业出版社,2023-5-1,,10,https://book.douban.com/subject/36371699/
科技,创新者的窘境,克莱顿•克里斯坦森( Clayton M. Christensen ),中信出版社,2010-6,38.00元,8.5,4158,https://book.douban.com/subject/4243770/
科技,信息传,吴军,中信出版社,2020-11,99,8.5,968,https://book.douban.com/subject/35223179/
科技,吾辈如神,[美]彼得·戴曼迪斯（Peter H.Diamandis）、[美]史蒂芬·科特勒（Steven Kotler）,北京联合出版公司,2026-6,119.90,,10,https://book.douban.com/subject/38499138/
科技,量子力学原理（第2版）中译版,〔美〕拉马穆尔蒂·，尚卡尔（Ramamurti Shankar）,丁亦兵 等,世界图书出版公司,2024-8,,10,https://book.douban.com/subject/37494395/
科技,超越兴趣,倪闽景,倪闽景,上海教育出版社,2024-3,,10,https://book.douban.com/subject/36802956/
科技,规则的悖论,大卫·格雷伯,中信出版集团,2023-4,65.00元,8.5,2677,https://book.douban.com/subject/36191434/
科技,UNIX传奇,[美] 布莱恩·W.克尼汉,人民邮电出版社,2021-3-1,89.00元,8.8,870,https://book.douban.com/subject/35292726/
科技,元宇宙大投资,焦娟  易欢欢  毛永丰  著,中译出版社,2022-1,78.00元,5.3,517,https://book.douban.com/subject/35659748/
科技,崛起的极客女孩,[美]希瑟·卡伯特、[美]萨曼莎·瓦尔拉芬斯,格致出版社,2021-5,58.00元,8.1,111,https://book.douban.com/subject/35467461/
科技,气候经济与人类未来,[美国] 比尔·盖茨,中信出版集团,2021-4-5,68.00,7.9,4027,https://book.douban.com/subject/35396007/
科技,5G新产业：商业与社会的创新机遇,盘和林、贾胜斌、张宗泽,中国人民大学出版社,2020-5,69元,6.7,44,https://book.douban.com/subject/35029222/
科技,耶鲁极简科学史,[英]威廉·拜纳姆,中信出版社,2019-1,49,8.1,201,https://book.douban.com/subject/30338777/
科技,今日简史,[以] 尤瓦尔·赫拉利,中信出版集团,2018-8,68,8.1,21716,https://book.douban.com/subject/30259720/
科技,Life 3.0,Max Tegmark,Allen Lane,2017-8-29,GBP 20.00,8.8,64,https://book.douban.com/subject/27125405/
科技,The Inevitable,Kevin Kelly,Viking,2016-6-7,USD 28.00,7.4,103,https://book.douban.com/subject/26673890/
科技,Crossing the Chasm (3/e),Geoffrey A. Moore,HarperBusiness,2014-1-28,USD 21.99,8.9,96,https://book.douban.com/subject/25806284/
科技,从零起步学电子,Walter Banzhaf,人民邮电出版社,2012-7,52.00元,8.4,50,https://book.douban.com/subject/10834007/
科技,电脑入门完全自学手册,杰创文化,北京科海电子出版社,2010-5,33.00元,8.7,21,https://book.douban.com/subject/4748826/
科技,新科技驾到,李剑龙 著、牛猫小分队 绘,北京理工大学出版社,2021-5,200.00,9.1,160,https://book.douban.com/subject/35445923/
科技,5G时代：生活方式和商业模式的大变革,[日] 龟井卓也,浙江人民出版社,2020-1,58.00,5.9,183,https://book.douban.com/subject/34877489/
科技,滑动解锁,[美] 帕斯·底特律、[美]阿迪蒂亚·阿加什、[美]尼尔·梅塔,电子工业出版社,2019-8-20,69元,7.5,156,https://book.douban.com/subject/34793613/
科技,微服务架构设计模式,[美] 克里斯·理查森（Chris Richardson）,机械工业出版社,2019-5,139元,9.1,715,https://book.douban.com/subject/33425123/
科技,暗趋势,王煜全,中信出版社,2019-1,59元,7.3,122,https://book.douban.com/subject/30415786/
科技,产品改变世界,诺曼·威纳尔斯基 (Norman Winarsky)、亨利·克雷歇尔 (Henry Kressel),中信出版社,2017-3-1,CNY 49.00,7.4,121,https://book.douban.com/subject/26991984/
科技,腾讯传,吴晓波,浙江大学出版社,2017-1-1,58.00元,7.8,18839,https://book.douban.com/subject/26929955/
科技,七堂极简物理课,[意] 卡洛·罗韦利,湖南科学技术出版社,2016-5,39.00元,8.4,15463,https://book.douban.com/subject/26772731/
科技,物理学与生活,W. 托马斯.格瑞福斯 (W. Thomas Griffith)、朱莉叶. W. 布罗斯 (Juliet W.Brosing),电子工业出版社,2015-12-1,68.00元,9.5,83,https://book.douban.com/subject/26734520/
科技,Cool Tools,Kevin Kelly、[美国] 凯文·凯利,Cool Tools Lab,2013-12-17,USD 28.37,9.2,17,https://book.douban.com/subject/25748991/
科技,我们如何来到现在,（美）安迪·凯斯勒（Andy Kessler）,机械工业出版社,2010-10,36.00元,7.5,79,https://book.douban.com/subject/5351834/
科技,信息烟尘,戴维·申克,江西教育出版社,2002,14.50元,8.6,132,https://book.douban.com/subject/1468853/
科技,破局之战,沈辛成,上海交通大学出版社,2023-5-26,68.00,9.0,127,https://book.douban.com/subject/36393020/
科技,过滤泡,［美］伊莱·帕里泽,中国人民大学出版社,2020-8-15,59.8元,7.8,377,https://book.douban.com/subject/35169469/
科技,给未来人类的终极12问,[俄] 亚历山大·伊万诺维奇·赫尔岑、让-米歇尔·贝尼耶,北京联合出版公司,2019-8,49.8,7.4,216,https://book.douban.com/subject/34443588/
科技,Super Pumped,Mike Isaac,W. W. Norton & Company; 1 edition,2019-9-3,USD 21.49,8.4,102,https://book.douban.com/subject/34817279/
科技,未来战争,[美] 罗伯特·H. 拉蒂夫 （Robert H. Latiff）,中信出版集团 · 新思文化,2019-7,38.00,7.4,84,https://book.douban.com/subject/33387419/
科技,飞向太空港,李鸣生,陕西师范大学出版社,2019-3,36.00元,8.0,127,https://book.douban.com/subject/32191024/
科技,区块链技术驱动金融,阿尔文德·纳拉亚南、约什·贝努、爱德华·费尔顿、安德鲁·米勒、史蒂文·戈德费德,中信出版社,2016-8-25,CNY 79.00,8.1,1017,https://book.douban.com/subject/26860970/
科技,必然,凱文．凱利,貓頭鷹,2017-6-3,NT$450,8.5,33,https://book.douban.com/subject/26998201/
科技,科学革命的结构,[美]托马斯·库恩,北京大学出版社,2012-11,29.00元,9.0,3331,https://book.douban.com/subject/20376550/
科技,技术与文明,[美] 刘易斯·芒福德,中国建筑工业出版社,2009-08,48.00元,8.7,788,https://book.douban.com/subject/3815282/
科技,无隐私时代,[美] 阿奇科·布希,北京燕山出版社,2021-6,55.00元,6.8,160,https://book.douban.com/subject/35488968/
科技,网络是怎样连接的,[日] 户根勤,人民邮电出版社,2017-1-1,49.00元,9.1,2730,https://book.douban.com/subject/26941639/
科技,科技的狂欢,"Barry Gordon, L",中信出版社,2018-6-1,CNY 58.00,6.8,52,https://book.douban.com/subject/30274143/
科技,为什么有的人特別招蚊子?,[美]罗布•奈特、[美]布伦丹•布勒,中信出版社,2016-7-1,36,7.1,479,https://book.douban.com/subject/26859082/
科技,解码宇宙,[美]查尔斯﹒赛费,上海科技教育出版社,2015-7,47.00元,8.7,115,https://book.douban.com/subject/26583403/
科技,The Innovators,Walter Isaacson,Simon & Schuster,2014-10-7,USD 35.00,8.3,157,https://book.douban.com/subject/25906749/
科技,一位數位移民的告白,Nick Bilton,行人出版,2011-2-8,TWD 360,8.2,24,https://book.douban.com/subject/5966858/
科技,Genius Makers,Cade Metz,Dutton,2021-3-16,US$19.74,8.6,99,https://book.douban.com/subject/35406953/
科技,宇宙奥德赛：穿越银河系,王爽,清华大学出版社,2019-10-1,59.00元,9.0,508,https://book.douban.com/subject/34862623/
科技,Swipe to Unlock,Neel Mehta、Aditya Agashe、Parth Detroja,CreateSpace Independent Publishing Platform,2017-9-20,GBP 15.99,8.1,63,https://book.douban.com/subject/30322801/
科技,科技前哨,王煜全 主编,中信出版社,2018-4,52.00元,6.0,75,https://book.douban.com/subject/30194652/
科技,通信之道,杨学志(编著),电子工业出版社,2016-2,79,8.9,257,https://book.douban.com/subject/26743649/
科技,自动驾驶改变未来,柴占祥,机械工业出版社,2017-11-14,CNY 79.00,7.5,36,https://book.douban.com/subject/27205053/
科技,第九区·漫游虚拟现实奇境,腾云智库、译言,现代出版社,2016-7-31,48.00 元,7.6,65,https://book.douban.com/subject/26848778/
科技,机器危机,[美] Martin Ford,华中科技大学出版社,2016-7-1,49.90,7.3,54,https://book.douban.com/subject/26805099/
科技,数学与人类思维,[法] 大卫·吕埃勒,上海世纪出版股份有限公司,2015-8,38.00,8.4,121,https://book.douban.com/subject/26628110/
科技,视觉之旅 化学世界的分子奥秘,西奥多·格雷 [著]、尼克·曼 [摄影],人民邮电出版社,2015-4-1,68.00元,9.1,180,https://book.douban.com/subject/26353234/
科技,爱因斯坦传（精装珍藏版）,[美] 沃尔特·艾萨克森,湖南科学技术出版社,2014-11,88.00元,9.0,695,https://book.douban.com/subject/26306618/
科技,图解密码技术,[日] 结城浩,人民邮电出版社,2014-12,79.00元,9.2,492,https://book.douban.com/subject/26265544/
科技,Superintelligence,Nick Bostrom,Oxford University Press,2014-9-3,USD 29.95,7.3,94,https://book.douban.com/subject/25945179/
科技,数据之巅,涂子沛,中信出版社,2014-5-1,65.00元,8.3,1859,https://book.douban.com/subject/25871778/
科技,幽灵舰队,(美)约翰·斯卡尔齐,江苏文艺出版社,2013-9-1,32.00元,8.2,1396,https://book.douban.com/subject/24840349/
科技,Zero to One,Peter Thiel、Blake Masters,Crown Business,2014-9-16,USD 27.00,8.3,3250,https://book.douban.com/subject/24753651/
科技,西方科学的起源,戴维·林德伯格,湖南科学技术出版社,2013-5,78.00元,9.2,137,https://book.douban.com/subject/24749708/
科技,深入浅出数字信号处理,江志红,北京航空航天大学出版社,2012-1,42.00元,9.3,125,https://book.douban.com/subject/10486319/
科技,世界是平的,[美] 托马斯·弗里德曼,湖南科学技术出版社,2006-11,56.00元,7.6,14601,https://book.douban.com/subject/1867642/
科技,操控,[以色列] 利拉斯·马加利特,浙江人民出版社,2024-6,78.00元,7.1,234,https://book.douban.com/subject/36914597/
科技,人机对齐,【美】布莱恩•克里斯汀,湖南科学技术出版社,2023-6,98,8.8,204,https://book.douban.com/subject/36432977/
科技,协同进化,[美]爱德华·阿什福德·李,中信出版社,2022-6,88.00元,7.8,184,https://book.douban.com/subject/35911428/
科技,聪明简史,猿编程,人民邮电出版社,2021-10-1,129.00,9.0,57,https://book.douban.com/subject/35632257/
科技,活力,埃德蒙·费尔普斯、莱彻·博吉洛夫、云天德、吉尔维·索伊加,中信出版集团,2021-5,68.00,7.8,56,https://book.douban.com/subject/35461008/
科技,一往无前,范海涛,中信出版集团,2020-8,78.00,8.0,5677,https://book.douban.com/subject/35174681/
科技,解码世界科学,［法］伊万·基利奥夫、［法］莱亚·米尔桑,上海交通大学出版社,2020-8,168.00元,9.5,39,https://book.douban.com/subject/35152243/
科技,iPhone简史,[美] 布莱恩·麦切特,天地出版社,2018-12-9,68.00元,7.4,89,https://book.douban.com/subject/30373586/
科技,人人都在说谎,赛思·斯蒂芬斯--达维多维茨,中信出版社,2018-11,58,7.2,1296,https://book.douban.com/subject/30384189/
科技,数字医疗,罗伯特•瓦赫特 (Robert M. Wachter),中国人民大学出版社,2018-1-1,CNY 72.90,7.6,54,https://book.douban.com/subject/27624368/
科技,编程真好玩,[英] 乔恩·伍德科克,南海出版公司,2017-8-1,88.00元,8.6,77,https://book.douban.com/subject/27116976/
科技,火星,[法]弗朗西斯•罗卡尔、[美]阿尔弗雷德•麦克伊文、[法]沙维叶•巴莱尔,北京美术摄影出版社,2017-5-1,289.00,9.2,113,https://book.douban.com/subject/27030105/
科技,人工智能真的来了,杨澜,江苏凤凰文艺出版社,2017-9,48元,6.1,269,https://book.douban.com/subject/27106994/
科技,万年的竞争,刘夙,科学出版社,2017-4-1,CNY 48.00,7.5,74,https://book.douban.com/subject/27032830/
科技,VR来了！,才华有限实验室,中信出版社,2016-11-1,58,6.3,71,https://book.douban.com/subject/26901394/
科技,互联网+,阿里研究院,机械工业出版社,2015-4-1,CNY 59.00,6.6,351,https://book.douban.com/subject/26369667/
科技,创业维艰,本·霍洛维茨 Ben Horowitz,中信出版社,2015-2,49.00元,8.3,10260,https://book.douban.com/subject/26306686/
科技,无穷的开始,[英]戴维·多伊奇（David Deutsch）,人民邮电出版社,2014-11,59.00元,8.2,928,https://book.douban.com/subject/26184242/
科技,电的旅程 探索人类驾驭电子的历史过程,张大凯,湖南科学技术出版社,2013-1,35.00元,8.8,121,https://book.douban.com/subject/21458724/
科技,别逗了，费曼先生,R•P•费曼、R•莱顿,湖南科学技术出版社,2012-9-1,35.00元,8.3,1682,https://book.douban.com/subject/19989296/
科技,浅薄,[美] 尼古拉斯·卡尔,中信出版社,2010-12,42.00元,7.5,3358,https://book.douban.com/subject/5379664/
科技,技术革命与金融资本,[英] 卡萝塔·佩蕾丝,中国人民大学出版社,2007-1,35.00元,8.4,453,https://book.douban.com/subject/2326852/
科技,人工智能的未来,Jeff Hawkins、Sandra Blakeslee,陕西科学技术出版社,2006-1,18.50元,8.9,1009,https://book.douban.com/subject/1834728/
科技,Chip War,Chris Miller,Chris Miller,Scribner,2022-10-4,8.8,587,https://book.douban.com/subject/36353062/
科技,技术史（第Ⅰ卷）,查尔斯•辛格、E.J. 霍姆亚德、A.R. 霍尔,中国工人出版社,2021-6,278.00,9.6,44,https://book.douban.com/subject/35514105/
科技,18个未来进行时,[英] 吉姆·阿尔-哈里里,北京联合出版公司,2019-9,49.8元,7.7,119,https://book.douban.com/subject/34672218/
科技,人工智能全球格局,国务院发展研究中心国际技术经济研究所、中国电子学会、智慧芽,中国人民大学出版社,2019-9,59.00,7.2,72,https://book.douban.com/subject/34836254/
科技,技术垄断,[美]尼尔•波斯曼,中信出版社,2019-4-1,58.00,8.1,1949,https://book.douban.com/subject/33385896/
科技,万物重构：智能社会来临前夜的思索,韦青,新华出版社,2018-8-1,58.00,6.1,70,https://book.douban.com/subject/30300023/
科技,智能的本质 人工智能与机器人领域的64个大问题,[美] 皮埃罗·斯加鲁菲,人民邮电出版社,2017-1-1,CNY 55.00,7.8,156,https://book.douban.com/subject/26978312/
科技,新一轮产业革命,亚力克·罗斯 (Alec Ross),中信出版社,2016-8-1,CNY 49.00,7.2,144,https://book.douban.com/subject/26841622/
科技,智能机器的未来,戴维•明德尔（David Mindell）,中信出版社,2017-7-1,59.00,7.1,43,https://book.douban.com/subject/27074880/
科技,奇妙的尘埃,[美] 汉娜·霍姆斯,生活·读书·新知三联书店,2015-8,38.00元,7.7,156,https://book.douban.com/subject/26604896/
科技,工业大数据,[美] 李杰（Jay Lee）,机械工业出版社,2015-7,39.00元,7.2,128,https://book.douban.com/subject/26431012/
科技,素数之恋,(美)约翰·德比希尔,上海科技教育出版社,2014-11-1,67.00,9.1,136,https://book.douban.com/subject/26293336/
科技,万万没想到,万维钢,电子工业出版社,2014-10,39.80元,8.1,13281,https://book.douban.com/subject/25986341/
科技,对苹果设计说不,戴维·波格 等 著、《环球科学》杂志社 编、外研社科学出版工作室 编,外语教学与研究出版社,2014-5,39.8,6.5,72,https://book.douban.com/subject/25909315/
科技,最有人性的“人”,布莱恩•克里斯汀 (Brian Christian),人民邮电出版社,2012-10-1,45.00元,8.9,62,https://book.douban.com/subject/19985902/
科技,Steve Jobs,Walter Isaacson,Simon & Schuster,2011-10-24,USD 35.00,9.0,3505,https://book.douban.com/subject/6512188/
科技,Elon Musk,Walter Isaacson、沃尔特·艾萨克森,Simon & Schuster,2023-9-12,USD 35.00,8.6,861,https://book.douban.com/subject/36414284/
科技,量子信息简话,袁岚峰,中国科学技术大学出版社,2021-11,80元,9.1,101,https://book.douban.com/subject/35654033/
科技,离线·副本,李婷 主编,电子工业出版社,2021-9-30,78,7.8,86,https://book.douban.com/subject/35602587/
科技,大数据时代2,夏予川,夏予川,重庆出版社,2020-8,7.8,82,https://book.douban.com/subject/35176258/
科技,投资未来：重构世界与财富的12大科技投资领域,[美] 乔恩·D. 马克曼( Jon D. Markman),机械工业出版社,2020-6,69.00,7.0,77,https://book.douban.com/subject/35099954/
科技,未来科技通史,[瑞典]奥勒•哈格斯特姆,新世界出版社,2019-9-30,69.8,6.8,34,https://book.douban.com/subject/34800371/
科技,银行4.0,[澳] 布莱特 · 金,广东经济出版社 · 伴客文化,2018-12-30,128,6.9,143,https://book.douban.com/subject/30427895/
科技,格局,吴军,中信,2019-9,69,7.8,1269,https://book.douban.com/subject/34799998/
科技,极简区块链,[印] 史尼瓦·马卡利,电子工业出版社,2018-8,58元,4.8,124,https://book.douban.com/subject/30304352/
科技,爆裂,[美] 伊藤穰一、[美] 杰夫·豪,中信出版社,2017-10-1,65.00元,6.4,2207,https://book.douban.com/subject/27131703/
科技,AI：人工智能的本质与未来,[英]玛格丽特·博登（Margaret A. Boden）,中国人民大学出版社,2017-6,55,6.2,141,https://book.douban.com/subject/27065415/
科技,引领世界的中国创新,邹磊,电子工业出版社,2017-9,49.00,,53,https://book.douban.com/subject/27112894/
科技,如何思考会思考的机器,[美] 约翰·布罗克曼,浙江人民出版社,2017-3,89.90元,6.9,128,https://book.douban.com/subject/26997482/
科技,极客物理学,[美]瑞特·阿莱恩（Rhett Allain）,北京时代华文书局,2016-8,42.00元,7.3,190,https://book.douban.com/subject/26848006/
科技,The Invention of Nature,Andrea Wulf、安德烈娅·武尔夫,Knopf,2015-9-15,USD 30.00,8.8,109,https://book.douban.com/subject/26596019/
科技,一只小鸟告诉我的事,[美]比兹·斯通,中信出版社,2014-11,59.00元,7.8,203,https://book.douban.com/subject/26215937/
科技,未来,[美] 阿尔·戈尔,上海译文出版社,2013-6,68.00元,7.5,98,https://book.douban.com/subject/24757063/
科技,他们创造了美国,[美] 哈罗德•埃文斯、盖尔•巴克兰、戴维•列菲,中信出版社,2013-7-15,98.00,8.0,269,https://book.douban.com/subject/24744410/
科技,阿波罗是如何飞到月球的,W.David Woods,清华大学出版社,2012-3,69.00元,9.4,70,https://book.douban.com/subject/10568054/
科技,为什么中国没出Facebook,谢文,凤凰出版社,2011-7-1,39.80元,8.0,187,https://book.douban.com/subject/6721224/
科技,灵魂机器的时代,（美）雷·库兹韦尔,上海译文出版社,2006-04-01,37.00元,8.1,255,https://book.douban.com/subject/1810352/
科技,They Made America,Harold Evans、Gail Buckland、David Lefer,"Little, Brown and Company",2004-10-12,USD 50.00,8.6,34,https://book.douban.com/subject/1347608/
科技,万物简史,[美] 比尔·布莱森,接力出版社,2005-2,36.80元,8.7,10173,https://book.douban.com/subject/1225983/
科技,權力與進步,戴倫·艾塞默魯、賽門·強森,天下文化,2023-11,NTD800,8.0,321,https://book.douban.com/subject/36663547/
科技,科学与忠诚,吕成冬,人民邮电出版社,2021-12,89.00,7.2,76,https://book.douban.com/subject/35666094/
科技,人工智能全传,[英]迈克尔·伍尔德里奇,浙江科学技术出版社,2021-3-25,78.00元,8.1,252,https://book.douban.com/subject/35418482/
科技,万物发明指南,[加] 瑞安·诺思,中信出版集团,2019-9-20,78.00,8.5,2480,https://book.douban.com/subject/34464674/
科技,未来之路,[美]维韦克•瓦德瓦（Vivek Wadwha）、[美]亚历克斯•萨尔克弗（Alex Salkever）,中信出版社,2018-10-15,59.00元,5.6,66,https://book.douban.com/subject/30357382/
科技,从1到N,尤尔根·梅菲特、沙莎,上海交通大学出版社,2018-4-1,68,6.9,158,https://book.douban.com/subject/30255604/
科技,大话5G,电子工业出版社,电子工业出版社,2016-3-1,38.8,4.9,63,https://book.douban.com/subject/26847413/
科技,硅星球,约翰·D·克雷斯勒,上海科技教育出版社,2012-12,88.00元,8.5,66,https://book.douban.com/subject/21329898/
科技,以色列谷,(以)顾克文(Edouard Cukierman)、丹尼尔.罗雅区(Daniel Rouach)、(中)王辉耀(Huiyao Wang),肖晓梦,机械工业出版社,2015-1-1,6.4,105,https://book.douban.com/subject/26303632/
科技,无须等待,[美]亚历克西斯•奥海涅,浙江人民出版社,2015-1,42.90,6.9,128,https://book.douban.com/subject/26278454/
科技,YC创业营,[美] 兰德尔·斯特罗斯,浙江人民出版社,2014-8-1,CNY 52.90,7.5,357,https://book.douban.com/subject/25927950/
科技,极客罗曼史,东西文库,东西文库,2014-2-14,24,9.0,24,https://book.douban.com/subject/25828490/
科技,Smarter Than You Think,Clive Thompson,"Penguin Press HC, The",2013-9-12,USD 27.95,6.7,12,https://book.douban.com/subject/24301495/
科技,超越时空,"[美] 加来道雄（Kaku, M）",上海科技教育出版社,2009-6,36.00元,9.1,5031,https://book.douban.com/subject/3930318/
科技,人工智能时代与人类未来,[美] 亨利·基辛格、[美] 埃里克·施密特、[美] 丹尼尔·胡滕洛赫尔,中信出版社,2023-5,88.00元,7.2,632,https://book.douban.com/subject/36420550/
科技,智能交通,李彦宏,人民出版社,2021-12-2,128.00元,7.2,203,https://book.douban.com/subject/35685639/
科技,人工智能简史（第2版）,尼克（Nick）,人民邮电出版社,2021-1,79.00元,6.8,157,https://book.douban.com/subject/35292505/
科技,科技智人,[法] 米歇尔·布艾希,中国社会科学出版社,2019-12,69.00元,7.9,37,https://book.douban.com/subject/34922484/
科技,中国古代机械复原研究,陆敬严,上海科学技术出版社,2019-6,198.00,8.6,35,https://book.douban.com/subject/34779382/
科技,深度学习与图像识别：原理与实践,魏溪含　涂铭　张修鹏　著,机械工业出版社,2019-7-10,129.00元,8.0,70,https://book.douban.com/subject/34465535/
科技,医生最想让你读的书,杰尔姆·格罗普曼,浙江人民出版社,2018-10-1,72,7.9,223,https://book.douban.com/subject/30367347/
科技,我是阿尔法,冯象,中国政法大学出版社,2018-10,59.00元,8.3,122,https://book.douban.com/subject/30324023/
科技,WTF?,Tim O'Reilly,HarperBusiness,2017-10-10,USD 32.99,8.7,17,https://book.douban.com/subject/27066034/
科技,给孩子讲量子力学,李淼,民主与建设出版社,2017-1-1,38.00元,7.9,1344,https://book.douban.com/subject/26953160/
科技,人工智能,腾讯研究院、中国信通院互联网法律研究中心、腾讯AI Lab、腾讯开放平台,中国人民大学出版社,2017-10-25,68.00元,6.8,330,https://book.douban.com/subject/27179562/
科技,小米之道,（美）克莱•舍基,浙江人民出版社,2017-10-1,49.90元,7.0,154,https://book.douban.com/subject/27168051/
科技,我的第一本编程书,［日］平山尚,人民邮电出版社,2016-7,79.00元,7.9,70,https://book.douban.com/subject/26826545/
科技,大气,[美]加布里埃尔·沃克,生活·读书·新知三联书店,2017-1,35.00,7.8,88,https://book.douban.com/subject/26942767/
科技,Disrupted,Dan Lyons,Hachette Books,2016-4-5,USD 27.00,7.7,55,https://book.douban.com/subject/26767205/
科技,人工智能的未来,[美] 雷·库兹韦尔,浙江人民出版社,2016-3,79.90元,7.1,307,https://book.douban.com/subject/26716264/
科技,与机器赛跑,埃里克·布林约尔松、安德鲁·麦卡菲,电子工业出版社,2014-9,CNY 35.00,7.4,132,https://book.douban.com/subject/25974789/
科技,工业4.0,乌尔里希•森德勒,机械工业出版社,2014-7-1,CNY 45.00,6.1,420,https://book.douban.com/subject/25925957/
科技,硅谷合伙人,[美] Sarah Lacy,人民邮电出版社,2014-1,49.00,6.4,34,https://book.douban.com/subject/25782823/
科技,失控,[美] 凯文·凯利,新星出版社,2011-3,98.00元,8.9,1259,https://book.douban.com/subject/5989373/
科技,Facebook效应,[美] 大卫·柯克帕特里克,华文出版社,2010-10,49.80,7.9,5038,https://book.douban.com/subject/5313010/
科技,沸腾十五年,林军,中信出版社,2009-7,59.00元,8.2,2697,https://book.douban.com/subject/3816827/
科技,梦溪笔谈(上下) (平装),沈括,江苏古籍出版社,1999-1,35.0,9.2,39,https://book.douban.com/subject/1607686/
科技,万物皆计算,[美]斯蒂芬·沃尔弗拉姆（Stephen Wolfram）,人民邮电出版社,2024-11,129.8元,7.8,115,https://book.douban.com/subject/37107596/
科技,巴拉吉预言,[美] 埃里克·乔根森,中信出版集团,2024-11,68.00元,7.4,537,https://book.douban.com/subject/37073809/
科技,元宇宙,子弥实验室 2140,北京大学出版社,2022-1,99.00,7.3,271,https://book.douban.com/subject/35732741/
科技,原动力,史蒂文·霍夫曼,中信出版集团,2021-10,88.00元,7.9,118,https://book.douban.com/subject/35605651/
科技,人体的未来,[英]德劳因·伯奇,世界图书出版公司,2021-9,59.80元,5.9,36,https://book.douban.com/subject/35620026/
科技,维纳传,[美] 弗洛·康韦、[美] 吉姆·西格尔曼,中信出版集团,2021-8,88.00元,9.3,122,https://book.douban.com/subject/35578540/
科技,AI会取代我们吗？,[英] 雪莉·范 著、[英] 马修·泰勒 编,阿芦,中信出版集团,68元,7.2,90,https://book.douban.com/subject/35184851/
科技,给孩子讲大数据,涂子沛,人民邮电出版社，童趣出版有限公司,2020-6,58.00,8.2,92,https://book.douban.com/subject/35138670/
科技,机器与人,【美】保罗•多尔蒂  詹姆斯•威尔逊,中信出版社,2018-10,49.00元,6.6,81,https://book.douban.com/subject/30338907/
科技,XWorld：未来进化,[以色列] 尤瓦尔·赫拉利,中信出版社,2017-7-1,免费,6.1,103,https://book.douban.com/subject/30280112/
科技,深度学习原理与实践,陈仲铭、彭凌西,人民邮电出版社,2018-8,89,9.2,115,https://book.douban.com/subject/30304398/
科技,老科技的全球史,大衛.艾傑頓(David Edgerton),左岸文化,2016-12,NTD 520,8.6,22,https://book.douban.com/subject/26880624/
科技,智能化未来,[日]泉田良辅,浙江大学出版社,2015-11,32.00,6.6,53,https://book.douban.com/subject/26694522/
科技,计算机程序设计艺术・卷1,Donald E. Knuth,人民邮电出版社,2016-1-1,198,9.8,98,https://book.douban.com/subject/26681685/
科技,How Music Got Free,Stephen Witt,Viking,2015-6-16,USD 27.95,9.1,69,https://book.douban.com/subject/26425227/
科技,Digital Gold,Nathaniel Popper,Harper,2015-5-19,USD 27.99,8.1,54,https://book.douban.com/subject/26379556/
科技,Becoming Steve Jobs,Brent Schlender、Rick Tetzeli,Random House Audio Publishing Group,2015-3-24,GBP 45.11,8.9,54,https://book.douban.com/subject/26342628/
科技,群体性孤独,[美] 雪莉·特克尔（Sherry Turkle）,浙江人民出版社,2014-3,66.90元,7.0,1414,https://book.douban.com/subject/25848953/
科技,淘宝技术这十年,子柳,电子工业出版社,2013-5,45.00元,7.3,2516,https://book.douban.com/subject/24335672/
科技,物理学的未来,加来道雄,重庆出版社,2012-6,53.80元,8.0,500,https://book.douban.com/subject/10578495/
科技,宇宙、地球和大气,I.阿西摩夫,科学出版社,1976,0.65,9.9,62,https://book.douban.com/subject/5375796/
科技,What Technology Wants,Kevin Kelly,Penguin Group (USA) Incorporated,2010-10-14,USD 27.95,8.5,179,https://book.douban.com/subject/4778063/
科技,The Nature of Technology,W. Brian Arthur,Free Press,2009-8-11,USD 27.00,7.1,28,https://book.douban.com/subject/3395706/
科技,从元素到基本粒子,I·阿西摩夫,科学出版社,1977,0.75,9.6,49,https://book.douban.com/subject/2033484/
科技,发明是这样诞生的,杨清亮,机械工业出版社,2006-7,29.80元,7.9,54,https://book.douban.com/subject/1885260/
科技,力量：改变人类文明的50大科学定理,李啸虎,上海文艺出版社,2005-02,30.00,8.1,108,https://book.douban.com/subject/1329953/
科技,网络经济的十种策略,[美] 凯文·凯利,广州出版社,2000-06,26.00元,8.4,292,https://book.douban.com/subject/1059824/
科技,神工智能,[美] 阿德里安娜·梅厄,九州出版社,2024-11,78.00元,7.5,250,https://book.douban.com/subject/37044145/
科技,理解和改变世界,(法) 约瑟夫·希发基思,中信出版社,2023-4,79.00元,8.0,146,https://book.douban.com/subject/36346607/
科技,大国锁钥,曾航 、 周廉卜 、 涂逸君 等,浙江大学出版社,2022-11,68,7.0,454,https://book.douban.com/subject/36351909/
科技,AIGC：智能创作时代,杜雨、张孜铭,中译出版社,2023-3,69.00,6.2,451,https://book.douban.com/subject/36238822/
科技,数字化的力量,郭为,机械工业出版社,2022-6-15,99.00元,7.8,160,https://book.douban.com/subject/35929035/
科技,黑客与画家,[美国] 保罗·格雷厄姆,人民邮电出版社,2022-6,99.80元,8.1,922,https://book.douban.com/subject/35889905/
科技,宇宙,[美]卡尔·萨根,上海科学技术文献出版社,2021-6,78.00元,9.3,4237,https://book.douban.com/subject/35490038/
科技,硅谷密码：科技创新如何重塑美国,（美）玛格丽特.奥马拉 著,中信出版社,2022-3,58.50元,7.4,66,https://book.douban.com/subject/35837470/
科技,大合流,[瑞士] 理查德·鲍德温,格致出版社,2020-11-1,59.00元,8.4,115,https://book.douban.com/subject/35068689/
科技,智能经济,李彦宏 著、张晓峰、杜军 主编、张晓峰,中信出版社,2020-9,88.00元,5.6,55,https://book.douban.com/subject/35217595/
科技,Lifespan,David A. Sinclair、Matthew D. LaPlante,Atria Books,2019-9-10,USD 14.99,7.5,87,https://book.douban.com/subject/33054225/
科技,四騎士主宰的未來,史考特‧蓋洛威,天下雜誌,2018-8-29,NTD450,8.1,25,https://book.douban.com/subject/30321232/
科技,量子世界的发现之旅,[美]迈克尔·S.沃克,中信出版社,2019-1,59,7.7,59,https://book.douban.com/subject/30353747/
科技,物理学的进化,[美]阿尔伯特·爱因斯坦、[波]利奥波德·英费尔德,中信出版集团,2019-3-1,48.00元,8.8,229,https://book.douban.com/subject/30469078/
科技,世界观 (第2版),[美] 理查德·德威特,机械工业出版社,2018-11-15,99.00元,9.0,3595,https://book.douban.com/subject/30379527/
科技,宇宙从一粒尘埃开始,[英]布莱恩·考克斯（Brain Cox）、[英]杰夫·福修（Jeff Forshaw）,北京联合出版公司,2018-10,88.00元,7.3,180,https://book.douban.com/subject/30353845/
科技,钢铁、蒸汽与资本,[英]罗杰·奥斯本（Roger Osborne）,电子工业出版社,2016-4,69.00元,8.3,123,https://book.douban.com/subject/26765971/
科技,海滩上的爱因斯坦,[法] 马克·拉谢兹-雷伊,理想国 | 广西师范大学出版社,2017-11,39.00元,7.7,174,https://book.douban.com/subject/27167268/
科技,科技失控：用科技思维重新看懂未来,温德尔·瓦拉赫,中国友谊出版公司,2017-2-1,CNY 39.80,5.9,93,https://book.douban.com/subject/26954789/
科技,图解密码技术（第3版）,[日] 结城浩,人民邮电出版社,2016-6,89.00元,9.3,513,https://book.douban.com/subject/26822106/
科技,创新的洞见,人民邮电出版社,人民邮电出版社,2016-2-1,39.00元,7.2,75,https://book.douban.com/subject/26724253/
科技,Platform Revolution,Sangeet Paul Choudary、Marshall W. Van Alstyne、Geoffrey G. Parker,W. W. Norton & Company,2016-3-28,USD 27.95,8.2,45,https://book.douban.com/subject/26711414/
科技,玩转无人机,[法] 鲁道夫·乔巴尔,人民邮电出版社,2015-11,59.00元,6.1,43,https://book.douban.com/subject/26657938/
科技,信号与噪声,[美] 纳特·西尔弗,中信出版社,2013-8,69.00元,7.0,1604,https://book.douban.com/subject/24872278/
科技,第三次工业革命,[美] 杰里米·里夫金,中信出版社,2012-5,45.00元,7.1,1464,https://book.douban.com/subject/10580810/
科技,上帝掷骰子吗？,曹天元,辽宁教育出版社,2011-4-1,36.80元,9.2,7261,https://book.douban.com/subject/6434486/
科技,LaTeX2e完全学习手册,胡伟,清华大学出版社,2011-1,49.80元,8.4,76,https://book.douban.com/subject/5450816/
科技,Google改变生活,韩梅、李凯、李广鹏,机械工业出版社,2010-1,39.00元,5.5,68,https://book.douban.com/subject/4262319/
科技,撬开苹果,利安德·卡尼、Leander Kahney,中国人民大学出版社,2008-11,38.00元,7.5,203,https://book.douban.com/subject/3309579/
科技,创新的迷失,皮普·科伯恩,北京师范大学出版社,2007-4,32.00元,6.8,35,https://book.douban.com/subject/2061528/
科技,PC迷幻紀事,John Markoff,John Markoff,查修傑,大塊文化,,10,https://book.douban.com/subject/1849640/
科技,达·芬奇的便携式电脑,(美)本·施奈德曼,商务印书馆,2006-3,20.00元,7.0,67,https://book.douban.com/subject/1768152/
科技,技术批判理论,安德鲁·芬伯格（Andrew Feenberg）,北京大学出版社,2005-8,20.00元,8.0,74,https://book.douban.com/subject/1425752/
科技,什么是数学,[美] R·柯朗 H·罗宾 著、I·斯图尔特 修订,复旦大学出版社,2005-5,37.00元,9.1,4156,https://book.douban.com/subject/1320282/
科技,未来之路,[美] 比尔·盖茨,北京大学出版社,1996-01,20.00,8.0,715,https://book.douban.com/subject/1205456/
科技,科技群星闪耀时,[美] 斯蒂芬•沃尔弗拉姆（Stephen Wolfram）,人民邮电出版社,2024-8,69.80元,7.1,87,https://book.douban.com/subject/36991789/
科技,天才谷,(美)亚当·费舍尔(Adam Fisher),机械工业出版社,2019-5,89.00,8.6,35,https://book.douban.com/subject/32596650/
科技,AI芯片：前沿技术与创新未来,张臣雄,人民邮电出版社,2021-3,159.8,8.2,112,https://book.douban.com/subject/35427810/
科技,手机战争,余盛,华中科技大学出版社,2020-11,68.00元,7.4,264,https://book.douban.com/subject/35229316/
科技,五堂极简生物课,[英] 保罗•纳斯,湖南科学技术出版社,2021-8-12,56.00元,8.1,436,https://book.douban.com/subject/35548157/
科技,共生,司晓、马永武,浙江大学出版社,2021-8-1,59.00元,7.3,30,https://book.douban.com/subject/35531973/
科技,发明：改变我们生活的技术突破,[英] 理查德·普拉特 文、[英] 詹姆斯·布朗 图,北京联合出版公司,2020-6,110.00元,8.2,19,https://book.douban.com/subject/35029507/
科技,未来志,美国《大众科学》,新星出版社,2020-6,168.00元,8.8,66,https://book.douban.com/subject/34974722/
科技,无线通信简史,[芬] 彼得里·劳尼艾宁,人民邮电出版社,2020-4,99.00元,7.3,49,https://book.douban.com/subject/35020993/
科技,法律人的明天会怎样？,〔英〕理查德·萨斯坎德,北京大学出版社,2019-7-1,49,7.5,124,https://book.douban.com/subject/33440215/
科技,没有思想的世界,[美]富兰克林·福尔（Franklin Foer）,中信出版集团,2019-12-15,58,7.3,340,https://book.douban.com/subject/34868006/
科技,中国天眼：南仁东传,王宏甲,王宏甲,北京联合出版公司,58.00,8.3,124,https://book.douban.com/subject/30486622/
科技,邂逅达·芬奇,[意]爱德华多·扎农（Edoardo Zanon）,机械工业出版社,2019-6,148.00元,7.8,29,https://book.douban.com/subject/34681578/
科技,说出来你可能不信,SME,中国友谊出版公司,2019-6,42元,6.6,235,https://book.douban.com/subject/33455758/
科技,科学之魂,[英] 戴维·林德利、David Lindley,浙江人民出版社,2018-10,55.00元,8.9,46,https://book.douban.com/subject/30156813/
科技,人工智能会取代人类吗？,[澳]托比·沃尔什,北京联合出版公司,2018-6,59.80元,8.1,74,https://book.douban.com/subject/30219695/
科技,基因传,[美] 悉达多·穆克吉,中信出版社,2018-1-1,88.00元,8.6,4838,https://book.douban.com/subject/27168433/
科技,数学与科技/科学新探索,【美】《科学新闻》杂志社（Science News）,电子工业出版社,2017-7,58.00元,6.6,15,https://book.douban.com/subject/27085349/
科技,第四次工业革命,克劳斯·施瓦布,中信出版社,2016-6-5,CNY 45.00,6.2,749,https://book.douban.com/subject/26800364/
科技,The Industries of the Future,Alec Ross,Simon & Schuster,2016-2-2,USD 28.00,7.6,53,https://book.douban.com/subject/26711411/
科技,重新定义创新,谢德荪,中信出版社,2016-1-15,CNY 56.00,8.4,124,https://book.douban.com/subject/26703541/
科技,机器人革命,[美]约瑟夫•巴-科恩、[美]大卫•汉森,机械工业出版社,2015-3-25,45.00元,6.1,83,https://book.douban.com/subject/26340232/
科技,互联网时代,《互联网时代》主创团队,北京联合出版公司,2015-2-1,49.80元,7.9,235,https://book.douban.com/subject/25975442/
科技,周鸿祎自述,周鸿祎,中信出版社,2014-8,45.00元,7.6,5277,https://book.douban.com/subject/25928983/
科技,人类消失后的地球,《飞碟探索》杂志社,朝华出版社,2013-4,49.80元,5.6,55,https://book.douban.com/subject/23134288/
科技,The New Digital Age,Eric Schmidt、Jared Cohen,Knopf,2013-4-23,USD 26.95,7.6,24,https://book.douban.com/subject/20469380/
科技,疯狂科学家大本营,迈克尔·贝尔菲奥尔（Michael Belfiore）,科学出版社,2012-5-14,48.00元,7.7,65,https://book.douban.com/subject/10749372/
科技,我用微软改变世界,保罗·艾伦,浙江人民出版社,2012-3,46.00元,7.9,195,https://book.douban.com/subject/10521234/
科技,认知盈余,[美] 克莱·舍基,中国人民大学出版社,2011-12,49.80元,7.0,3021,https://book.douban.com/subject/7007666/
科技,In The Plex,Steven Levy,Simon & Schuster,2011-4-12,USD 29.95,8.7,407,https://book.douban.com/subject/4789228/
科技,Ice Age,John Gribbin,Penguin Books Ltd,2003-1-30,GBP 5.99,,11,https://book.douban.com/subject/4759542/
科技,追踪进化论,（法）塞德里克·格里穆,生活·读书·新知三联书店,2008-12-01,26.00,8.4,281,https://book.douban.com/subject/3320906/
科技,跨越鸿沟,[美] 杰弗里·摩尔(Geoffrey A. Moore),机械工业出版社,2009-1,36.00元,8.4,1080,https://book.douban.com/subject/3320425/
科技,编程珠玑,[美] Jon Bentley,人民邮电出版社,2008-10,39.00元,9.1,2219,https://book.douban.com/subject/3227098/
科技,A Matter of Degrees,Gino Segre,Penguin Books,2003-7-1,USD 16.00,8.4,17,https://book.douban.com/subject/2875223/
科技,当代科技艺术,张燕翔,张燕翔,2007-11,75.00元,7.8,15,https://book.douban.com/subject/2348875/
科技,代码大全（第2版）,[美] 史蒂夫·迈克康奈尔,电子工业出版社,2006-3,128.00元,9.3,4283,https://book.douban.com/subject/1477390/
科技,日本的技术变革,[日]苔莎·莫里斯-铃木,中国经济出版社,2002-01-01,30.0,7.8,14,https://book.douban.com/subject/1130639/
科技,数字化生存,尼葛洛庞帝,海南出版社,1997-2,16.80元,7.9,1227,https://book.douban.com/subject/1089508/
科技,未来时速,[美] 比尔·盖茨,北京大学出版社,1999-04,26.00元,7.0,169,https://book.douban.com/subject/1046080/
科技,对称与不对称,[美] 李政道,清华大学出版社,2000-5,12.00元,8.0,87,https://book.douban.com/subject/1044801/
科技,复杂,[美] 米歇尔·沃尔德罗普,生活·读书·新知三联书店,1997-04,26.00元,8.7,1918,https://book.douban.com/subject/1030898/
科技,后工作时代,[英] 菲尔·琼斯,上海译文出版社,2023-8-16,38,7.3,556,https://book.douban.com/subject/36463768/
科技,世界文明中的技术,[英]阿诺德·佩西、[英]白馥兰,中信出版集团,2023-1,88,7.9,131,https://book.douban.com/subject/36170383/
科技,世界科学技术通史（第三版）,詹姆斯·E·麦克莱伦第三、哈罗德·多恩,上海科技教育出版社,2020-7,108元,9.0,145,https://book.douban.com/subject/35217126/
科技,科学革命的结构,托马斯·库恩,北京大学出版社,2022-7-21,79.00元,9.2,977,https://book.douban.com/subject/35951747/
科技,离线·重启试试,李婷 主编、石黑曜、邓思渊,电子工业出版社,2022-8-1,78,8.6,78,https://book.douban.com/subject/35972807/
科技,人工智能哲学十五讲,徐英瑾,北京大学出版社,2021-7,65,7.9,193,https://book.douban.com/subject/35523104/
科技,区块链的真正商机,[加]大卫 · 弗隆（David Furlonger）、[法]克里斯托夫 · 乌聚罗（Christophe Uzureau）,浙江教育出版社,2020-9-1,89.9,6.3,78,https://book.douban.com/subject/35220352/
科技,数字帝国,[比] 蒂埃里·格尔茨,文汇出版社,2020-12,58.00元,6.8,58,https://book.douban.com/subject/35277850/
科技,不拘一格,[美] 里德·哈斯廷斯、[美] 艾琳·迈耶,中信出版社,2021-1-1,69.00元,8.2,5427,https://book.douban.com/subject/35102294/
科技,改变未来的九大算法,【美】约翰·麦考密克(John MacCormick),中信出版社,2019-2,68.00元,7.4,154,https://book.douban.com/subject/30547794/
科技,给孩子讲人工智能,涂子沛,人民邮电出版社,2020-8,58.00元,8.4,132,https://book.douban.com/subject/35134598/
科技,芯片改变世界,钱纲,机械工业出版社,2020-1,79元,6.7,95,https://book.douban.com/subject/34938271/
科技,冥王星沉浮记,[美]尼尔·德格拉斯·泰森,外语教学与研究出版社,2019-8-28,59.80元,7.5,169,https://book.douban.com/subject/34808230/
科技,企业级业务架构设计：方法论与实践,付晓岩,机械工业出版社,2019-8-20,69,7.2,259,https://book.douban.com/subject/34801161/
科技,光变,路风,当代中国出版社,2016-3,79.00元,8.7,1415,https://book.douban.com/subject/26771893/
科技,Deep Medicine,Eric Topol,Basic Books,2019-3-12,GBP 23.03,7.3,31,https://book.douban.com/subject/30338541/
科技,天才的拓荒者,诺曼·麦克雷,上海科技教育出版社,2018-8,58,6.5,50,https://book.douban.com/subject/30373958/
科技,虚无,[英] 杰里米·韦布,商务印书馆,2018-6,43.00,7.4,127,https://book.douban.com/subject/27044683/
科技,能源神话与现实,瓦茨拉夫·斯米尔（Vaclav Smil）,机械工业出版社,2016-9-12,CNY 49.00,7.2,94,https://book.douban.com/subject/26883250/
科技,Cyborg Manifesto,Donna J. Haraway,Donna J. Haraway,Feltrinelli,1995,8.8,200,https://book.douban.com/subject/4175504/
科技,Soonish,Kelly Weinersmith、Zach Weinersmith,Penguin Press,2017-10-17,USD 30.00,8.7,16,https://book.douban.com/subject/27592647/
科技,文明的滴定,[英]李约瑟,商务印书馆,2016-8,59.00,8.4,329,https://book.douban.com/subject/26865821/
科技,Chaos Monkeys,Antonio Garcia Martinez,Harper,2016-6-28,USD 29.99,7.4,86,https://book.douban.com/subject/26827267/
科技,鋼鐵人馬斯克,艾胥黎．范思,天下文化,2015-9-25,480,8.6,75,https://book.douban.com/subject/26635841/
科技,法律人的明天会怎样？,〔英〕理查德·萨斯坎德,北京大学出版社,2015-9-1,35,8.3,344,https://book.douban.com/subject/26589666/
科技,Cybernetic Revolutionaries,Eden Medina,The MIT Press,2011-10-28,GBP 20.00,8.2,29,https://book.douban.com/subject/26107390/
科技,The Glass Cage,Nicholas Carr,W. W. Norton & Company,2014-9-29,USD 26.95,7.2,32,https://book.douban.com/subject/26007326/
科技,搜酷——全球智能硬件与技术精华集（全彩）,杨明慧,电子工业出版社,2014-8,59.00,7.1,30,https://book.douban.com/subject/25966295/
科技,互联网的误读,詹姆斯•柯兰（James Curran）、娜塔莉•芬顿（Natalie Fenton）、德  斯•弗里德曼（Des Freedman）、德斯·弗里德曼、娜塔莉·芬顿、詹姆斯•柯兰,中国人民大学出版社,2014-7-1,45.00,7.8,431,https://book.douban.com/subject/25912257/
科技,MacTalk 人生元编程,池建强,人民邮电出版社,2014-2-1,45,7.0,1763,https://book.douban.com/subject/25826578/
科技,视觉之旅：神奇的化学元素2,西蒙·库伦·菲尔德、西奥多·格雷,人民邮电出版社,2013-6,58.00元,8.7,151,https://book.douban.com/subject/24701841/
科技,玛雅文明之祭,晨风,晨风,2012-4,23.80元,,22,https://book.douban.com/subject/10775276/
科技,黑客,[美] Steven Levy,机械工业出版社,2011-10-31,69.00元,8.3,1027,https://book.douban.com/subject/6860890/
科技,世界图景的机械化,(荷) 戴克斯特霍伊斯  Eduard Jan Dijksterhuis,湖南科学技术出版社,2010-10,78.00元,9.0,91,https://book.douban.com/subject/4735989/
科技,康熙几暇格物编译注,[清]爱新觉罗·玄烨、李迪 译注,上海古籍出版社,2008,18.00元,8.2,82,https://book.douban.com/subject/2582110/
科技,现代世界中的数学,[美国] 莫里斯·克莱因,上海教育出版社,2007-9,83.00元,8.8,199,https://book.douban.com/subject/2298747/
科技,经度,[美] 达娃·索贝尔,上海人民出版社,2007-8,20.00元,8.2,748,https://book.douban.com/subject/2221395/
科技,逻辑的引擎,[美] 马丁·戴维斯,湖南科学技术出版社,2005-5,20.00元,8.4,1446,https://book.douban.com/subject/1391740/
科技,声学基础,杜功焕、朱哲民、龚秀芬,南京大学出版社,2001-3,25.00元,9.8,61,https://book.douban.com/subject/1330319/
科技,皇帝新脑,罗杰·彭罗斯,湖南科学技术出版社,2007-6-1,38.00元,8.1,1735,https://book.douban.com/subject/1206206/
科技,宇宙的琴弦,[美] B·格林,湖南科学技术出版社,2004-08,32.00元,8.9,2887,https://book.douban.com/subject/1045119/
科技,果壳中的宇宙,[英] 史蒂芬·霍金,湖南科学技术出版社,2006-3,42.00元,8.6,9973,https://book.douban.com/subject/1034279/
科技,手机大脑,[瑞典] 安德斯·汉森、Anders Hansen,北京联合出版公司,2022-9,60.00元,7.2,3929,https://book.douban.com/subject/36091480/
科技,被互联网辜负的人,[美]杰西·林格尔,浙江人民出版社,2023-10,48,7.3,126,https://book.douban.com/subject/36453354/
科技,硅基物语.AI大爆炸,量子学派@ChatGPT,北京大学出版社,2023-6,89,7.8,197,https://book.douban.com/subject/36405628/
科技,小米创业思考,雷军、徐洁云,中信出版社,2022-8-1,86.00元,8.2,6533,https://book.douban.com/subject/36057097/
科技,世界前沿技术发展报告2021,国务院发展研究中心国际技术经济研究所,电子工业出版社,2021-7-1,168.00元,7.2,46,https://book.douban.com/subject/35529779/
科技,从1G到5G,王建宙,中信出版集团,2021-7,69,6.4,60,https://book.douban.com/subject/35507004/
科技,重构地球：AI FOR FEW,【美】网大为（David Wallerstein）,中国人民大学出版社,2021-1,89.00元,6.6,61,https://book.douban.com/subject/35291338/
科技,心力,吴世春,吴世春,人民邮电出版社,69.00元,7.6,231,https://book.douban.com/subject/35039990/
科技,结构是什么,[英]J.E.戈登（J.E.Gordon）,中信出版社·鹦鹉螺,2019-8-1,59,8.2,635,https://book.douban.com/subject/34778204/
科技,科技渴望社會,吳嘉苓、吴嘉苓,群學,2004年11月01日,NT$ 350,9.0,94,https://book.douban.com/subject/1339145/
科技,前方的路,阮一峰,人民邮电出版社,2018-6,49.00元,7.5,237,https://book.douban.com/subject/30234758/
科技,AI极简经济学,[加] 阿杰伊·阿格拉沃尔、[加] 乔舒亚·甘斯、[加] 阿维·戈德法布,湖南科学技术出版社,2018-12-1,58.00,7.3,393,https://book.douban.com/subject/30416291/
科技,一想到还有95%的问题留给人类，我就放心了,[巴拿马] 豪尔赫·陈、[美] 丹尼尔·怀特森,北京联合出版公司,2018-12,68.00元,8.3,2655,https://book.douban.com/subject/30404521/
科技,大數據的傲慢與偏見,Cathy O’Neil,許瑞宋,大寫出版,2017-6,7.2,28,https://book.douban.com/subject/27072616/
科技,创新的演化,[美] 史蒂文·克莱珀,江西人民出版社,2018-8,49.80元,7.5,33,https://book.douban.com/subject/30267387/
科技,科学的诞生,[美]戴维·伍顿,中信出版社,2018-4-23,128.00元,8.2,154,https://book.douban.com/subject/27662712/
科技,极客,姜洪军,科学出版社,2013-5,48.00元,8.4,30,https://book.douban.com/subject/23744116/
科技,超人类革命,[法] 吕克·费希,湖南科学技术出版社,2017-10,45.00,7.4,427,https://book.douban.com/subject/27133478/
科技,电脑大王王安传,[美]李梅,江西人民出版社,2017-6,42.00,9.0,19,https://book.douban.com/subject/27088190/
科技,智能革命,李彦宏 等,中信出版社,2017-5-1,68.00元,6.6,676,https://book.douban.com/subject/27017609/
科技,分子,[英]菲利普·鲍尔,译林出版社,2017-3,32.00,8.0,161,https://book.douban.com/subject/26979909/
科技,双螺旋（插图注释本）,[美]詹姆斯·沃森,浙江人民出版社,2017-1-1,99.90元,7.7,152,https://book.douban.com/subject/26934470/
科技,在线,王坚,中信出版社,2016-9-1,CNY 58.00,7.2,1160,https://book.douban.com/subject/26885117/
科技,终极复制,李智勇,机械工业出版社,2016-8-11,49.00,7.1,57,https://book.douban.com/subject/26860302/
科技,超预测,[美] 菲利普·泰洛克、[美] 丹·加德纳、菲利普•泰特洛克,中信出版社,2016-7,59.00元,6.9,365,https://book.douban.com/subject/26835031/
科技,地狱为什么充满硫黄的臭味,[荷兰]萨洛蒙·克罗宁博格,上海文艺出版社,2016-7,46.00元,7.5,76,https://book.douban.com/subject/26826819/
科技,奇点来临,索恩 (Tony Thorne MBE),人民邮电出版社,2016-6-1,CNY 39.00,4.5,44,https://book.douban.com/subject/26794265/
科技,Y染色体与东亚族群演化,李辉、金力,上海科学技术出版社,2015-10-1,CNY 198.00,8.7,84,https://book.douban.com/subject/26732448/
科技,未來的犯罪,馬克.古德曼,木馬文化,2016-1-20,NT$490,8.0,32,https://book.douban.com/subject/26682755/
科技,完美理论,[英] 佩德罗·G.费雷拉,湖南科学技术出版社,2015-11-1,45.00元,8.7,26,https://book.douban.com/subject/26679852/
科技,魔鬼出没的世界,[美]卡尔·萨根,海南出版社,2015-5,58.00元,8.1,255,https://book.douban.com/subject/26413697/
科技,零边际成本社会,[美]杰里米·里夫金,中信出版社,2014-11-1,49.00,7.4,934,https://book.douban.com/subject/25986746/
科技,移动的帝国,曾航、刘羽、陶旭骏,浙江大学出版社,2014-1-1,48.00,7.4,809,https://book.douban.com/subject/25790070/
科技,反对完美,（美）迈克尔·桑德尔,中信出版社,2013-6-18,36.00元,7.6,1224,https://book.douban.com/subject/24699866/
科技,科技想要什麼,凱文．凱利,貓頭鷹出版社,2012-5-10,NT$450,6.1,16,https://book.douban.com/subject/10573628/
科技,总开关,[美] 吴修铭,中信出版社,2011-8,49.00元,8.6,158,https://book.douban.com/subject/6790578/
科技,The Nature of Technology,W. Brian Arthur,Free Press,2011-1-11,USD 16.00,,10,https://book.douban.com/subject/6053428/
科技,创业的国度,[美] 丹·塞诺、[以] 索尔·辛格,中信出版社,2010-9,35.00元,7.8,1721,https://book.douban.com/subject/5269192/
科技,中国至2050年信息科技发展路线图,中国科学院信息领域战略研究组,科学,2009-9,60.00元,,14,https://book.douban.com/subject/4065592/
科技,新仪象法要译注,[宋]苏颂 撰、陆敬严 钱学英 译注,上海古籍出版社,2008,18.00元,8.9,28,https://book.douban.com/subject/2581778/
科技,具身智能,刘云浩,刘云浩,中信出版集团,2025-1-1,7.6,134,https://book.douban.com/subject/37134007/
科技,技术之外,[美]凯特·克劳福德(Kate Crawford),中国原子能出版社、中国科学技术出版社,2024-3,69.00元,7.8,270,https://book.douban.com/subject/36748422/
科技,张忠谋自传,张忠谋,生活·读书·新知三联书店,2001-5,13.80元,8.8,610,https://book.douban.com/subject/1047609/
科技,AIGC未来已来,翟尤、郭晓静、曾宣玮,人民邮电出版社,2023-5,69.80元,6.9,154,https://book.douban.com/subject/36353934/
科技,世界观 (第3版),[美] 理查德·德威特,机械工业出版社,2020-8-20,109.00元,8.9,1707,https://book.douban.com/subject/35181762/
科技,连接未来,[美] 汤姆·惠勒,北京时代华文书局,2022-9,66.00元,8.1,91,https://book.douban.com/subject/36069301/
科技,畅聊科技,[美] 维奈·特里维迪,北京联合出版公司,2022-8,45.00元,6.6,64,https://book.douban.com/subject/36069294/
科技,大国重器,知乎 编著,中国科学技术大学出版社,2022-7-15,128.00,7.6,58,https://book.douban.com/subject/35969963/
科技,微信背后的产品观,张小龙,电子工业出版社,2021-1,49,8.8,1720,https://book.douban.com/subject/35339729/
科技,如何离开地球表面,卢西,北京日报出版社,2021-11,69.00元,8.3,239,https://book.douban.com/subject/35642979/
科技,微积分的力量,【美】史蒂夫·斯托加茨（Steven Strogatz）,中信出版集团,2021-1,69.00元,8.7,3270,https://book.douban.com/subject/35292688/
科技,数学之美（第三版）,吴军,人民邮电出版社,2020-4,69.00元,8.7,1646,https://book.douban.com/subject/35033507/
科技,中台产品经理宝典,刘天,电子工业出版社,2020-6,69,6.7,182,https://book.douban.com/subject/35093361/
科技,我们的后人类未来,[美] 弗朗西斯·福山,广西师范大学出版社,2017-1,58.00元,7.1,1444,https://book.douban.com/subject/26926164/
科技,天生思想家系列·从前有只猴,薛陆洋、[克罗地亚] 曼努埃尔·松贝拉,江苏凤凰科学技术出版社,2020-6-1,56,8.2,32,https://book.douban.com/subject/35101960/
科技,机器情人,(美)理查德·扬克,文汇出版社,2020-4,52.00元,6.9,35,https://book.douban.com/subject/34982080/
科技,智能语音时代,[美] 詹姆斯· 弗拉霍斯（James Vlahos）,电子工业出版社,2019-5-1,98.00元,7.6,183,https://book.douban.com/subject/33440451/
科技,银行4.0,布莱特·金,台灣金融研訓院,2018-11,NT$500,7.2,26,https://book.douban.com/subject/30411740/
科技,铁道之旅,[德]沃尔夫冈•希弗尔布施（Wolfgang Schivelbusch）、[德] 沃尔夫冈·希弗尔布施,上海人民出版社,2018-7,59.00元,8.3,1800,https://book.douban.com/subject/30199056/
科技,众病之王,[美] 悉达多·穆克吉,中信出版社,2013-2,42.00元,9.0,14316,https://book.douban.com/subject/20507206/
科技,算法之美,[美] 布莱恩·克里斯汀、[美] 汤姆·格里菲思,中信出版社,2018-5-18,59.00元,7.4,1186,https://book.douban.com/subject/30155731/
科技,量子魔术师,[加]德里克·昆什肯,四川科学技术出版社,2018-5,48,7.9,431,https://book.douban.com/subject/30192878/
科技,黑洞与时间弯曲,[美] 基普·S.索恩,湖南科学技术出版社,2018-3-5,89,9.2,308,https://book.douban.com/subject/30145132/
科技,幸运的宇宙,[澳]杰兰特•刘易斯、[澳]卢克·巴恩斯,中信出版社,2018-5,79,8.0,40,https://book.douban.com/subject/30167231/
科技,约翰·惠勒自传,[美]约翰·阿奇博尔德·惠勒（John Archibald Wheeler）、[美]肯尼斯·福特（Kenneth W. Ford）,湖南科学技术出版社,2018-3,88.00元,8.9,98,https://book.douban.com/subject/30187930/
科技,区块链革命,[加]唐塔普斯科特（Don Tapscott）、[加]亚力克斯·塔普斯科特(Alex Tapscott),中信出版社,2016-10,69,6.3,631,https://book.douban.com/subject/26871829/
科技,华为管理变革,吴晓波、黄灿、【德】约翰•彼得•穆尔曼（Johann Peter Murmann）、,中信出版社,2017-11,62,8.0,260,https://book.douban.com/subject/27192173/
科技,2040大预言：高科技引擎与社会新秩序,Peter B. Scott-Morgan,机械工业出版社,2017-6-26,49.00元,6.8,29,https://book.douban.com/subject/27073474/
科技,新物种爆炸,吴声,中信出版社,2017-7-30,58.00元,6.3,321,https://book.douban.com/subject/27096822/
科技,机器崛起前传——自我意识与人类智慧的开端,蔡恒进、蔡天琪、张文蔚、汪恺,清华大学出版社,2017-4-1,CNY 59.00,6.3,69,https://book.douban.com/subject/27003612/
科技,弯曲的旅行,[美] 丽莎·兰道尔,浙江人民出版社,2016-12-1,89.90元,8.1,141,https://book.douban.com/subject/26915258/
科技,伴月共生,[日] 藤井旭,中信出版社,2016-2,39.80元,8.0,519,https://book.douban.com/subject/26701099/
科技,科学精英,《自然辩证法通讯》杂志社 主编,世界图书出版公司,2015-12,99.80元,,17,https://book.douban.com/subject/26656539/
科技,The Pentagon's Brain,Annie Jacobsen、安妮·雅各布森,"Little, Brown and Company",2015-9-22,USD 30.00,,10,https://book.douban.com/subject/26603256/
科技,基因的分子生物学（第七版）,J.D.沃森、T.A.贝克、S.P.贝尔、A.甘恩,科学出版社,2015-3-1,238.00元,9.0,78,https://book.douban.com/subject/26384150/
科技,那些古怪又让人忧心的问题,[美国] 兰道尔·门罗,北京联合出版公司,2015-5,49.80,8.0,6019,https://book.douban.com/subject/26364209/
科技,密码的奥秘（全彩）,Paul Lunde（保罗·伦德）,电子工业出版社,2015-3-1,128.00元,8.0,63,https://book.douban.com/subject/26341154/
科技,目睹创世,阿米尔·D·阿克塞尔,上海科技教育出版社,2014-12,42.00元,8.0,18,https://book.douban.com/subject/26307067/
科技,虚拟现实,[美]吉姆·布拉斯科维奇,科学出版社,2014-11,39.80元,6.8,101,https://book.douban.com/subject/26288821/
科技,认知与设计 (第2版),Jeff Johnson,人民邮电出版社,2014-8-1,CNY 69.00,8.7,635,https://book.douban.com/subject/25932290/
科技,病毒循环,亚当•潘恩伯格 (Adam L.Penenberg),浙江人民出版社,2013-5-1,56.90元,6.5,267,https://book.douban.com/subject/22790103/
科技,大设计,[英] 斯蒂芬·霍金、列纳德·蒙洛迪诺,湖南科学技术出版社,2011-1,48.00元,8.1,4947,https://book.douban.com/subject/5422665/
科技,软件随想录,Joel Spolsky,人民邮电出版社,2009,49.00元,8.7,2433,https://book.douban.com/subject/4163938/
科技,信号与系统,(美)奥本海姆,电子工业出版社,2012-12,69.00元,9.7,167,https://book.douban.com/subject/3759690/
科技,未来是湿的,[美] 克莱·舍基,中国人民大学出版社,2009-5,39.80,7.5,2826,https://book.douban.com/subject/3735295/
科技,IT不再重要,（美）尼古拉斯·卡尔,中信出版社,2008-10,29.00元,7.5,641,https://book.douban.com/subject/3215423/
科技,机械复制时代的艺术作品,[德]W.本雅明,浙江摄影出版社,1993-6,11.00元,9.1,322,https://book.douban.com/subject/2249021/
科技,Out of Control,Kevin Kelly,Basic Books,1995-4-14,USD 22.95,8.9,299,https://book.douban.com/subject/1483021/
科技,古今数学思想（一）,[美] 莫里斯·克莱因,上海科学技术出版社,2002-7,32.00元,9.1,1101,https://book.douban.com/subject/1277169/
科技,科学革命的结构,[美] 托马斯·库恩,北京大学出版社,2004-1,14.00,8.8,1284,https://book.douban.com/subject/1123740/
科技,时间简史,史蒂芬・霍金,湖南科学技术出版社,2003-01,15.00,8.6,6202,https://book.douban.com/subject/1000445/
科技,人的消逝,熊培云,浙江人民出版社,2024-12,88元,7.1,232,https://book.douban.com/subject/37116303/
科技,AI写作:用AI倍速提升写作效率,邓世超,机械工业出版社,2024-8,68.00元,7.8,94,https://book.douban.com/subject/36991439/
科技,The Worlds I See,Fei-Fei Li,Flatiron Books: A Moment of Lift Book,2023-11-7,$29.99,8.7,600,https://book.douban.com/subject/36493045/
科技,GPT图解,黄佳,人民邮电出版社,2023-12,79.80元,8.1,273,https://book.douban.com/subject/36668702/
科技,直到时间的尽头,[美国] 布赖恩·格林,海南出版社,2023-1-31,79.00,8.5,1298,https://book.douban.com/subject/36176960/
科技,史蒂夫·乔布斯传（典藏版）,[美]沃尔特·艾萨克森,中信出版社,2023-3,89.00元,9.3,1566,https://book.douban.com/subject/36284266/
科技,科技之巅（20周年珍藏版）,DeepTech深科技,人民邮电出版社,2023-1-1,169.8,7.3,47,https://book.douban.com/subject/36209132/
科技,《极简元宇宙》,[韩] 李林福,[中] 黄艳涛、[中] 孔军,中国对外翻译出版公司,2022-1,6.6,167,https://book.douban.com/subject/35699259/
科技,元宇宙指南,［韩］崔亨旭,湖南文艺出版社,2022-1,68.00 元,7.4,96,https://book.douban.com/subject/35709386/
科技,天才与算法,[英] 马库斯·杜·索托伊、马库斯·杜·桑托伊,机械工业出版社,2020-4-7,79.00,7.8,328,https://book.douban.com/subject/35014869/
科技,情感经济,罗兰·T. 拉斯特、黄明蕙,中译出版社,2022-1,68,7.4,101,https://book.douban.com/subject/35673945/
科技,数字化转型,（美）加里•奥布莱恩（Gary O’Brien）、郭晓、（美）迈克•梅森（Mike Mason）,机械工业出版社,2021-3-1,79.00元,7.7,61,https://book.douban.com/subject/35380045/
科技,数字货币,尼尔·梅塔、阿迪蒂亚·阿加什、帕斯·底特律,电子工业出版社,2020-9-7,69.00元,8.3,150,https://book.douban.com/subject/35217239/
科技,如何避免氣候災難,比爾．蓋茲,天下雜誌出版,2021-3,NT$ 500,8.9,33,https://book.douban.com/subject/35386715/
科技,旅行简史：科技改变旅行,李志军,清华大学出版社,2020-11-1,68.00,5.6,25,https://book.douban.com/subject/35287284/
科技,当人工智能考上名校,[日] 新井纪子,民主与建设出版社,2020-9,39.80元,8.0,194,https://book.douban.com/subject/35169065/
科技,科技向善：大科技时代的最优选,司晓，马永武等,浙江大学出版社,2020-7-1,58.00元,6.6,31,https://book.douban.com/subject/35085867/
科技,华为崛起,王民盛,台海出版社,2019-9,56.00,8.1,119,https://book.douban.com/subject/34856449/
科技,三体秘密,田加刚,四川科学技术出版社,2019-10,38,5.8,258,https://book.douban.com/subject/34893326/
科技,进击的科技,[美]达戈戈·阿尔特莱德（Dagogo Altraide）,中信出版集团,2020-4,68.00元,7.7,26,https://book.douban.com/subject/34952548/
科技,科学革命,[美] 劳伦斯·普林西比,译林出版社,2013-12,25.00元,8.8,1029,https://book.douban.com/subject/25777854/
科技,聚裂：云+AI+5G的新商业逻辑,何振红 刘梦羽等著,机械工业出版社,2020-1,69元,6.0,21,https://book.douban.com/subject/34941744/
科技,科技与和平,[美]皮埃罗·斯加鲁菲(Piero Scaruffi)、[中]牛金霞,中国友谊出版公司,2019-6,49.00,6.7,34,https://book.douban.com/subject/33455659/
科技,Tools and Weapons,Brad Smith、Carol Ann Brown,Brad Smith、Carol Ann Brown,Penguin,2019-9-10,7.6,18,https://book.douban.com/subject/34781429/
科技,Prometheus监控实战,[澳]　詹姆斯·特恩布尔（James Turnbull）　著,机械工业出版社,2019-8-19,79.00元,7.3,82,https://book.douban.com/subject/34801408/
科技,计算社会学,[美]马修·萨尔加尼克（Matthew J. Salganik）,中信出版集团,2019-5,69.00元,8.2,279,https://book.douban.com/subject/33416858/
科技,欲罢不能,[美] 亚当·奥尔特,机械工业出版社,2018-3,59.00元,7.4,3084,https://book.douban.com/subject/30163521/
科技,积极计算,[澳] Rafael A. Calvo（拉斐尔·A.卡里罗）、[澳] Dorian Peters（多利安·皮特斯）,电子工业出版社,2018-4-10,85,6.8,16,https://book.douban.com/subject/30246042/
科技,科学的历程（修订第4版）,吴国盛,湖南科学技术出版社,2018-8,128,8.3,696,https://book.douban.com/subject/30291736/
科技,智能商业,曾鸣,中信出版社,2018-11,68.00,8.1,3008,https://book.douban.com/subject/30357931/
科技,New Dark Age,James Bridle,Verso Books,2018-7-17,GBP 16.99,8.5,23,https://book.douban.com/subject/27604064/
科技,遇见未来,《我是未来》节目组,江苏凤凰文艺出版社,2018-2-1,58.00,6.1,32,https://book.douban.com/subject/30140294/
科技,现代操作系统（原书第4版）,[荷] Andrew S. Tanenbaum、[荷] Herbert Bos,机械工业出版社,2017-7,89.00,8.9,450,https://book.douban.com/subject/27096665/
科技,哲学·科学·常识,陈嘉映,中信出版社,2018-3,58.00元,8.7,4360,https://book.douban.com/subject/27139938/
科技,未來產業,Alec Ross,天下文化,2016-5-30,NT$450,7.6,17,https://book.douban.com/subject/26931547/
科技,火箭的科学,[日]谷合稔,南海出版公司,2017-11,45.00元,6.8,29,https://book.douban.com/subject/27199535/
科技,中国机器人,[中]王鸿鹏、[中]马娜,辽宁人民出版社,2017-1-1,48.00元,6.7,24,https://book.douban.com/subject/26986710/
科技,机械工程史,张策,清华大学出版社,2015-4-1,85.00元,8.2,28,https://book.douban.com/subject/26526873/
科技,物理是什么,[日] 朝永振一郎,人民邮电出版社,2017-6,49.00 元,8.0,133,https://book.douban.com/subject/27065026/
科技,无人读过的书,欧文·金格里奇,生活·读书·新知三联书店,2017-1,45.00,8.0,78,https://book.douban.com/subject/26952334/
科技,DK机械运转的秘密,大卫·麦考利 (David Macaulay),电子工业出版社,2017-4-1,138.00元,8.4,169,https://book.douban.com/subject/27014489/
科技,不可不知的经济真相,许树泽,浙江大学出版社,2016-11,39.00元,7.2,529,https://book.douban.com/subject/26872427/
科技,人类3.0-不断进步升级的人类,彼得·诺瓦克 (Peter Nowak),电子工业出版社,2016-7-1,CNY 49.00,6.8,18,https://book.douban.com/subject/26850545/
科技,现代的历程,杜君立,上海三联书店,2016-7-1,CNY 72.00,8.7,290,https://book.douban.com/subject/26841898/
科技,发现的乐趣,[美国] 理查德·费曼,北京联合出版公司,2016-5,39.8元,8.5,2338,https://book.douban.com/subject/26776967/
科技,产品经理方法论,乔克•布苏蒂尔 (Jock Busuttil),中信出版社,2016-3-1,CNY 45.00,6.7,226,https://book.douban.com/subject/26720936/
科技,宇宙的历程,[美]布赖恩·托马斯·斯怀默（Brian Thomas Swimme）、[美]玛丽·伊夫琳·塔克（Mary Evelyn Tucker）,人民邮电出版社,2016-1,39.00元,7.0,61,https://book.douban.com/subject/26679301/
科技,耶鲁科学小历史,[英]威廉·拜伦姆,中信出版社,2015-11,42.00元,7.6,174,https://book.douban.com/subject/26644962/
科技,创客法则,陈一佳,中信出版社,2015-7,48.00,6.6,39,https://book.douban.com/subject/26575808/
科技,读懂互联网+,曾鸣,中信出版社,2015-8-1,CNY 45.00,6.3,56,https://book.douban.com/subject/26417588/
科技,Losing the Signal,Jacquie McNish、Sean Silcoff,Flatiron Books,2015-5-26,USD 14.99,8.3,27,https://book.douban.com/subject/26412614/
科技,俄罗斯航空发动机制造史（上）,Г.В.斯米尔诺夫,航空工业出版社,2015-3-1,60.00元,,10,https://book.douban.com/subject/26364044/
科技,湍鉴,[美] 约翰·布里格斯、[英] F·戴维·皮特,上海交通大学出版社,2015-1-20,38.00元,8.0,34,https://book.douban.com/subject/26345361/
科技,智慧社会,[美] 阿莱克斯·彭特兰,浙江人民出版社,2015-4,56.90元,7.5,545,https://book.douban.com/subject/26315800/
科技,作死的发明,[英] 安迪·莱利,南海出版公司,2014-9,32.00元,7.9,285,https://book.douban.com/subject/25961475/
科技,只是为了好玩,Linus Torvalds、David Diamond、林纳斯·托瓦兹、戴维·戴蒙德,人民邮电出版社,2014-7,49.00 元,8.3,1254,https://book.douban.com/subject/25930025/
科技,趣学Python编程,Jason Briggs,人民邮电出版社,2014-3,45.00元,8.2,108,https://book.douban.com/subject/25837145/
科技,"法醫.屍體.解剖室. 2, 謀殺診斷書",道格拉斯.萊爾(Douglas P. Lyle),麥田,2014-4-12,380 NT$,8.7,234,https://book.douban.com/subject/25825455/
科技,电池的秘史,施莱辛格,上海科学技术文献出版社,2013-1,24.00元,,10,https://book.douban.com/subject/21348743/
科技,打造Facebook,王淮、祝文让,印刷工业出版社,2013-2-1,39.80元,7.5,2263,https://book.douban.com/subject/20471120/
科技,编码,[美] Charles Petzold,电子工业出版社,2012-10-1,59.00元,9.1,996,https://book.douban.com/subject/20260928/
科技,艾伦·图灵传,[英] 安德鲁·霍奇斯,湖南科学技术出版社,2012-3-31,59.00元,8.3,1864,https://book.douban.com/subject/10522003/
科技,谣言粉碎机,果壳网,新星出版社,2012-1,36.00元,7.7,3597,https://book.douban.com/subject/7003354/
科技,信息改变了美国,阿尔弗雷德·D·钱德勒、詹姆斯·W·科塔达,上海远东出版社,2011-3,58.00元,7.7,31,https://book.douban.com/subject/6971718/
科技,The Source Field Investigations,David Wilcock,Dutton Adult,2011-8-13,USD 18.00,9.0,25,https://book.douban.com/subject/6786602/
科技,Ghost in the Wires,Kevin Mitnick,"Little, Brown and Company",2011-8-15,USD 25.99,8.8,50,https://book.douban.com/subject/6606371/
科技,无界,（美）艾米莉·内格尔·格林（Emily Nagle Green）,机械工业出版社,2011-5,39.00元,7.9,56,https://book.douban.com/subject/6121205/
科技,战争改变历史,马克斯·布特、马克思·布特,上海科学技术文献出版社,2011-3,68.00元,9.0,304,https://book.douban.com/subject/6090958/
科技,The Ghost in the Machine,Arthur Koestler、[英国] 阿瑟·库斯勒,Penguin (Non-Classics),1990-06-05,USD 11.95,,10,https://book.douban.com/subject/4233644/
科技,代码整洁之道,[美]Robert C. Martin,人民邮电出版社,2010-1-1,59.00元,8.6,2190,https://book.douban.com/subject/4199741/
科技,大话无线通信,丁奇,人民邮电出版社,2010-1,45.00元,8.3,416,https://book.douban.com/subject/4199502/
科技,Theo Jansen,Theo Jansen,010 Uitgeverij,2007-8-1,USD 59.00,,10,https://book.douban.com/subject/3424450/
科技,物理世界奇遇记,（美）伽莫夫、（英）斯坦纳德,科学出版社,2008-4,28.00元,8.7,2514,https://book.douban.com/subject/3071402/
科技,科学技术学导论,瑟乔·西斯蒙多,上海科技教育出版社,2007-8,25.50元,8.4,82,https://book.douban.com/subject/2273766/
科技,怎样解题,[美] G. 波利亚,上海科技教育出版社,2007-5,16.00元,8.8,2164,https://book.douban.com/subject/2124114/
科技,The Victorian Internet,Tom Standage,Berkley Trade,1999-10-15,USD 14.00,8.3,28,https://book.douban.com/subject/2003901/
科技,彩图世界科技史（上下）,彼得·惠特菲尔德,科学普及出版社,2006-1,390.00元,8.9,24,https://book.douban.com/subject/1732490/
科技,时间简史(普及版),史蒂芬·霍金、列纳德·蒙洛迪诺,湖南科学技术出版社,2006-1,38.00元,8.7,3338,https://book.douban.com/subject/1474050/
科技,天高歌长:我的飞机设计师生涯,程不时,上海人民出版社,2004-2-1,18.00元,9.0,68,https://book.douban.com/subject/1155602/
科技,后人类文化,曹荣湘,上海三联书店,2004-07,22.00,6.6,56,https://book.douban.com/subject/1061741/
科技,别闹了，费曼先生,[美] 理查德·费曼,生活·读书·新知三联书店,1997-12,22.00元,9.0,11733,https://book.douban.com/subject/1037602/
科技,第一性原理,[英]马库斯·乔恩(Marcus Chown),中国科学技术出版社,2024-7,79.00元,7.7,685,https://book.douban.com/subject/36890781/
科技,算法简史,[英] 克里斯·布利克利,中信出版社,2024-10,58.00元,8.2,70,https://book.douban.com/subject/36866449/
科技,在机器的边界思考,许煜,广西师范大学出版社,2025-2,68,8.0,113,https://book.douban.com/subject/37138379/
科技,空间计算,[美]凯西·哈克尔、[美]伊雷娜·克罗宁,中信出版集团,2024-6-28,69元,4.8,36,https://book.douban.com/subject/36904154/
科技,量子霸权,[日]加来道雄,中信出版集团,2024-6-12,79.00元,7.0,100,https://book.douban.com/subject/36798895/
科技,理性的疯狂梦,[智利] 本哈明·拉巴图特,人民文学出版社,2024-6,79.00,8.1,659,https://book.douban.com/subject/36832227/
科技,癌症密码,[加拿大] 杰森·冯,北京联合出版公司,2023-1,68.00元,9.0,1351,https://book.douban.com/subject/36014677/
科技,永不停歇的时钟,[美] 杰西卡·里斯金,中信出版社,2020-7-30,88.00元,8.4,311,https://book.douban.com/subject/30435911/
科技,那些古怪又让人忧心的问题又来了,[美] 兰道尔·门罗,天津科学技术出版社,2023-4-1,88.00元,8.5,758,https://book.douban.com/subject/36246468/
科技,超越好奇,周鸿祎、范海涛,人民邮电出版社,2023-4,89.00元,7.7,726,https://book.douban.com/subject/36328043/
科技,ChatGPT：人类新纪元,马占凯,人民邮电出版社,2023-9,88.00元,6.6,113,https://book.douban.com/subject/36560654/
科技,新IT,吴伯凡、王飞鹏,机械工业出版社,2023-8-2,99,7.5,48,https://book.douban.com/subject/36500924/
科技,超越想象的GPT医疗,[美] 彼得·李（Peter Lee）、[美] 凯丽·戈德伯格（Carey Goldberg）、[美] 伊萨克·科恩（Isaac Kohane）,浙江科学技术出版社,2023-5-16,99.90,6.5,183,https://book.douban.com/subject/36407227/
科技,第二大脑：脑机协作如何改变个人发展和家族传承,涂子沛,中译出版社,2023-2,89元,7.5,459,https://book.douban.com/subject/36218765/
科技,浪漫机器,[美] 约翰·特雷希,中国科学技术出版社,2023-1,128.00元,8.7,84,https://book.douban.com/subject/36213851/
科技,半导体简史,"王齐,范淑琴",机械工业出版社,2022-10-1,108,8.5,55,https://book.douban.com/subject/36127480/
科技,CPU通识课,靳国杰、张戈,靳国杰、张戈,人民邮电出版社,2022-4,7.1,155,https://book.douban.com/subject/35857731/
科技,猩猩游戏,Geoffrey A. Moore、[美] 杰弗里·摩尔,机械工业出版社,2021-11,79.00,7.4,81,https://book.douban.com/subject/35690836/
科技,元宇宙,裴培、高博文,湖南文艺出版社,2022-4,59.80元,7.5,83,https://book.douban.com/subject/35796035/
科技,控制论与科学方法论,金观涛、华国凡,新星出版社,2005-05,16.00,9.1,3255,https://book.douban.com/subject/1322336/
科技,字节跳动,[英] 马修·布伦南,湖南文艺出版社,2021-7-25,58.00元,6.7,979,https://book.douban.com/subject/35544985/
科技,The Age of AI,Henry A. Kissinger、Eric Schmidt、Daniel Huttenlocher,John Murray,2021-11-16,GBP 20.00,6.4,44,https://book.douban.com/subject/35643924/
科技,The Exponential Age,Azeem Azhar,Azeem Azhar,Diversion Books,2021-9-7,,10,https://book.douban.com/subject/35596482/
科技,新哲人02,澳大利亚新哲人编辑部,中信出版集团,2021-8,59.00,8.1,414,https://book.douban.com/subject/35552633/
科技,中国古代重大科技创新,陈朴、孙显斌,湖南科学技术出版社,2020-12,544.00,,10,https://book.douban.com/subject/35301393/
科技,智慧学习,贾云海,中国人民大学出版社,2020-12-10,56.00元,8.0,20,https://book.douban.com/subject/35285901/
科技,文艺呆与科技宅,[美]斯科特·哈特里,中信出版集团,2020-8,48,4.9,74,https://book.douban.com/subject/34988833/
科技,了不起的程序员2021,"Sneezry 著 , 鱼笛 绘",人民邮电出版社,2020-10-30,129,7.6,10,https://book.douban.com/subject/35229614/
科技,全球科技创新路线图,[美] 迈克尔·莫,中信出版集团,2020-6,69.00元,4.1,21,https://book.douban.com/subject/35089512/
科技,5G革命：新基建浪潮下的“5G+”百业指南！,湖南文艺出版社,,,,6.1,27,https://book.douban.com/subject/35070509/
科技,Uncanny Valley,Anna Wiener,MCD,2020-1-14,GBP 18.97,7.2,85,https://book.douban.com/subject/34794846/
科技,揭秘IoT：原理、系统与机制,[日]八子知礼、[日]杉山恒司、[日]竹之下航洋、[日]松浦真弓、[日]土本宽子,中国青年出版社,2020-3,69.80,,10,https://book.douban.com/subject/35017381/
科技,从零开始读懂量子力学,戴瑾,北京大学出版社,2020-5,45.00元,7.2,61,https://book.douban.com/subject/35066269/
科技,机器学习理论导引,周志华、王魏、高尉、张利军,机械工业出版社,2020-6-3,79.00元,8.5,73,https://book.douban.com/subject/35074844/
科技,免疫解碼,Matt Richtel,奇光出版,2020-1-2,NT 480元,8.6,13,https://book.douban.com/subject/34977188/
科技,大图景,[美] 肖恩·卡罗尔,湖南科学技术出版社,2019-12,89.00元,8.8,1119,https://book.douban.com/subject/34908495/
科技,物理学中的理论概念,Malcolm Longair,中国科学技术大学出版社,2017-8,99.00元,8.7,48,https://book.douban.com/subject/27107849/
科技,Apache Kylin权威指南（第2版）,Apache Kylin核心团队,机械工业出版社,2019-8-21,99.00元,8.3,23,https://book.douban.com/subject/34804888/
科技,Greenplum：从大数据战略到实现,冯雷、姚延栋、高小明、杨瑜,机械工业出版社,2019-7,119,7.8,43,https://book.douban.com/subject/34790654/
科技,崛起的超级智能,刘锋,中信出版社,2019-7-1,65,7.5,66,https://book.douban.com/subject/34458483/
科技,IPFS 原理与实践,董天一、戴嘉乐、黄禹铭,机械工业出版社,2019-7,89,7.6,42,https://book.douban.com/subject/34769292/
科技,驯化,【英】艾丽丝·罗伯茨,读者出版社,2019-5,79.00,7.7,688,https://book.douban.com/subject/30447356/
科技,人工智能 （第2版）,[美] 史蒂芬·卢奇（Stephen Lucci）、[美]丹尼·科佩克（Danny Kopec）,人民邮电出版社,2018-8-1,108,7.7,132,https://book.douban.com/subject/30286131/
科技,创新者的窘境,克莱顿•克里斯坦森,中信出版社,2014-1-1,48.00元,8.5,2291,https://book.douban.com/subject/25807982/
科技,黑科技,[日]日经BP社,东方出版社,2018-8,69.80,5.4,29,https://book.douban.com/subject/30290485/
科技,AI赋能：AI重新定义产品经理,连诗路,电子工业出版社,2019-6-1,69.00元,5.9,44,https://book.douban.com/subject/30432831/
科技,第二硅谷,[以色列]阿维·尤利诗 Avi Jorisch,上海交通大学出版社,2018-11,68,7.1,23,https://book.douban.com/subject/30402261/
科技,知识的拱门,奥尔德罗伊德,商务印书馆,2008,42.00元,8.7,45,https://book.douban.com/subject/3237786/
科技,Life After Google,George Gilder、乔治·吉尔德,Gateway Editions,2018-8-2,GBP 21.80,6.6,26,https://book.douban.com/subject/30279213/
科技,科学哲学,"(英) 奥卡沙 (Okasha, S.)",译林出版社,2009-1,18.00元,8.8,1323,https://book.douban.com/subject/3550249/
科技,地球生命的历程,[英] 理查德·穆迪、[俄] 安德烈·茹拉夫列夫、[英] 杜戈尔·迪克逊、[英] 伊恩·詹金斯,人民邮电出版社,2016-5-1,118.00元,8.6,161,https://book.douban.com/subject/26804140/
科技,终极智能,[ 美 ] 阿米尔·侯赛因（Amir Husain）,中信出版社,2018-6-30,49.00元,7.6,35,https://book.douban.com/subject/30266499/
科技,微粒社会,[德] 克里斯托夫·库克里克,中信出版社,2017-12-1,49.00元,7.4,190,https://book.douban.com/subject/27604641/
科技,维尔纳·海森伯传,[美]大卫·卡西迪（David C. Cassidy）,湖南科学技术出版社,2018-3,118.00元,8.9,46,https://book.douban.com/subject/30190101/
科技,Fintech(全球金融科技权威指南),中国人民大学出版社,中国人民大学出版社,2017-10-1,99.00,5.9,45,https://book.douban.com/subject/27170958/
科技,机器消灭秘密,安迪•格林伯格 (Andy Greenberg),重庆出版社,2017-8-10,49.8,6.6,11,https://book.douban.com/subject/27117643/
科技,科技之巅1+2,麻省理工科技评论,人民邮电出版社,2017-8-1,CNY 186.00,,10,https://book.douban.com/subject/30151208/
科技,图说区块链,徐明星 田颖 李霁月,中信出版社,2017-7,59.00元,6.0,1128,https://book.douban.com/subject/27084306/
科技,100亿个明天,[英]布赖恩·克莱格（Brian Clegg）,中信出版社,2017-6,49.00元,7.4,54,https://book.douban.com/subject/27054089/
科技,Troublemakers,Leslie Berlin,Simon & Schuster,2017-11-7,USD 30.00,,10,https://book.douban.com/subject/27590403/
科技,身份危机,汪德嘉等,电子工业出版社,2017-11-1,CNY 65.00,6.8,16,https://book.douban.com/subject/27188712/
科技,笔锋胜剑,[美]罗杰•斯特雷特马特Rodger Streitmatter,新华出版社,2016-12-2,58元,8.3,50,https://book.douban.com/subject/26929226/
科技,数学世界的探奇之旅,布赖恩·克莱格 (Brian Clegg),中信出版社,2017-10-1,CNY 49.00,7.4,100,https://book.douban.com/subject/27179289/
科技,终极算法,[美] 佩德罗·多明戈斯,中信出版社,2017-1-1,68.00元,7.1,954,https://book.douban.com/subject/26931905/
科技,最初的光明，最后的黑暗,[美] 格雷厄姆·穆尔,中信出版社,2017-8,45.00元,8.5,1004,https://book.douban.com/subject/27092451/
科技,ASO优化道与术,ASO100研究院,东方出版中心,2017-6,49,5.1,46,https://book.douban.com/subject/27074578/
科技,高铁出发了,曹慧思、董光磊、王莉莉 （绘）,北京科学技术出版社,2017-8,39,7.0,48,https://book.douban.com/subject/27070144/
科技,公众号思维,黄永轩，微果酱团队,广东经济出版社,2017-1,54.00元,6.3,118,https://book.douban.com/subject/26956638/
科技,重新定义分享,谈婧,中国友谊出版公司,2016-12-1,45.00元,7.0,98,https://book.douban.com/subject/26926355/
科技,智造--一场新的数字革命/设计知行译丛/上海市大学生科技创业基金会译丛,尼尔·格申斐尔德,同济大学出版社,2016-9-1,CNY 38.00,8.2,10,https://book.douban.com/subject/26895819/
科技,鸿观,宋鸿兵,广东人民出版社,2016-6,49.90,8.3,322,https://book.douban.com/subject/26840394/
科技,理解未来的7个原则,[美]丹尼尔·伯勒斯（Daniel Burrus）、约翰·戴维·曼（John David Mann）,江西人民出版社,2016-7,68.00元,7.7,1326,https://book.douban.com/subject/26816874/
科技,复活猛犸象,贝丝·夏匹罗、贝丝·夏皮罗,上海科学技术出版社,2016-4,45.00元,8.4,25,https://book.douban.com/subject/26812775/
科技,天工开物译注,宋应星,上海古籍出版社,2016-5,36.00元,8.7,30,https://book.douban.com/subject/26795130/
科技,机器人的未来,[意] 多梅尼科·帕里西,机械工业出版社,2016-2,98.00元,6.9,17,https://book.douban.com/subject/26733406/
科技,《星球大战》里的科学,[美] 珍妮•卡维洛斯,北京联合出版公司,2016-4-1,48.00元,6.8,84,https://book.douban.com/subject/26705995/
科技,希格斯粒子是如何找到的,[英] 乔恩·巴特沃思,人民邮电出版社,2016-1-1,39.00元,8.0,20,https://book.douban.com/subject/26685012/
科技,Quantum Physics for Babies,Chris Ferrie,CreateSpace Independent Publishing Platform,2013-9-3,GBP 5.37,7.7,46,https://book.douban.com/subject/26674744/
科技,高铁风云录,高铁见闻,湖南文艺出版社,2015-10,42,7.7,1046,https://book.douban.com/subject/26644808/
科技,互联网+,马化腾、张晓峰,中信出版社,2015-5-1,CNY 58.00,5.7,679,https://book.douban.com/subject/26387551/
科技,无言的宇宙,[美] 达纳·麦肯齐,北京联合出版公司,2015-5,49.80元,8.3,1574,https://book.douban.com/subject/26337663/
科技,机器人科技,（日） 日本机器人学会,人民邮电出版社,2015-1,69.00元,6.3,34,https://book.douban.com/subject/26302537/
科技,喷头下的世界,张天蓉,电子工业出版社,2015-1-1,39.00元,,10,https://book.douban.com/subject/26277207/
科技,大产品—— 超级世界市场：窃意、创意与生意,IT经理世界,江苏凤凰文艺出版社,2014-11,38.00,7.3,32,https://book.douban.com/subject/26263873/
科技,赤裸裸的未来,[美]帕特里克·塔克尔,江苏凤凰文艺出版社,2014-10,48.00元,7.0,127,https://book.douban.com/subject/25985860/
科技,麦克斯韦方程直观,丹尼尔·弗雷希 (Daniel Fleisch),机械工业出版社,2014-7-1,CNY 29.00,9.0,86,https://book.douban.com/subject/25980102/
科技,3D打印,克里斯多夫 (Christopher Barnatt),人民邮电出版社,2014-7-1,CNY 36.00,7.2,14,https://book.douban.com/subject/25932406/
科技,随意搜寻,Peter Morville,华中科技大学出版社,2013-10-1,CNY 68.00,8.1,274,https://book.douban.com/subject/25746680/
科技,上帝掷骰子吗?,曹天元,北京联合出版公司,2013-8-1,45.00元,9.3,5308,https://book.douban.com/subject/25742211/
科技,学着说再见,[美]萝瑞•弗兰克尔（Laurie Frankel）,中信出版社,2013-8-15,35.00元,7.4,83,https://book.douban.com/subject/25712482/
科技,创客学,菲尔·麦肯尼,世界图书出版公司,2013-7,48.00元,8.0,22,https://book.douban.com/subject/24738857/
科技,MIT的魔法師和學徒們,法蘭克·摩斯（Frank Moss）,遠流出版,2012-12-1,NTT360,,10,https://book.douban.com/subject/21332025/
科技,Lewin 基因X（中文版）,J.E.克雷布斯 (Jocelyn E.Krebs)、E.S.戈尔茨坦 (Elliott S.Goldstein)、S.T.基尔帕特里克 (Stephen T.Kilpatrick),科学出版社,2013-2-1,298.00元,9.3,67,https://book.douban.com/subject/20502437/
科技,算法（第4版）,[美] Robert Sedgewick、[美] Kevin Wayne,人民邮电出版社,2012-10-1,99.00元,9.4,1920,https://book.douban.com/subject/19952400/
科技,决战第三屏,恰克•马丁(Chuck Martin),电子工业出版社,2012-8-1,59.00元,6.4,63,https://book.douban.com/subject/11621963/
科技,人人时代,[美]克莱•舍基（Clay Shirky）,中国人民大学出版社,2012-8,49.90元,7.3,685,https://book.douban.com/subject/11599407/
科技,极客帝国,［英］安吉拉•萨伊尼,江苏人民出版社,2011-12,29.80元,7.2,22,https://book.douban.com/subject/10345012/
科技,史蒂夫·乔布斯传,[美] 沃尔特·艾萨克森,中信出版社,2011-11,199.00元,9.0,609,https://book.douban.com/subject/6957229/
科技,科研论文写作新解,赵大良,西安交通大学出版社,2011-9,15.00元,8.5,18,https://book.douban.com/subject/6861830/
科技,禅与摩托车维修艺术,[美]罗伯特·M.波西格,重庆出版社,2011-9-1,36.00元,8.2,24250,https://book.douban.com/subject/6811366/
科技,The Innovator's Dilemma,Clayton M. Christensen,Harper Business,2011-10-4,GBP 17.99,8.6,42,https://book.douban.com/subject/6574069/
科技,One Click,Richard L. Brandt,Portfolio Hardcover,2011-10-27,25.95,7.0,62,https://book.douban.com/subject/6129537/
科技,Interactive Architecture,Michael Fox、Miles Kemp,Princeton Architectural Press,20090901,$50.00 £30.00,8.4,35,https://book.douban.com/subject/4101914/
科技,天文学新概论（第四版）,苏宜 编著,科学出版社,2009-8,40.00元,8.9,124,https://book.douban.com/subject/4062636/
科技,云攻略,马克·贝尼奥夫、卡莱尔·阿德勒,海天出版社,2010年8月,36.00元,7.5,325,https://book.douban.com/subject/3650828/
科技,真科学,约翰·齐曼,上海科技教育出版社,2008-12,42.00元,7.4,39,https://book.douban.com/subject/3561417/
科技,极端的未来,詹姆斯·坎顿,上海三联书店,2008-8,38.00元,6.4,25,https://book.douban.com/subject/3247128/
科技,啊哈！原来如此,[美] 马丁·伽德纳、[美国] 马丁·加德纳,科学出版社,2008-9,28.00元,8.1,577,https://book.douban.com/subject/3235797/
科技,通向实在之路,[英]罗杰·彭罗斯,湖南科学技术出版社,2008-6,80.00元,9.1,423,https://book.douban.com/subject/3144300/
科技,电话的社会影响,伊锡尔·德·索拉·普尔 编,中国人民大学出版社,2008-4,59.80元,6.5,42,https://book.douban.com/subject/3054947/
科技,中国少年儿童百科全书（科学技术）,浙江教育出版社,浙江教育出版社,1991年4月,21.00,9.3,1689,https://book.douban.com/subject/2343270/
科技,技术垄断,Neil Postman,北京大学出版社,2007-10,22.00元,8.6,933,https://book.douban.com/subject/2315287/
科技,算法导论（原书第2版）,[美] Thomas H.Cormen、Charles E.Leiserson、Ronald L.Rivest、Clifford Stein,机械工业出版社,2006-9,85.00元,9.3,5333,https://book.douban.com/subject/1885170/
科技,撬动地球的Google,[美] 戴维·怀斯、马克·马西德,中信出版社,2006-9,35.00元,7.3,1091,https://book.douban.com/subject/1879670/
科技,像外行一样思考，像专家一样实践,[日] 金出武雄,电子工业出版社,2006-08-01,25.00元,7.8,743,https://book.douban.com/subject/1867455/
科技,"Diffusion of Innovations, 5th Edition",Everett M. Rogers,Free Press,2003-8-5,GBP 25.00,8.5,66,https://book.douban.com/subject/1790794/
科技,教与写的记忆,郑君里,高等教育出版社,2005-8,29.90元,8.3,48,https://book.douban.com/subject/1679603/
科技,中国丝绸科技艺术七千年,黄能馥,中国纺织出版社,2002-12,600.00元,8.8,38,https://book.douban.com/subject/1547923/
科技,林肯的DNA以及遗传学上的其他冒险,[美] 菲利普·R·赖利,上海世纪出版集团  上海科技教育出版社,2005-9-1,33.00元,8.0,132,https://book.douban.com/subject/1445586/
科技,生命是什么,埃尔温•薛定谔,湖南科学技术出版社,2007-4-1,19.00元,8.7,4231,https://book.douban.com/subject/1317485/
科技,果壳中的宇宙,史蒂芬・霍金,湖南科学技术出版社,2003-1-1,62.00元,8.9,2684,https://book.douban.com/subject/1257218/
科技,时间简史,史蒂芬・霍金,湖南科学技术出版社,2003-1-1,70.00元,9.1,4028,https://book.douban.com/subject/1257217/
科技,凯洛格论技术与创新,莫汉比尔・萨赫尼、兰杰・格拉特、安东尼・鲍利,中国劳动社会保障出版社,2004-9-1,58.00元,,20,https://book.douban.com/subject/1219083/
科技,技术发展简史,[美] 乔治·巴萨拉（George Bas,复旦大学出版社,2000-1,22.50元,8.3,56,https://book.douban.com/subject/1134914/
科技,别闹了，费曼先生,R・费曼,生活·读书·新知三联书店,2005-1,15元,8.9,3352,https://book.douban.com/subject/1084257/
科技,技术的报复,爱德华·特纳,上海科技教育出版社,2000-06,29.40,6.2,64,https://book.douban.com/subject/1080037/
科技,梦溪笔谈,（宋）沈括,上海书店出版社,2003-03,22.00,8.4,691,https://book.douban.com/subject/1025808/
科技,牛马游戏,吴桐雨,光启书局,2025-8,76.00,7.2,164,https://book.douban.com/subject/37464426/
科技,互联网是人类历史的一段弯路吗？（读库文存·科技）,读库 编选,新星出版社,2024-10-16,88.00元,8.6,49,https://book.douban.com/subject/36818981/
科技,張忠謀自傳（下冊）,張忠謀,天下文化,2024-11-29,NT$750,9.1,464,https://book.douban.com/subject/37109592/
科技,人工智能Sora：机遇·问题·未来,陈根 著,中国纺织出版社,2024-5,78,7.8,44,https://book.douban.com/subject/36933378/
科技,云上的中国3：剧变中的AI时代,吴晓波、安健、刘斌,,吴晓波、安健、刘斌,中信出版社,,71,https://book.douban.com/subject/36907347/
科技,数字极简,[美] 卡尔·纽波特,九州出版社,2024-4,52.00元,7.3,552,https://book.douban.com/subject/36889034/
科技,贝叶斯的博弈,黄黎原（Lê Nguyên Hoang）,人民邮电出版社,2021-3,109,8.3,576,https://book.douban.com/subject/35383731/
科技,芯片的未来,[日]黑田忠广,浙江人民出版社,2024-1-1,58.00元,6.8,87,https://book.douban.com/subject/36659512/
科技,风险投资史,[英] 塞巴斯蒂安·马拉比,浙江教育出版社,2022-12-1,129.90元,8.6,1287,https://book.douban.com/subject/36171394/
科技,履单,[美] 亚历克·麦吉利斯,文汇出版社,2023-6-1,69,7.6,582,https://book.douban.com/subject/36191471/
科技,信息科技简史：从计算机到人工智能（绘本版）,人民邮电出版社,人民邮电出版社,2021-11,129,9.3,20,https://book.douban.com/subject/35647823/
科技,世界的形状,石峰,台海出版社,2023-4,72.00,8.9,268,https://book.douban.com/subject/36299130/
科技,控制论,[美] 诺伯特·维纳,商务印书馆,2020-10,45.00元,8.9,146,https://book.douban.com/subject/35231480/
科技,Atlas of AI,Kate Crawford、凯特·克劳福德,Yale University Press,2021-4-6,USD 28.00,7.8,92,https://book.douban.com/subject/34930459/
科技,元宇宙,长铗、刘秋杉,中信出版集团,2022-1,78,8.2,123,https://book.douban.com/subject/35713998/
科技,沸腾新十年（下）,林军、胡喆,电子工业出版社,2021-8,89,7.8,1101,https://book.douban.com/subject/35567301/
科技,人，机器与社会,[美]  埃尔廷· 莫里森 (Elting E. Morison),中国广播电视出版社、中国广播影视出版社,2022-5-1,59,8.2,69,https://book.douban.com/subject/35886335/
科技,让火箭起飞的女孩,[美] 娜塔莉亚·霍尔特,九州出版社,2022-3,56.00元,8.1,557,https://book.douban.com/subject/35809351/
科技,科学革命的密码,文一,东方出版中心,2021-12,79.8,7.6,272,https://book.douban.com/subject/35691410/
科技,系统架构,爱德华·克劳利（Edward Crawley）、布鲁斯·卡梅隆（Bruce Cameron）、丹尼尔·塞尔瓦（Daniel Selva）,机械工业出版社,2017-1,119.00,8.8,286,https://book.douban.com/subject/26938710/
科技,万物原理,[美]弗兰克·维尔切克（Frank Wilczek）,中信出版集团,2022-1-20,68.00元,8.2,801,https://book.douban.com/subject/35652800/
科技,AI 2041,李開復、陳楸帆,遠見天下,2021-7-2,NT$550,8.6,103,https://book.douban.com/subject/35462685/
科技,人类的终极命运,(英) 乔治·扎卡达基斯,中信出版社,2017-9-1,68.00元,8.6,247,https://book.douban.com/subject/27079203/
科技,硬科技：大国竞争的前沿,国务院发展研究中心国际技术经济研究所  西安市中科硬科技创新研究院,国务院发展研究中心国际技术经济研究所  西安市中科硬科技创新研究院,中国人民大学出版社,62.80元,6.6,74,https://book.douban.com/subject/35612169/
经济,买买买心理学,李欧,湖南人民出版社,2026-6,59.80,,42,https://book.douban.com/subject/38435567/
经济,工作社会的终结,[德] 乌尔里希·贝克,中信出版社,2026-3,79,7.8,88,https://book.douban.com/subject/37827713/
经济,时间游戏,周洛华,上海财经大学出版社,2024-4,88.00元,8.4,616,https://book.douban.com/subject/36905188/
经济,简单致富,[美] J.L.柯林斯,中信出版集团,2024-12,69.00元,7.9,817,https://book.douban.com/subject/37169307/
经济,小岛经济学,[美] 彼得·希夫、[美] 安德鲁·希夫,中信出版社,2017-3,48.00元,8.0,11665,https://book.douban.com/subject/26985299/
经济,债务危机,[美] 瑞·达利欧,中信出版社,2019-3,98.00元,8.8,4573,https://book.douban.com/subject/30486499/
经济,金钱心理学,[美] 摩根 · 豪泽尔,民主与建设出版社,2023-6,56.00元,8.3,16359,https://book.douban.com/subject/36415996/
经济,因为独特,李翔,中信出版集团,2024-11,69.00元,8.6,2477,https://book.douban.com/subject/37105779/
经济,纳瓦尔宝典,[美] 埃里克·乔根森,中信出版社,2022-4,68.00元,8.3,36879,https://book.douban.com/subject/35876121/
经济,全球视野下的投资机会,时寒冰,中信出版集团,2025-8,108.00元,8.6,1541,https://book.douban.com/subject/37492819/
经济,经济动能的转换,盘和林,中国友谊出版公司,2026-1,69,9.8,53,https://book.douban.com/subject/38181751/
经济,大国大城,陆铭,上海人民出版社,2016-7,42.00元,8.7,17083,https://book.douban.com/subject/26824237/
经济,经济学原理(第8版),[美] 格里高里·曼昆,北京大学出版社,2020-5,109.00元,9.5,2664,https://book.douban.com/subject/35005103/
经济,分析与思考,黄奇帆,上海人民出版社,2020-7,98.00元,9.2,6979,https://book.douban.com/subject/35149551/
经济,以利为利,周飞舟,上海三联书店,2012-2-1,35.00元,9.4,6753,https://book.douban.com/subject/10587755/
经济,技术革命与金融资本,[英] 卡洛塔·佩雷斯,浙江科学技术出版社,2025-12-25,129.90元,8.1,71,https://book.douban.com/subject/37932546/
经济,人生财富靠康波,周金涛,中信出版社,2024-12,109,8.3,461,https://book.douban.com/subject/37128565/
经济,全球视野下的投资机会,时寒冰,中信出版社,2025-8-1,88元,8.1,1325,https://book.douban.com/subject/37483198/
经济,聪明的投资者（第4版注疏点评版）,【美】本杰明•格雷厄姆,人民邮电出版社,2016-3,88.00,9.0,2722,https://book.douban.com/subject/26752026/
经济,城乡中国（修订版）,周其仁,中信出版社,2017-4,72.00元,8.4,2238,https://book.douban.com/subject/27015840/
经济,宏观经济学二十五讲,徐高,中国人民大学出版社,2019-2-15,65.00元,9.6,1424,https://book.douban.com/subject/30468563/
经济,工作、消费主义和新穷人,[英]齐格蒙特·鲍曼,上海社会科学院出版社,2021-9,45.00元,8.3,34672,https://book.douban.com/subject/35593780/
经济,21世纪资本论,[法] 托马斯·皮凯蒂（Thomas Piketty）,中信出版社,2014-9,98.00元,8.1,4902,https://book.douban.com/subject/25947310/
经济,穷查理宝典,Charlie T. Munger、Peter D. Kaufman,中信出版社,2016-8,168.00,8.5,17514,https://book.douban.com/subject/26831789/
经济,国家为什么会破产,[美] 瑞·达利欧,中信出版集团,2025-6-6,138.00元,8.5,479,https://book.douban.com/subject/37370552/
经济,人地之间,陶然,辽宁人民出版社,2023-2,89.00元,8.6,1467,https://book.douban.com/subject/36161687/
经济,原则,[美] 瑞·达利欧,中信出版集团,2022-1-10,168.00元,8.5,5804,https://book.douban.com/subject/35732136/
经济,基层中国的运行逻辑,聂辉华,上海人民出版社,2025-10,69.00,7.7,2050,https://book.douban.com/subject/37663710/
经济,历代经济变革得失,吴晓波,浙江大学出版社,2013-8-1,42.00,8.6,10397,https://book.douban.com/subject/24851460/
经济,金钱的艺术,[美] 摩根·豪泽尔,中信出版社,2025-10-1,58.00元,7.5,1239,https://book.douban.com/subject/37437589/
经济,结构性改革,黄奇帆,中信出版社,2020-8,88.00元,8.9,6077,https://book.douban.com/subject/35147504/
经济,涛动周期论,周金涛,机械工业出版社,2017-12-10,99.00,8.3,2528,https://book.douban.com/subject/27599114/
经济,战略与路径,黄奇帆,上海人民出版社,2022-10-1,98.00元,8.5,1205,https://book.douban.com/subject/36139006/
经济,投资第1课,孟岩,新星出版社,2023-2,68,8.2,4346,https://book.douban.com/subject/36295222/
经济,证券分析,[美] 本杰明·格雷厄姆、[美] 戴维·多德,中国人民大学出版社,2013-4,129.90元,8.9,2101,https://book.douban.com/subject/24092345/
经济,小镇喧嚣,吴毅,生活·读书·新知三联书店,2018-2,68.00元,9.3,13521,https://book.douban.com/subject/30122152/
经济,大衰退年代,辜朝明（Richard C.Koo）,上海财经大学出版社,2019-5,78,8.8,1052,https://book.douban.com/subject/33451663/
经济,芒格之道,[美] 查理·芒格,中信出版集团,2023-6,198.00元,9.3,3217,https://book.douban.com/subject/36438791/
经济,重组与突破,黄奇帆,中信出版集团,2024-4,88.00元,8.6,1444,https://book.douban.com/subject/36854731/
经济,逃不开的经济周期,拉斯·特维德,中信出版社,2012-11,69.00元,8.3,3954,https://book.douban.com/subject/20272113/
经济,行动的勇气,[美] 本·伯南克,中信出版社,2016-5,78.00元,8.8,1766,https://book.douban.com/subject/26756140/
经济,解读中国经济,林毅夫,北京大学出版社,2018-9,68.00元,9.1,2620,https://book.douban.com/subject/30329810/
经济,经济学,[美] 保罗·萨缪尔森、[美] 威廉·诺德豪斯,商务印书馆,2013-1,88.00元,9.4,495,https://book.douban.com/subject/20502310/
经济,钱从哪里来7,香帅,新星出版社,2026-2,69,7.3,195,https://book.douban.com/subject/37941658/
经济,宏观经济数据分析手册,李奇霖,上海财经大学出版社,2021-8,128.00,9.0,603,https://book.douban.com/subject/35587406/
经济,繁荣与停滞,伊藤隆敏、星岳雄,中信出版社,2022-9,158.00元,8.4,1169,https://book.douban.com/subject/36093153/
经济,漫步华尔街 (第13版),[美] 伯顿·G.马尔基尔,机械工业出版社,2024-3,99.00元,8.7,419,https://book.douban.com/subject/37220253/
经济,世界上最简单的会计书,[美] 达雷尔·穆利斯、[美] 朱迪丝·奥洛夫,机械工业出版社,2013-10,30.00元,9.0,5473,https://book.douban.com/subject/25747852/
经济,如何快速了解一个行业,肖璟,人民邮电出版社,2025-8,129.80元,8.2,1321,https://book.douban.com/subject/37496051/
经济,国富论,[英] 亚当·斯密,华夏出版社,2005-1,69.00元,9.0,12107,https://book.douban.com/subject/1261560/
经济,土地制度与中国发展（增订本）,刘守英,中国人民大学出版社,2021-12,118.00元,8.5,230,https://book.douban.com/subject/36000127/
经济,金融经济学二十五讲,徐高,中国人民大学出版社,2018-7-1,52,9.6,761,https://book.douban.com/subject/30296163/
经济,地缘经济,中金研究院、中金公司研究部,中信出版社,2026-1,88,8.6,15,https://book.douban.com/subject/38227107/
经济,三生万物,宁高宁,中信出版集团,2024-8-30,88.00元,8.3,3173,https://book.douban.com/subject/37013783/
经济,经济学原理(第7版),曼昆 (N.Gregory Mankiw),北京大学出版社,2015-5-1,128,9.5,6442,https://book.douban.com/subject/26435630/
经济,斯坦福极简经济学,[美] 蒂莫西‧泰勒,湖南人民出版社,2015-2,35.00元,7.9,5585,https://book.douban.com/subject/26314063/
经济,指数基金投资指南,银行螺丝钉,中信出版社,2017-11-1,59.00元,8.1,12883,https://book.douban.com/subject/27204860/
经济,从追赶向成熟,冯煦明,中译出版社,2026-3,69.00元,7.0,31,https://book.douban.com/subject/38367677/
经济,投资研习录,唐朝,中国经济出版社,2024-4,168,8.9,411,https://book.douban.com/subject/36849444/
经济,金钱博弈,单伟建,中信出版集团,2022-5,98.00元,9.1,4652,https://book.douban.com/subject/35902211/
经济,货币战争(百万册升级版),宋鸿兵,中信出版社,2017-6,46,8.5,294,https://book.douban.com/subject/27095146/
经济,货币银行学,易纲、吴有昌,格致出版社,2014-1-1,58.00元,9.2,305,https://book.douban.com/subject/25787457/
经济,时寒冰说：未来二十年，经济大趋势（未来篇）,时寒冰,上海财经大学出版社,2014-7-1,59.80元,7.8,1326,https://book.douban.com/subject/25927672/
经济,从来就没有救世主,许小年,上海三联书店,2011-5,38.00元,8.3,631,https://book.douban.com/subject/6427157/
经济,亚洲大趋势,[美] 乔·史塔威尔,中信出版社,2014-5,68.00元,9.1,1749,https://book.douban.com/subject/25893995/
经济,他乡之税,田毅、赵旭,中信出版社,2008-10,49.00元,8.1,332,https://book.douban.com/subject/3225781/
经济,李光耀观天下,李光耀,北京大学出版社,2015-6,58.00元,9.2,19035,https://book.douban.com/subject/26413154/
经济,一本书读懂财报 (第三版),肖星,浙江大学出版社,2022-7,58.00元,8.8,1105,https://book.douban.com/subject/36076424/
经济,石油英镑,史蒂文·加尔珀恩,中信出版社,2024-12,79.0,8.8,32,https://book.douban.com/subject/37157563/
经济,资产配置行动指南,大卫翁,中信出版社,2026-2,49.60元,7.8,366,https://book.douban.com/subject/38362693/
经济,重读商业经典,郑毓煌,清华大学出版社,2026-3,129.00元,8.6,42,https://book.douban.com/subject/38369387/
经济,小狗钱钱,[德] 博多·舍费尔,南海出版公司,2009-2-1,20.00元,9.1,54591,https://book.douban.com/subject/3576486/
经济,乱世华尔街,渔阳,中国人民大学出版社,2015-12-1,45.00元,9.1,1025,https://book.douban.com/subject/26693406/
经济,共同基金常识,[美] 约翰·博格,北京联合出版公司,2017-8,109.90元,8.1,1038,https://book.douban.com/subject/27153416/
经济,非对称风险,[美] 纳西姆·尼古拉斯·塔勒布,中信出版社,2019-1-1,68.00元,8.2,4403,https://book.douban.com/subject/30417612/
经济,货币金融学 (第十三版),弗雷德里克·米什金,中国人民大学出版社,2024-6,128.00元,9.4,103,https://book.douban.com/subject/36892732/
经济,竞争战略,[美] 迈克尔·波特,中信出版社,2014-7-1,CNY 88.00,8.3,997,https://book.douban.com/subject/25905229/
经济,一个经济杀手的自白,[美] 约翰·珀金斯,华龄出版社,2024-11,99.00元,7.7,60,https://book.douban.com/subject/37092902/
经济,长期复利的简单方法,[美] 查尔斯·埃利斯,中信出版社,2025-12,58.00元,7.6,46,https://book.douban.com/subject/37942219/
经济,交易心理分析,马克·道格拉斯,电子工业出版社,2011-3,58.00元,7.9,1921,https://book.douban.com/subject/5976544/
经济,金錢風雲,單偉建,信報出版,2024-9,HKD 288,9.3,464,https://book.douban.com/subject/37082092/
经济,转型中的地方政府,周黎安,格致出版社、上海三联书店、上海人民出版社,2017-8,78.00元,9.3,4577,https://book.douban.com/subject/27120243/
经济,文明、现代化、价值投资与中国,李录,中信出版集团,2020-4,128.00元,8.1,7958,https://book.douban.com/subject/34997975/
经济,置身事内,兰小欢,上海人民出版社,2023-10,108.00元,9.0,561,https://book.douban.com/subject/36601306/
经济,江村经济,费孝通,北京大学出版社,2012-11,28.00元,9.2,8389,https://book.douban.com/subject/20395460/
经济,城市化转型与土地陷阱,华生,东方出版社,2013-11-1,55.00元,9.2,862,https://book.douban.com/subject/25766497/
经济,大衰退,[美]辜朝明,东方出版社,2016-12-1,45.00元,8.4,1776,https://book.douban.com/subject/26922908/
经济,中国的经济制度,张五常,中信出版社,2017-12,36,8.5,402,https://book.douban.com/subject/30449522/
经济,休谟,[美] 玛格丽特·沙巴斯、[美] 卡尔·文纳林德,王兵,广西师范大学出版社,2026-4,,10,https://book.douban.com/subject/38205029/
经济,制度、制度变迁与经济绩效,(美国)道格拉斯·C.诺思,格致出版社,2014-4-1,35.00元,9.2,324,https://book.douban.com/subject/26346156/
经济,繁荣与衰退,[美] 艾伦·格林斯潘、[美] 阿德里安·伍尔德里奇,中信出版集团,2019-6-1,88.00元,8.4,1091,https://book.douban.com/subject/33478543/
经济,经济学原理(第8版),(美) N.格里高利·曼昆 (N. Gregory Mankiw),北京大学出版社,2020-5,89.00元,9.2,1019,https://book.douban.com/subject/35005113/
经济,我从达尔文那里学到的投资知识,[印] 普拉克·普拉萨德,中译出版社,2025-2,89.00元,8.8,685,https://book.douban.com/subject/37213040/
经济,新战略机遇：迈向2035的中国与世界,王文,,王文,中国人民大学出版社,,10,https://book.douban.com/subject/38390007/
经济,增长,[加] 瓦茨拉夫·斯米尔,民主与建设出版社,2024-4,150.00元,7.4,65,https://book.douban.com/subject/36790186/
经济,西方世界的兴起,[美] 道格拉斯·诺斯、[美] 罗伯特·托马斯,中国人民大学出版社,2022-7-9,69,8.6,97,https://book.douban.com/subject/36019353/
经济,第二天：金钱进化论,方言,中信出版集团,2026-4,78.00元,6.3,94,https://book.douban.com/subject/38417876/
经济,地下帝國,亨利‧法羅（Henry Farrell）、亞伯拉罕‧紐曼（Abraham Newman）,聯利媒體TVBS,2025-3-13,480元,,12,https://book.douban.com/subject/37252303/
经济,伟大的博弈,[美] 约翰·S. 戈登,中信出版社,2011-1,58.00元,8.6,4132,https://book.douban.com/subject/4012143/
经济,时势,小Lin,中信出版社,2023-12,59.00元,7.4,2667,https://book.douban.com/subject/36673627/
经济,全球经济史,[英]罗伯特·C.艾伦,译林出版社,2015-1,25.00,8.1,1559,https://book.douban.com/subject/26345472/
经济,工作、消费主义和新穷人,[英]齐格蒙特·鲍曼,上海社会科学院出版社,2023-10,68,8.8,3049,https://book.douban.com/subject/36519486/
经济,叙事经济学,[美] 罗伯特·希勒,中信出版集团,2020-3,88,7.0,1314,https://book.douban.com/subject/34976597/
经济,指数基金投资,不在此山中,中国铁道出版社,2021-6-1,60.00元,8.1,109,https://book.douban.com/subject/35596511/
经济,"Our Dollar, Your Problem",Kenneth Rogoff,Yale University Press,2025-5-6,USD 35.00,,34,https://book.douban.com/subject/37290621/
经济,跳着踢踏舞去上班,[美] 卡萝尔·卢米斯,北京联合出版公司,2017-11,109.90元,7.4,830,https://book.douban.com/subject/27187084/
经济,刚性泡沫（增订版）,朱宁,中信出版社,2024-1,69,7.4,586,https://book.douban.com/subject/36727901/
经济,崩盘,[英]亚当·图兹,理想国｜上海三联书店,2021-6,148.00元,8.1,1172,https://book.douban.com/subject/35324439/
经济,这次不一样,卡门 M. 莱因哈特、肯尼斯 S. 罗格夫,机械工业出版社,2012-9-1,59.90元,6.9,518,https://book.douban.com/subject/11613937/
经济,归我们！,[德] 特雷博尔·朔尔茨,上海译文出版社,2025-6-30,45,7.2,148,https://book.douban.com/subject/37367222/
经济,美国资本主义时代,[美] 乔纳森·利维,北京日报出版社,2024-9-30,189.00元,8.7,248,https://book.douban.com/subject/36707348/
经济,把脉：全球巨变与中国经济,高柏,生活·读书·新知三联书店,2025-1,79.00元,8.0,208,https://book.douban.com/subject/37021265/
经济,The Entropy Law and the Economic Process,Nicholas Georgescu-Roegen,iUniverse,1999-11,USD 24.95,,10,https://book.douban.com/subject/2362273/
经济,为增长而竞争,张军、周黎安,上海人民出版社,2008-1,40.00元,8.9,167,https://book.douban.com/subject/2372640/
经济,反脆弱,[美] 纳西姆·尼古拉斯·塔勒布,中信出版社,2014-1,68.00元,7.9,16275,https://book.douban.com/subject/25782902/
经济,货币战争(百万册升级版共5册),宋鸿兵,宋鸿兵,2017-8,246.00元,8.3,155,https://book.douban.com/subject/27111654/
经济,销售巨人1,[美] 尼尔·雷克汉姆,企业管理出版社,2004-5,50.00元,8.6,494,https://book.douban.com/subject/1013638/
经济,信用创造、货币供求与经济结构,李斌、伍戈,中国金融出版社,2014-12-1,58.00元,9.1,609,https://book.douban.com/subject/26314075/
经济,国富论,亚当·斯密,商务印书馆,2015-6-1,CNY 118.00,9.3,1030,https://book.douban.com/subject/26586149/
经济,金融炼金术,[美] 乔治·索罗斯,海南出版社,1999-4,24.80元,8.4,3041,https://book.douban.com/subject/1058131/
经济,货币金融学 (第十二版),[美] 弗雷德里克·S.米什金,中国人民大学出版社,2021-4-1,98.00元,9.1,257,https://book.douban.com/subject/35527221/
经济,M型社会,大前研一,中信出版社,2015-7,39.80元,6.9,923,https://book.douban.com/subject/26575098/
经济,贫穷的本质,阿比吉特•班纳吉 （Abhijit V.Banerjee）、埃斯特•迪弗洛 （Esther Duflo）,中信出版社,2013-4,58.00元,7.5,15140,https://book.douban.com/subject/21966353/
经济,一如既往,[美] 摩根·豪泽尔,中信出版社,2024-4,69.00元,7.2,2150,https://book.douban.com/subject/36810988/
经济,投行之路·危险黄金,离月上雪,人民文学出版社,2022-1,69,8.5,386,https://book.douban.com/subject/35672127/
经济,抗战外援,[美]阿瑟·N.杨格,四川人民出版社,2019-8,88,8.7,301,https://book.douban.com/subject/33463004/
经济,货币的本质,[英] 罗布·迪克斯,浙江教育出版社,2025-7,59.00元,8.0,65,https://book.douban.com/subject/37403881/
经济,自由秩序原理,(英)弗里德利希・冯・哈耶克、[英国] 哈耶克,生活·读书·新知三联书店,1997-12,28.0,9.1,1331,https://book.douban.com/subject/1005813/
经济,投资中最简单的事（更新版）,邱国鹭,中国经济出版社,2020-3,62.90元,8.7,1999,https://book.douban.com/subject/35000951/
经济,实现财务自由,凌波,企业管理出版社,2010-8,35.00元,8.7,54,https://book.douban.com/subject/4924398/
经济,钱从哪里来6,香帅,新星出版社,2025-1-1,69.00,6.9,420,https://book.douban.com/subject/37173677/
经济,手把手教你读财报（新准则升级版）,唐朝,中国经济出版社,2021-1-1,69.00元,8.9,1461,https://book.douban.com/subject/35299355/
经济,亚洲教父,[美] 乔·史塔威尔,复旦大学出版社,2011-7,36.00元,8.3,3473,https://book.douban.com/subject/6556296/
经济,文明的抉择,迈克尔·赫德森,黄钰书、宋玮,东方出版社,2023-9,8.3,256,https://book.douban.com/subject/36491117/
经济,人，经济与国家,[美] 穆雷·N.罗斯巴德,浙江大学出版社,2020-10,168.00元,9.8,83,https://book.douban.com/subject/34991732/
经济,资本论,[德] 卡尔·马克思,人民出版社,2018-3-1,90.00,9.3,3293,https://book.douban.com/subject/30316487/
经济,读懂“十五五”,张军扩、蔡昉、朱克力,中信出版集团,2025-11,69.00,7.1,98,https://book.douban.com/subject/37830737/
经济,预测之书2,罗振宇（编著）,新星出版社,2026-1,118,7.2,366,https://book.douban.com/subject/37942091/
经济,笑傲牛熊,[美] 史丹·温斯坦,中国人民大学出版社,2021-3,79.00元,9.1,505,https://book.douban.com/subject/35382215/
经济,思考，快与慢,[美] 丹尼尔·卡尼曼,中信出版社,2025-4,98.00元,8.2,839,https://book.douban.com/subject/37270984/
经济,逆战,[日] 金子胜,北京联合出版公司,2025-10,68,7.2,54,https://book.douban.com/subject/37486935/
经济,逆势投资者凯恩斯,[英] 约翰·梅纳德·凯恩斯,民主与建设出版社有限责任公司,2025-4,48.00元,7.4,82,https://book.douban.com/subject/37312186/
经济,原则,[美] 瑞·达利欧,刘波、綦相、熊建伟,中信出版集团,2025-1,8.6,229,https://book.douban.com/subject/37235329/
经济,经济学原理（第10版）,[美] N.格里高利·曼昆,北京大学出版社,2025-9,96.00,9.2,48,https://book.douban.com/subject/37527745/
经济,富种起源,吴乐旻,中信出版集团,2023-2,99,7.8,504,https://book.douban.com/subject/36180810/
经济,文明的逻辑,陈志武,中信出版社,2022-3,152,8.3,400,https://book.douban.com/subject/35837685/
经济,贸易打造的世界（第4版）,[美] 彭慕兰、[美] 史蒂文·托皮克,上海人民出版社,2022-10-1,108.00元,8.0,161,https://book.douban.com/subject/35899826/
经济,日本蜡烛图技术：古老东方投资术的现代指南（第2版）,[美] 史蒂夫·尼森,湖南文艺出版社,2020-3-1,98.00元,8.9,1804,https://book.douban.com/subject/34948750/
经济,说谎者的扑克牌,迈克尔刘易斯,中信出版社,2018-6,58.00元,7.6,329,https://book.douban.com/subject/30244483/
经济,稳定不稳定的经济,海曼·P.明斯基,清华大学出版社,2010-1,49.00元,8.3,189,https://book.douban.com/subject/4222014/
经济,21世纪货币政策,[美国] 本·伯南克,中信出版社,2022-7,89.00元,8.5,439,https://book.douban.com/subject/36119063/
经济,中国货币资金分析精要,王剑,王剑,中国金融出版社,2025-9,7.6,12,https://book.douban.com/subject/37530314/
经济,动荡时代,[日]白川方明,中信出版集团,2021-10,129,8.6,754,https://book.douban.com/subject/35565575/
经济,时寒冰说：未来二十年，经济大趋势（现实篇）,时寒冰,上海财经大学出版社,2014-7-1,CNY 49.80,8.2,2515,https://book.douban.com/subject/25902226/
经济,致命的自负,[英] 哈耶克,中国社会科学出版社,2000-09,19.80,8.7,4435,https://book.douban.com/subject/1070007/
经济,红色资本家荣毅仁,高仲泰,中西书局,2012-8,58.00元,8.8,75,https://book.douban.com/subject/11619837/
经济,时运变迁,[美] 保罗·沃尔克、[日] 行天丰雄,中信出版社,2018-12-10,68.00元,8.1,220,https://book.douban.com/subject/30347589/
经济,欧元危机:共同货币阴影下的欧洲,[美]约瑟夫·斯蒂格利茨（Joseph E. Stiglitz）、[美国] 约瑟夫·斯蒂格利茨,机械工业出版社,2017-12,59.00,7.2,30,https://book.douban.com/subject/27203441/
经济,现代经济学与中国经济,钱颖一,中信出版社,2017-9,58.00元,7.7,100,https://book.douban.com/subject/27160556/
经济,大而不倒,[美] 安德鲁·罗斯·索尔金,中国人民大学出版社,2010-9,69.80元,8.3,3608,https://book.douban.com/subject/5297291/
经济,市场本质,周洛华,上海财经大学出版社,2020-8-1,78,8.0,159,https://book.douban.com/subject/35179271/
经济,马克思价值理论研究,（苏）伊萨克·伊里奇·鲁宾,中央编译出版社,2024-8,120.00元,9.9,80,https://book.douban.com/subject/36874924/
经济,表演社会,[意]安德里亚·科拉美第奇、[意]莫拉·甘齐塔诺,重庆出版社,2026-2,58.00元,6.6,89,https://book.douban.com/subject/38372814/
经济,资本战争,[英] 迈克尔·J.豪厄尔,中信出版集团,2024-1-1,79.00元,7.4,75,https://book.douban.com/subject/36701988/
经济,经济学的思维方式,[美] 托马斯·索维尔,四川人民出版社,2018-8,88.00元,8.4,2995,https://book.douban.com/subject/30274068/
经济,投资的四大支柱,[美] 威廉·伯恩斯坦,中国人民大学出版社,2014-1-20,69.90,7.4,80,https://book.douban.com/subject/25812452/
经济,资本论（第一卷）,[德] 卡尔·马克思,人民出版社,2004-1,45.00元,9.3,4163,https://book.douban.com/subject/1150503/
经济,银发经济学,[日]大前研一,机械工业出版社,2024-10-30,59,5.6,255,https://book.douban.com/subject/37105764/
经济,工厂日记,[法]西蒙娜·薇依,上海人民出版社,2023-4-30,58.00,8.8,2230,https://book.douban.com/subject/36255848/
经济,基本无害的计量经济学,[美] 乔舒亚·安格里斯特、[美] 约恩·斯特芬·皮施克,格致出版社,2012-4-1,38.00元,8.3,262,https://book.douban.com/subject/10545398/
经济,《资本论》的读法,杨照,海南出版社,2022-9,88.00,9.1,2151,https://book.douban.com/subject/36091879/
经济,财事无忧,李璞,机械工业出版社,2025-12-17,79,6.2,102,https://book.douban.com/subject/37937037/
经济,爱、金钱和狗狗,[美] 戴维·L.韦默（David L. Weimer）、[加] 艾丹·R.瓦伊宁（Aidan R. Vining）,格致出版社,2026-3-1,58.00,,10,https://book.douban.com/subject/38175804/
经济,经济学通识课,[英] 尼尔·基什特尼,民主与建设出版社,2017-9,52.00元,8.3,3341,https://book.douban.com/subject/27104764/
经济,国富论,[英] 亚当·斯密,重庆出版社,2015-8,58.00元,8.9,195,https://book.douban.com/subject/26680344/
经济,怎样选择成长股,[美] 菲利普·A.费舍,地震出版社,2017-7,50.00,8.7,640,https://book.douban.com/subject/27202775/
经济,大转型,[英] 卡尔·波兰尼,商务印书馆,2025-7,98.00元,8.9,64,https://book.douban.com/subject/37380173/
经济,彼得·林奇的成功投资,[美] 彼得·林奇、[美] 约翰·罗瑟查尔德,机械工业出版社,2010-4-1,38.00元,9.0,5147,https://book.douban.com/subject/4827219/
经济,盐铁论校注,王利器 校注,王利器 校注,2017-7-24,68.00元,9.7,64,https://book.douban.com/subject/27112054/
经济,当音乐停止之后,艾伦·布林德,中国人民大学出版社,2014-7-1,79.90元,8.5,733,https://book.douban.com/subject/25912159/
经济,走出幻觉走向成熟,金融帝国,中国经济出版社,2012-7,38.00元,8.5,1211,https://book.douban.com/subject/11525290/
经济,裸K线交易法,许佳聪,上海财经大学出版社,2019-5,88.00元,8.4,623,https://book.douban.com/subject/33705284/
经济,市场、国家和民众,黛安娜·科伊尔,中信出版社,2022-4,88,7.6,16,https://book.douban.com/subject/35872024/
经济,精神经济学,董宝珍,广东经济出版社,2026-2,69.00元,6.9,22,https://book.douban.com/subject/38194578/
经济,周期,[美] 霍华德·马克斯,中信出版社,2019-2,88.00元,7.9,5679,https://book.douban.com/subject/30443502/
经济,理性乐观派,[英] 马特·里德利,机械工业出版社,2015-7-1,69.00 元,8.0,1542,https://book.douban.com/subject/26583357/
经济,乡土中国,费孝通,上海人民出版社,2006-4,38.00,9.2,108884,https://book.douban.com/subject/1795079/
经济,渐行渐远的红利,彭文生,社会科学文献出版社,2013-4,58.00元,8.9,1827,https://book.douban.com/subject/23789345/
经济,投资护城河,[美] 帕特·多尔西,中信出版社,2025-1,69.00元,8.7,60,https://book.douban.com/subject/37138010/
经济,被追赶的经济体,[美] 辜朝明,中信出版集团,2023-8,98.00元,8.6,880,https://book.douban.com/subject/36672932/
经济,变化社会中的政治秩序,（美）塞缪尔·P·亨延顿,上海人民出版社,2008,42.00元,9.3,3647,https://book.douban.com/subject/3163104/
经济,微小的总和,[美] 伊丽莎白·科里德-霍尔基特,海南出版社,2023-1,58.00,7.4,1110,https://book.douban.com/subject/36184508/
经济,经济学原理（上下）,[美] 曼昆,机械工业出版社,2003-8,88.00元,9.1,24065,https://book.douban.com/subject/1028842/
经济,彼得·林奇的成功投资,[美] 彼得·林奇、[美] 约翰·罗瑟查尔德,机械工业出版社,2018-5,80.00元,8.9,946,https://book.douban.com/subject/30244481/
经济,人口与日本经济,[日]吉川 洋,九州出版社,2020-11,36.00元,7.1,627,https://book.douban.com/subject/35218045/
经济,财富捷径,硅谷居士,,硅谷居士,2025-9-6,,290,https://book.douban.com/subject/37819634/
经济,税的荒唐与智慧,[美] 迈克尔·基恩、[美] 乔尔·斯莱姆罗德,薛凯欣、余江,中信出版社,2025-2,8.0,100,https://book.douban.com/subject/37139315/
经济,社会正义谬误,[美] 托马斯·索维尔,中信出版社,2025-9,69.00,7.8,148,https://book.douban.com/subject/37457266/
经济,比较政治经济学,朱天飚,北京大学出版社,2006-1,26.00元,9.3,563,https://book.douban.com/subject/1454953/
经济,景观社会,[法] 居伊·德波,南京大学出版社,2017-5,48.00元,8.2,4912,https://book.douban.com/subject/26865819/
经济,蛛网资本主义,[美] 金伯莉·凯·黄,云南人民出版社,2025-10,98.00元,7.2,233,https://book.douban.com/subject/37195777/
经济,回荡的钟摆,许小年,中国计划出版社,2017-6-1,CNY 48.00,7.9,600,https://book.douban.com/subject/27105642/
经济,追赶型工业战略的比较政治经济学,宋磊,北京大学出版社,2016-3,48.00,8.2,22,https://book.douban.com/subject/26788288/
经济,探索的历程,许成钢,中信出版集团,2021-7,89.00元,8.8,285,https://book.douban.com/subject/35541385/
经济,怪诞行为学,[美] 丹·艾瑞里,中信出版社,2010-9,45.00元,8.2,14826,https://book.douban.com/subject/4929844/
经济,穷查理宝典,[美] 彼得·考夫曼(编),中信出版集团,2024-9,69.00元,8.7,1021,https://book.douban.com/subject/37003888/
经济,稳定币,高华声、林雅恒,高华声、林雅恒,格致出版社,2025-7,8.0,72,https://book.douban.com/subject/37454140/
经济,中国经济改革进程 (第2版),吴敬琏,中国大百科全书出版社,2023-1,88.00元,9.0,390,https://book.douban.com/subject/36198856/
经济,见证逆潮,付鹏,电子工业出版社,2024-3,99,7.6,422,https://book.douban.com/subject/36677290/
经济,战略性矿产,杨丹辉、刘刚,杨丹辉、刘刚,中信出版集团,2026-3-1,5.7,19,https://book.douban.com/subject/38370738/
经济,经济思想史(第8版),斯坦利·L.布鲁 (Stanley L. Blue)、兰迪·R.格兰特 (Randy R.Grant),北京大学出版社,2014-11-20,68.00元,8.6,368,https://book.douban.com/subject/26271647/
经济,有闲阶级论,[美] 索尔斯坦·凡勃伦,上海译文出版社,2019-10,48.00元,8.2,1636,https://book.douban.com/subject/34785073/
经济,资本的秘密,赫尔南多·德·索托,华夏出版社,2007-2,25.00元,8.3,747,https://book.douban.com/subject/2006592/
经济,原则,[美] 瑞·达利欧,中信出版社,2018-1,98.00元,8.3,39675,https://book.douban.com/subject/27608239/
经济,金钱的力量,(美) 保罗·谢尔德,中译出版社,2025-3,89.0,6.9,23,https://book.douban.com/subject/37275337/
经济,潮来潮去,[英] 方德万,山西人民出版社,2017-7-1,CNY 68.00,8.7,490,https://book.douban.com/subject/27091336/
经济,跨越边界的社区（修订版）,项飙,生活·读书·新知三联书店,2018-3,68.00元,9.4,12388,https://book.douban.com/subject/30116399/
经济,经济运行的逻辑,高善文,中国人民大学出版社,2013-5,49.00元,8.2,1214,https://book.douban.com/subject/24696672/
经济,段永平投资问答录（投资逻辑篇）,段永平、雪球用户,,段永平、雪球用户,浙版数媒,8.9,2163,https://book.douban.com/subject/35279134/
经济,思考，快与慢,[美] 丹尼尔·卡尼曼,中信出版社,2012-7,69.00元,8.0,25137,https://book.douban.com/subject/10785583/
经济,十年轮回,沈联涛,上海远东出版社,2009-8,38.00元,8.8,475,https://book.douban.com/subject/3931857/
经济,创造性破坏的力量,[法] 菲利普·阿吉翁、[法] 赛利娜·安托南、[法] 西蒙·比内尔、菲利普·马里奥·阿吉翁,中信出版社,2021-11,88.00元,7.9,309,https://book.douban.com/subject/35644482/
经济,现实主义经济学之路,乔治·A·阿克洛夫 George A. Akerlof,中国人民大学出版社,2012-6,69.00元,8.6,16,https://book.douban.com/subject/10796079/
经济,巴菲特的护城河,[美] 帕特·多尔西,中国经济出版社,2019-1-22,55.00元,8.2,796,https://book.douban.com/subject/30439122/
经济,股票深度交易心理学,[美] 盖瑞·戴顿,中国青年出版社,2020-8,69,8.8,544,https://book.douban.com/subject/35119423/
经济,简单致富2,[美] J.L.柯林斯,中信出版集团,2026-1,69.00,5.2,51,https://book.douban.com/subject/38228470/
经济,一切皆契约,聂辉华,上海三联书店,2021-5,68,7.7,900,https://book.douban.com/subject/35446024/
经济,王剑讲银行业,王剑,机械工业出版社,2021-8,88.00元,8.4,333,https://book.douban.com/subject/35582233/
经济,美元真相,[美] 达尔辛妮·大卫,鲁冬旭,中信出版集团,2021-5,8.3,332,https://book.douban.com/subject/35447376/
经济,制内市场,郑永年、黄彦杰,浙江人民出版社,2021-1-1,118.00元,8.3,932,https://book.douban.com/subject/35267420/
经济,薛兆丰经济学讲义（修订版）,薛兆丰,中信出版社,2023-4,89.0,7.7,90,https://book.douban.com/subject/36357222/
经济,中国是部金融史,陈雨露、杨忠恕,北京联合出版公司,2013-3,39.50元,8.1,3627,https://book.douban.com/subject/21331443/
经济,中国是部金融史2,陈雨露、杨忠恕,九州出版社,2014-3-15,CNY 39.80,8.6,1712,https://book.douban.com/subject/25840005/
经济,金融周期,[英] 彼得·奥本海默,中信出版集团,2022-9,79.00元,7.7,223,https://book.douban.com/subject/36119047/
经济,日元贬值的背后：虚假的贸易顺差国,唐镰大辅,唐镰大辅,机械工业出版社,2025-6-1,7.3,45,https://book.douban.com/subject/37421858/
经济,三万亿美元的战争,[美] 約瑟夫·斯蒂格利茨、琳达·J·比尔米斯,中国人民大学出版社,2010-3-1,38.00元,7.4,28,https://book.douban.com/subject/4265898/
经济,走出洞穴,向松祚,机械工业出版社,2026-2-1,139.00元,8.0,39,https://book.douban.com/subject/38414845/
经济,一本书读懂财报,肖星,浙江大学出版社,2014-7-1,35.00元,8.9,9091,https://book.douban.com/subject/25926542/
经济,发展经济学（第二版）,姚洋,北京大学出版社,2018-8,58.00元,9.0,62,https://book.douban.com/subject/30432030/
经济,借势而为,冯猛,华东师范大学出版社,2026-3,89.8,,10,https://book.douban.com/subject/38408189/
经济,伟大的中国工业革命,文一,清华大学出版社,2016-6-1,59.00元,8.3,1524,https://book.douban.com/subject/26834083/
经济,真需求,梁宁,新星出版社,2024-11,99.00元,8.3,2969,https://book.douban.com/subject/37070351/
经济,货币战争,宋鸿兵 编著,中信出版社,2007-6,38.00元,7.2,45700,https://book.douban.com/subject/2081876/
经济,半小时漫画经济学,陈磊、半小时漫画团队、二混子,海南出版社,2019-8,49.90元,6.8,11977,https://book.douban.com/subject/34800351/
经济,巨变,卡尔•波兰尼（Karl Polanyi）,社会科学文献出版社,2013-1,59.00元,8.6,606,https://book.douban.com/subject/20435354/
经济,博弈论基础,[美] 罗伯特·吉本斯,中国社会科学出版社,1999,25.00元,8.4,723,https://book.douban.com/subject/1448727/
经济,人类愚蠢基本定律,[意] 卡洛·奇波拉,东方出版社,2021-9,49.8,6.9,748,https://book.douban.com/subject/35591315/
经济,大转折,赵燕菁,中国人民大学出版社,2026-4,118.00元,8.8,18,https://book.douban.com/subject/38415083/
经济,持续买入,[美] 尼克·马吉奥利,中信出版社,2024-12,69.00元,7.3,656,https://book.douban.com/subject/37165036/
经济,股市长线法宝,Jeremy J. Siegel,机械工业出版社,2018-8,80.00,8.4,421,https://book.douban.com/subject/30341105/
经济,投资中最简单的事,邱国鹭,中国人民大学出版社,2014-10,45.90,8.7,11708,https://book.douban.com/subject/26163553/
经济,查理·芒格的投资思想,[美] 戴维·克拉克,浙江人民出版社,2019-3-10,79.90元,7.3,567,https://book.douban.com/subject/30488866/
经济,富国陷阱,[英]张夏准,社会科学文献出版社,2019-10,58.00元,8.1,423,https://book.douban.com/subject/34869741/
经济,朱镕基答记者问,《朱镕基答记者问》编辑组 编,人民出版社,2009-8,59.00元,8.5,7977,https://book.douban.com/subject/4002701/
经济,魔鬼经济学系列,史蒂芬·列维特、史蒂芬·都伯纳,中信出版集团,2016-9-1,CNY 180.00,7.9,692,https://book.douban.com/subject/26891410/
经济,股市长线法宝（原书第5版）,【美】杰里米 J.西格尔 (Jeremy J.Siegel),机械工业出版社,2015-1-1,59.00,8.6,641,https://book.douban.com/subject/26417291/
经济,资产配置的艺术（完整版）,[美] 戴维 • 达斯特,中国人民大学出版社,2014-1-1,69.90,7.7,236,https://book.douban.com/subject/25812365/
经济,经济发展理论,[美国] 约瑟夫·熊彼特,商务印书馆,1990-1,4.80元,8.4,403,https://book.douban.com/subject/2137823/
经济,风投,汤姆·尼古拉斯,中信出版集团,2020-10-1,69,7.0,90,https://book.douban.com/subject/35263053/
经济,政治发展的经济分析,（美）达龙.阿塞莫格、（美）詹姆士·A.罗宾逊 （James A.Robinson）、詹姆斯·罗宾逊,上海财经大学出版社,2008-12,44.00元,8.9,194,https://book.douban.com/subject/3434919/
经济,有钱人和你想的不一样,[美] 哈维·艾克,陈佳伶,2017-6,38.00元,7.8,7125,https://book.douban.com/subject/27045965/
经济,通往奴役之路,[英] 弗里德里希·奥古斯特·冯·哈耶克,中国社会科学出版社,2022-11,35元,8.0,1488,https://book.douban.com/subject/36141170/
经济,拿铁因素,[美]戴维·巴赫（David Bach）、[美]约翰·戴维·曼恩（John David Mann）,北京联合出版公司,2021-8-30,49.80,7.2,1852,https://book.douban.com/subject/35605658/
经济,薛兆丰经济学讲义,薛兆丰,中信出版社,2018-7,68.00元,8.1,19847,https://book.douban.com/subject/30280804/
经济,政治经济学概论（第五版）,徐禾 等,中国人民大学出版社,2021-6,45.00元,9.3,394,https://book.douban.com/subject/35519282/
经济,政治经济学的智慧,黄琪轩,上海三联书店,2025-5-31,148元,9.1,25,https://book.douban.com/subject/37324668/
经济,一本书看透股权架构（第2版）,李利威,李利威,机械工业出版社,2025-8-18,9.6,30,https://book.douban.com/subject/37510063/
经济,“错误”的行为,[美] 理查德·塞勒,中信出版社,2018-3-1,69.00,8.3,1855,https://book.douban.com/subject/30128262/
经济,手把手教你读财报2,唐朝,中国经济出版社,2017-1-1,56.00元,8.4,909,https://book.douban.com/subject/26965847/
经济,经济学家到底在想什么,[美] 罗伯特·L.海尔布罗纳,马林梅,同心出版社、北京日报出版社,2024-4,8.5,244,https://book.douban.com/subject/36672935/
经济,华尔街幽灵,[美] 阿瑟·L.辛普森,中国社会科学出版社,2012-8-1,38.00元,7.9,1465,https://book.douban.com/subject/3027457/
经济,复杂经济学,[美] 布莱恩·阿瑟,浙江科学技术出版社,2023-7,99.90元,8.7,64,https://book.douban.com/subject/36453897/
经济,变量8,何帆,新星出版社,2026-1,69,6.4,270,https://book.douban.com/subject/37942089/
经济,Platform Socialism,James Muldoon,Pluto Press,2022-1,£16.99,,10,https://book.douban.com/subject/35685403/
经济,米价,张瑞威,罗畅、万富荣,浙江大学出版社,2026-6,,10,https://book.douban.com/subject/38190142/
经济,经济学（上下册）（第三版）,（美）约瑟夫.E.斯蒂格利茨（Joseph E. Stiglitz）等,中国人民大学出版社,2005-06-01,96.0,8.7,390,https://book.douban.com/subject/1410322/
经济,世界的逻辑,[美]大卫·哈维,中信出版社,2016-12,68.00元,7.6,356,https://book.douban.com/subject/26921231/
经济,雪球基金第一课,中国经济出版社,,中国经济出版社,59.00元,7.7,631,https://book.douban.com/subject/36114086/
经济,鞋狗,[美] 菲尔·奈特,北京联合出版公司,2016-9-1,89.90元,8.3,9317,https://book.douban.com/subject/26860776/
经济,改造传统农业,[美]西奥多·W.舒尔茨,商务印书馆,2022-12,50.00,,10,https://book.douban.com/subject/36209798/
经济,Mathematical Techniques,"Jordan, D. W.","Smith, Peter",Oxford Univ Pr,965.705,,,https://book.douban.com/subject/2865002/
经济,隐性动机,[美] 尤里·格尼茨、[美] 约翰·李斯特,中信出版社,2015-5,49.00元,7.0,582,https://book.douban.com/subject/26388011/
经济,Mathematical Techniques,"Jordan, D. W.","Smith, P.",2008-4,$ 99.38,,,https://book.douban.com/subject/4407785/
经济,魔鬼经济学,[美] 史蒂芬·列维特、[美] 史蒂芬·都伯纳,广东经济出版社,2007-7,32.00元,7.6,10705,https://book.douban.com/subject/1473250/
经济,Freakonomics,Steven D. Levitt、Stephen J. Dubner,William Morrow,2005-5-1,USD 25.95,8.2,1534,https://book.douban.com/subject/1292336/
经济,丁伟锋：期货交易实战技巧,丁伟峰,山西人民出版社,2024-9,98,7.2,13,https://book.douban.com/subject/37056710/
经济,让数字说话,孙含晖(金十七)、王苏颖、阎歌,机械工业出版社,2016-3-4,45.00元,8.7,1882,https://book.douban.com/subject/26746460/
经济,从奇迹到成熟,巴里·艾肯格林、德怀特·H. 铂金斯、申宽浩,人民出版社,2015-8-1,68.00元,6.9,36,https://book.douban.com/subject/26628591/
经济,供应学派革命,[美] 保罗·克雷·罗伯茨,格致出版社,2018-8-1,58,,10,https://book.douban.com/subject/30322132/
经济,全民基本收入,[美] 卡尔·维德奎斯特,浙江人民出版社,2025-11,58.00,,10,https://book.douban.com/subject/37536527/
经济,十年轮回,[马来西亚] 沈联涛,上海三联书店,2020-6-1,98元,8.4,404,https://book.douban.com/subject/35086552/
经济,压力测试,[美] 蒂莫西.F.盖特纳,中信出版社,2015-4-1,58.00元,8.0,483,https://book.douban.com/subject/26327897/
经济,疯狂、惊恐和崩溃,查尔斯·P.金德尔伯格,中国金融出版社,2007-04-01,48.00元,7.5,272,https://book.douban.com/subject/2075831/
经济,非理性繁荣与金融危机,[美]罗伯特·席勒,[美]罗伯特·席勒,中信出版社,2014-1-1,7.7,199,https://book.douban.com/subject/25787211/
经济,索罗斯带你走出金融危机,乔治·索罗斯,机械工业出版社,2008-11,29.00元,7.6,361,https://book.douban.com/subject/3273009/
经济,郎咸平说：谁都逃不掉的金融危机,郎咸平,东方出版社,2008-12,28.00元,7.7,1587,https://book.douban.com/subject/3315483/
经济,疯狂、惊恐和崩溃,查尔斯·P.金德尔伯格、罗伯特·Z.阿利伯、查尔斯.P.金德尔伯格,中国金融出版社,2017-6-1,CNY 55.00,7.8,63,https://book.douban.com/subject/27089540/
经济,国际金融危机,周小川,中国金融出版社,2012-10,69.00元,7.9,72,https://book.douban.com/subject/20279780/
经济,疯狂、惊恐和崩溃,查尔斯·P.金德尔伯格 (Charles P.Kindleberger)、罗伯特·Z.阿利伯 (Robert Z.Aliber),中国金融出版社,2014-8-1,CNY 49.00,7.6,58,https://book.douban.com/subject/26171372/
经济,极速应对,[美]本·伯南克等 编,中信出版集团,2023-12,99.00元,8.4,46,https://book.douban.com/subject/36546341/
经济,信心的博弈,缪延亮,中信出版集团,2023-3-31,98.00元,9.0,152,https://book.douban.com/subject/36204533/
经济,完美风暴,[美] 罗伯特·布鲁纳、肖恩·卡尔,中信出版社,2009,29.00元,8.0,27,https://book.douban.com/subject/3791671/
经济,一本书读懂经济危机周期,乔治·库珀,中信出版社,2010-4,28.00元,7.9,43,https://book.douban.com/subject/4721951/
经济,"美國, 再見?",大前研一,07,30,NT$320,8.5,17,https://book.douban.com/subject/3880572/
经济,低欲望社会,[日] 大前研一,上海译文出版社,2025-8-31,62.00,6.3,15,https://book.douban.com/subject/37448143/
经济,第四次浪潮,[日]大前研一,浙江教育出版社,2025-2,58.00元,5.7,90,https://book.douban.com/subject/37149521/
经济,美国金融危机调查报告,美国金融危机调查委员会,中信出版社,2012-8,116.00元,8.6,29,https://book.douban.com/subject/10566145/
经济,金融危机调查报告,美国金融与经济危机起因调查委员会,社会科学文献出版社,2013-3,188.00元,,12,https://book.douban.com/subject/21636033/
经济,技术交易系统的新概念,威尔斯·威尔德,浙江大学出版社,1997-10-1,30.00,9.1,47,https://book.douban.com/subject/1534187/
经济,Bad Money,Kevin Phillips,Penguin (Non-Classics),2009-03-31,USD 16.00,,,https://book.douban.com/subject/3679677/
经济,熵,Jeremy Rifkin、Ted Howard,上海译文主版社,1987-2,2.05,8.5,55,https://book.douban.com/subject/1917652/
经济,韧性时代,杰里米·里夫金,中信出版社,2022-11,79,7.1,109,https://book.douban.com/subject/36164420/
经济,复利,[美] 高塔姆·拜德,中国青年出版社,2024-8,89.90元,7.9,437,https://book.douban.com/subject/36998491/
经济,Technological Revolutions and Financial Capital,Carlota Perez,Edward Elgar Publishing,2003-04,USD 30.00,8.6,38,https://book.douban.com/subject/2796026/
经济,The Big Con,Mariana Mazzucato、Rosie Collington,Allen Lane,2023-2-23,GBP 20.00,,10,https://book.douban.com/subject/35916529/
经济,The Value of Everything,Mariana Mazzucato,"PublicAffairs,U.S.",2017-6-15,GBP 18.99,,10,https://book.douban.com/subject/30390436/
经济,The Entrepreneurial State,Mariana Mazzucato,Anthem Press,2013-6-10,USD 19.95,7.0,25,https://book.douban.com/subject/20019150/
经济,增长的文化,乔尔·莫基尔（Joel Mokyr）,中国人民大学出版社,2020-1-1,88,8.1,79,https://book.douban.com/subject/34917768/
经济,大崛起,赵燕菁,赵燕菁,中国人民大学出版社,2023-1-1,8.1,602,https://book.douban.com/subject/36167160/
经济,Why Information Grows,Cesar Hidalgo,Basic Books,2015-6-2,GBP 19.99,8.9,38,https://book.douban.com/subject/26314691/
经济,打破常规,[印] 拉古拉迈·拉詹、[印] 罗希特·兰巴,中信出版社,2025-7,88.00元,7.4,25,https://book.douban.com/subject/37403773/
经济,The Art of Spending Money,Morgan Housel,Morgan Housel,Random House US,2025-10,7.0,160,https://book.douban.com/subject/37379930/
经济,写给孩子的金融财商课,[美] 希拉·贝尔,人民邮电出版社,2024-7,158.00元,,49,https://book.douban.com/subject/36919378/
经济,征服市场的人,[美] 格里高利·祖克曼,天津科学技术出版社,2021-2,109,7.7,1249,https://book.douban.com/subject/35350092/
经济,一个农民的亿万传奇,傅海棠,中国经济出版社,2013-4,36.00元,8.7,1381,https://book.douban.com/subject/24385064/
经济,金融怪杰,[美] 杰克·D.施瓦格,机械工业出版社,2015-5-1,59.00,9.0,1127,https://book.douban.com/subject/26376773/
经济,股票大作手回忆录,埃德温•勒菲弗 (Edwin Lefèvre),凤凰出版社,2012-4-1,48.00元,8.8,1666,https://book.douban.com/subject/10617312/
经济,重说工业革命的经济史,[挪]克丽丝廷·布鲁兰(Kristine Bruland)、[荷]何安娜(Anne Gerritsen)、[英]帕特·赫德森(Pat Hudson)、[意]乔治·列洛(Giorgio Riello),中国科学技术出版社,2022-3,88.00元,7.0,36,https://book.douban.com/subject/35914553/
经济,来自地狱的债主,[加] 莫里西奥·德莱希曼、[西] 汉斯-约阿希姆·沃思,上海财经大学出版社,2023-9,76.00元,7.2,17,https://book.douban.com/subject/36620316/
经济,万国争先,[新西兰]马特耶·阿本霍斯(Maartje Abbenhuis)、[加]戈登·莫雷尔(Gordon Morrell),中国科学技术出版社,2022-11,79.00元,7.2,23,https://book.douban.com/subject/36182437/
经济,黑金时代,[美]西恩·帕特里克·亚当斯(Sean Patrick Adams),中国科学技术出版社,2023-3,69.00元,6.8,22,https://book.douban.com/subject/36447074/
经济,最新国家资产负债表到底揭示了什么,中国社会科学出版社,中国社会科学出版社,2015-11-1,CNY 36.00,,10,https://book.douban.com/subject/26765340/
经济,中国国家资产负债表1978-2022,张晓晶,中国社会科学出版社,2024-10,78元,,10,https://book.douban.com/subject/37145023/
经济,一本书讲透出海实战,陈榕榕,机械工业出版社,2025-4-29,79,7.7,26,https://book.douban.com/subject/37336296/
经济,西方经济思想史,（意）荣卡格利亚,上海社会科学院出版社,2009,65.00元,7.4,52,https://book.douban.com/subject/3878655/
经济,The Sovereign Individual,James Dale Davidson、William Rees-Mogg,Free Press,1999-08-26,USD 16.00,8.5,349,https://book.douban.com/subject/1919172/
经济,行为经济学,(美) 尼克·威尔金森、(美) 马赛厄斯·克勒斯,贺京同,中国人民大学出版社,2024-6,,,https://book.douban.com/subject/36900630/
经济,期货市场技术分析,[美]约翰.墨菲,地震出版社,1994-5-1,80.00元,9.1,3165,https://book.douban.com/subject/1089991/
经济,海龟交易法则,柯蒂斯·费思,中信出版社,2007-12,38.00元,8.5,1702,https://book.douban.com/subject/2339892/
经济,激荡十年，水大鱼大,吴晓波,中信出版社,2017-11-1,CNY 58.00,8.3,17084,https://book.douban.com/subject/27179563/
经济,祖鲁法则,吉姆·斯莱特,浙江人民出版社,2013-6,45.90元,7.9,526,https://book.douban.com/subject/24738759/
经济,股市真规则,[美] 帕特·多尔西,中信出版社,2010-1,39.00元,9.0,1706,https://book.douban.com/subject/4137173/
经济,笑傲股市,（美）欧奈尔,机械工业出版社,2010-1-1,58.00元,8.3,1550,https://book.douban.com/subject/4244804/
经济,Peak Human,Johan Norberg,Johan Norberg,Trafalgar Square,2026-2-17,,14,https://book.douban.com/subject/37344331/
经济,股市真规则,[美] 帕特·多尔西,中信出版社,2018-4,65.00元,9.1,1762,https://book.douban.com/subject/30194663/
经济,新人口红利,蔡昉,蔡昉,中信出版社,2025,,10,https://book.douban.com/subject/37235928/
经济,一个践行者视角下的大宗供应链金融,张凯彦,张凯彦,中国科技人文出版社,2024-4-19,,10,https://book.douban.com/subject/37014991/
经济,供应链金融,冉湖;鲁威元;曹石金;李明昌,中国铁道出版社,2023-9,59.80,8.5,41,https://book.douban.com/subject/36551790/
经济,顺势而为：解码中国政治金融逻辑,高华声、林雅恒,中国现代出版社,2025-12,80.00,,10,https://book.douban.com/subject/38215630/
经济,货币新秩序 稳定币如何重塑全球金融体系与财富逻辑（海闻倾力推荐，看懂稳定币，看懂未来金融与财富格局）,杜雨,,杜雨,浙江大学出版社,,10,https://book.douban.com/subject/38232517/
经济,股币融合：RWA与DAT重塑下一代资本市场,于佳宁、张华晨、汪弘彬,中信出版集团,2025-12,79,,10,https://book.douban.com/subject/37889928/
经济,锚定中国,龙白滔,东方出版社,2025-5-1,98.00,8.1,25,https://book.douban.com/subject/37331048/
经济,两次全球大危机的比较研究,刘鹤(主编),中国经济出版社,2013-2,65.00元,8.4,3077,https://book.douban.com/subject/21964791/
经济,增长是如何发生的,(美) 迈克尔·贝斯特,中国人民大学出版社,2025-10,89.00元,,10,https://book.douban.com/subject/36511585/
经济,虚拟资本,【法】塞德里克•迪朗（Cédric Durand）,中国人民大学出版社,2024-9,69.00元,7.2,37,https://book.douban.com/subject/37056711/
经济,供应链攻防战,林雪萍,中信出版集团,2023-12-5,88.00元,8.3,625,https://book.douban.com/subject/36644735/
经济,资本主义,[美]安瓦尔∙谢克,中信出版集团,2021-1,256,9.0,136,https://book.douban.com/subject/35309022/
经济,经济学原理（上）,曼昆,生活·读书·新知三联书店,1999年2月,44.00元,9.0,142,https://book.douban.com/subject/1016853/
经济,价值投资3.0,[美] 亚当·西塞尔,中信出版社,2024-1,88.00元,7.9,255,https://book.douban.com/subject/36697145/
经济,财务是个真实的谎言,钟文庆,机械工业出版社,2013-7,30.00元,7.6,314,https://book.douban.com/subject/24846270/
经济,袁宝华回忆录,袁宝华,中国人民大学出版社,2018-5-1,88.00元,7.7,32,https://book.douban.com/subject/30256356/
经济,战胜一切市场的人,[美] 爱德华·O·索普,中信出版社,2019-4-1,98.00元,8.2,1820,https://book.douban.com/subject/33406377/
经济,县乡中国,杨华,中国人民大学出版社,2022-4,69.00元,8.0,3068,https://book.douban.com/subject/35886397/
经济,石油央行,[沙特阿拉伯]艾哈迈德·巴纳菲、[英]罗里·麦克劳德,中信出版集团,2024-12,79.00元,8.5,25,https://book.douban.com/subject/37112906/
经济,大国产业链,中金公司研究部,中金公司研究部,中信出版社,2023-3-1,7.0,72,https://book.douban.com/subject/36336688/
经济,土地问题,考茨基,北京三联,1955,2.04元,9.4,31,https://book.douban.com/subject/4941587/
经济,日俄战争至抗战胜利期间东北的工业问题,孔经纬,孔经纬,辽宁人民出版社,1958-1,,,https://book.douban.com/subject/30277446/
经济,近代中国工业发展史（1860—1916）,张玉法,广西师范大学出版社,2026-3,79.00,8.4,17,https://book.douban.com/subject/38245763/
经济,宪政经济学,布坎南、布伦南,中国社会科学出版社,2004,38.0,8.1,121,https://book.douban.com/subject/1169318/
经济,The Bubble That Never Popped,"Koncerak, Veronica",Authorhouse,2010,$ 12.98,8.2,29,https://book.douban.com/subject/10144258/
经济,7-14世纪中国与西欧城市经济发展路径比较研究/云南大学史学丛书,,,,,,,https://book.douban.com/subject/37818050/
经济,人口大逆转,查尔斯·古德哈特（Charles Goodhart）、马诺杰·普拉丹(Manoj Pradhan),中信出版集团,2021-8,79,7.6,1057,https://book.douban.com/subject/35555636/
经济,张亚勤,刘世英,中信出版社,2010-11,36.00元,7.3,268,https://book.douban.com/subject/5285339/
经济,刷新,[美] 萨提亚·纳德拉,中信出版社,2018-1,58.00元,7.5,3635,https://book.douban.com/subject/27614523/
经济,超級貨幣投資地圖,朴鍾漢,葛瑞絲,方舟文化,520,,10,https://book.douban.com/subject/37332828/
经济,科学发现的逻辑,卡尔·波普尔,中国美术学院出版社,2008-1-1,60.00元,8.6,486,https://book.douban.com/subject/3349509/
经济,统计热点问题解读,,,,,,,https://book.douban.com/subject/37103990/
经济,房企破产清算与重整18招,法律出版社,,,,,10,https://book.douban.com/subject/35612407/
经济,误区,郎咸平,东方出版社,2006-11,35.00元,7.9,83,https://book.douban.com/subject/1924610/
经济,统计学的世界 (第8版),[美] 戴维·穆尔、[美] 威廉·诺茨,中信出版社,2017-10-1,148.00元,8.7,470,https://book.douban.com/subject/27004827/
经济,中国政府统计数据质量管理问题研究,曾五一,社会科学文献出版社,2016-3-1,118.00元,,10,https://book.douban.com/subject/27198099/
经济,股票大作手操盘术(珍藏版),杰西•利弗莫尔、理查德•斯密特,人民邮电出版社,2013-9,45.00,8.9,544,https://book.douban.com/subject/26286602/
经济,为自己工作,威尔王,,威尔王,中国友谊出版公司,,54,https://book.douban.com/subject/38239380/
经济,股市逻辑思维：势、道、术,许玉道,清华大学出版社,2023-1,99.8,,10,https://book.douban.com/subject/36207223/
经济,变与不变——数字金融的势·道·术,清华大学出版社,,,,,10,https://book.douban.com/subject/35531785/
经济,马匹与文明的缔造,[美]戴维·查费茨,中信出版集团,2026-1-5,88.00元,7.9,61,https://book.douban.com/subject/37381105/
经济,我想重新解释历史,吴思,复旦大学出版社,2011-7,28.00元,7.5,1034,https://book.douban.com/subject/6729761/
经济,The Greatest Trade Ever,Gregory Zuckerman,Broadway Books,2009-11-3,USD 26.00,8.5,95,https://book.douban.com/subject/4131930/
经济,全球化逆潮,[美] 約瑟夫·斯蒂格利茨,机械工业出版社,2019-5,79.00,6.9,175,https://book.douban.com/subject/33446853/
经济,模仿欲望,[美]柏柳康,中信出版社,2023-4-1,79.00,7.3,582,https://book.douban.com/subject/36246334/
经济,休克主义,[加拿大] 娜奥米·克莱恩(Naomi Klein),广西师范大学出版社,2010-01-01,69.00,8.0,569,https://book.douban.com/subject/4218691/
经济,香港股史,郑宏泰,东方出版中心,2007-1,50.00元,7.9,206,https://book.douban.com/subject/1965143/
经济,The Data Economy,Isaac Baley、Laura L. Veldkamp,Princeton University Press,2025-1-14,USD 60.00,,10,https://book.douban.com/subject/37254632/
经济,The Economics of Sovereign Debt and Default,Mark Aguiar、Manuel Amador,Mark Aguiar、Manuel Amador,Princeton University Press,2021,,10,https://book.douban.com/subject/36656366/
经济,一路向前,[美] 霍华德·舒尔茨、[美] 乔安·戈登,中信出版社,2011-4-1,45.00,7.7,1840,https://book.douban.com/subject/6078123/
经济,无人公司,李智勇,人民邮电出版社,2025-5,69.80,7.0,65,https://book.douban.com/subject/37311715/
经济,资本主义的本质,杰弗里·霍奇森（Geoffrey M. Hodgson）、Geoffrey M. Hodgson,格致出版社,2019-5,89.00,8.5,35,https://book.douban.com/subject/33451084/
经济,重构大格局,刘汉元、刘建生,中国言实出版社,2017-9,68,5.1,13,https://book.douban.com/subject/30436521/
经济,钱商,[美] 伊利亚·斯特雷布拉耶夫、[美] 亚历克斯·邓,中信出版集团,2024-12,69.00元,7.9,104,https://book.douban.com/subject/37147306/
经济,二十一世紀資本論,Thomas Piketty 托瑪．皮凱提,衛城,2014-11,NT$670,8.3,130,https://book.douban.com/subject/26012652/
经济,土地,[英]西蒙·温切斯特,中信出版集团,2026-3,68,,10,https://book.douban.com/subject/37415383/
经济,柏基投资之道,李正、韩圣海,浙江教育出版社,2025-11-1,109.90元,6.6,196,https://book.douban.com/subject/37805551/
经济,平台经济学：概念与战略,［比］保罗·贝拉弗雷姆、［德］马丁·佩泽,格致出版社,2025-8,98.00元,,11,https://book.douban.com/subject/37477190/
经济,大萧条前夜的繁荣与疯狂,[英] 比尔·布莱森,江苏凤凰文艺出版社,2021-10-31,69.90元,7.2,407,https://book.douban.com/subject/35623795/
经济,投资最重要的事,[美] 霍华德·马克斯 Howard Marks,中信出版社,2012-7,58.00元,8.8,8042,https://book.douban.com/subject/10799082/
经济,上市公司公告解读25讲,深圳证券交易所投资者教育中心,机械工业出版社,2011-7,36.00元,8.6,149,https://book.douban.com/subject/6711979/
经济,雇佣劳动与资本,[德] 卡尔·马克思,人民出版社,2019-2-1,20.00元,9.7,1151,https://book.douban.com/subject/27202466/
经济,斯多葛生活哲学,[瑞士]乔纳斯·萨尔茨格伯,台海出版社,2022-8,42.00,7.8,480,https://book.douban.com/subject/36028579/
经济,明代《万历会计录》整理与研究,万明 徐英凯  著、万明、徐英凯,中国社会科学出版社,2015-11,598.0,8.5,38,https://book.douban.com/subject/26680144/
经济,让财富找到你,温义飞,民主与建设出版社,2022-11,68.00,7.0,116,https://book.douban.com/subject/36180225/
经济,局限,苏小和,中国发展出版社,2007.6,39.00元,8.4,20,https://book.douban.com/subject/2127620/
经济,经济社会的成立：17-18世纪,[日] 速水融、宫本又郎 编,生活·读书·新知三联书店,1997-11,30.00元,9.2,44,https://book.douban.com/subject/1055379/
经济,Banking on Words,Arjun Appadurai,University Of Chicago Press,2015-11-19,USD 22.50,,10,https://book.douban.com/subject/26693963/
经济,米塞斯回忆录,[奥地利]路德维希·冯·米塞斯,上海社会科学院出版社,2015-9-1,38.00元,8.6,314,https://book.douban.com/subject/26584055/
经济,改革的地雷阵：下岗与失业,张左伟,张左伟,珠海出版社,1998-10,,10,https://book.douban.com/subject/35864196/
经济,改革的逻辑 (修订版),周其仁,中信出版社,2017-10-1,58.00元,8.7,563,https://book.douban.com/subject/27182266/
经济,历史的终结与最后的人,[美] 弗朗西斯·福山,广西师范大学出版社,2014-9,78.00元,8.3,5849,https://book.douban.com/subject/25908550/
经济,低利率时代的财政政策,[法]奥利维尔·布兰查德、奥利维尔·布兰查德,张文婷 译、刘天琦 校译,中信出版集团,2024-10,8.3,73,https://book.douban.com/subject/37032818/
经济,食物绝境/绿色发展通识丛书,尼古拉·于洛、法国生态监督委员会、卡丽娜·卢·马蒂尼翁,中国文联出版社,2017-12-1,CNY 48.00,,10,https://book.douban.com/subject/30345293/
经济,还原真实的美联储,王健,浙江大学出版社,2013-11-10,38.00,8.4,1644,https://book.douban.com/subject/25751995/
经济,投资学精要（第11版）,兹维·博迪、亚历克斯·凯恩、艾伦·J·马科斯,兹维·博迪、亚历克斯·凯恩、艾伦·J·马科斯,中国人民大学出版社,2021-10,9.3,25,https://book.douban.com/subject/35676281/
经济,西洋税制在近代中国的发展,林美莉,上海社会科学院出版社,2020-4,45.00元,8.7,17,https://book.douban.com/subject/30309799/
经济,《微观经济学》原书第9版,【美】罗宾·巴德 （Robin Bade）、【英】迈克尔·帕金（ Michael Parkin）,人民邮电出版社,2025-1-1,109,,10,https://book.douban.com/subject/37250210/
经济,《宏观经济学》原书第9版,【美】罗宾·巴德 （Robin Bade）、【英】迈克尔·帕金（ Michael Parkin）,刘红梅、王彦茹,人民邮电出版社,89,,10,https://book.douban.com/subject/37250211/
经济,欧美经济群雄逐鹿300年,王东京 著,中国财政经济出版社,2025-6-1,68.00元,7.0,145,https://book.douban.com/subject/37396931/
经济,Markets and Bodies,Eileen Otis,Stanford University Press,2011-12-7,USD 24.95,8.2,17,https://book.douban.com/subject/6830354/
经济,竞争优势,[美] 布鲁斯·格林沃尔德、[美] 贾德·卡恩,机械工业出版社,2024-4,99.00元,8.8,70,https://book.douban.com/subject/36867730/
经济,企业家神话,[法]安东尼·加卢佐,北京联合出版公司,2026-3,69.80元,8.8,26,https://book.douban.com/subject/37835727/
经济,商业三性,唐永明,广东经济出版社,2024-11,88.00元,6.0,14,https://book.douban.com/subject/37100475/
经济,资本回报,[英] 爱德华·钱塞勒,中国金融出版社,2017-5-1,58.00元,8.7,1342,https://book.douban.com/subject/27088810/
经济,黑天鹅,[美]纳西姆·尼古拉斯·塔勒布,中信出版社,2019-5,69.00元,7.7,1377,https://book.douban.com/subject/30422558/
经济,美国的故事(共7册),毕蓝,毕蓝,九州出版社,2018-2-1,9.1,1427,https://book.douban.com/subject/27665420/
经济,狼與辛香料 (22),作者：支倉凍砂、插畫：文倉十,台灣角川,2020-12-17,NT$250,,10,https://book.douban.com/subject/35347217/
经济,价值与资本,[英] 希克斯,商务印书馆,1962-01-01,29.00元,8.5,47,https://book.douban.com/subject/2137819/
经济,论经济不平等（增订版）,阿马蒂亚•森、詹姆斯•福斯特,中国人民大学出版社,2015-11,48.00元,7.9,26,https://book.douban.com/subject/26646190/
经济,集体选择与社会福利,阿马蒂亚·森,上海科学技术出版社,2004-1,32.00元,9.1,25,https://book.douban.com/subject/1159822/
经济,以自由看待发展,阿马蒂亚·森,中国人民大学出版社,2013-1,55.00元,8.8,223,https://book.douban.com/subject/20510049/
经济,权力与繁荣,[美] 曼瑟·奥尔森,上海人民出版社,2005-4,22.00元,8.7,848,https://book.douban.com/subject/1315182/
经济,开放社会,[美] 乔治·索罗斯,商务印书馆,2001-8,25.00元,8.2,224,https://book.douban.com/subject/1019877/
经济,全球资本主义危机,乔治 索罗斯、George Soros,联经出版事业公司,1998.12,280新台币,8.9,25,https://book.douban.com/subject/2258895/
经济,宏大细节,常宇,上海人民出版社,2025-9,65.00元,8.3,209,https://book.douban.com/subject/37651065/
经济,货币秩序,王越,中国文史出版社,2010-2,22.00元,,10,https://book.douban.com/subject/4279133/
经济,極端政治的誕生,馬克．海瑟林頓、強納森．偉勒,有方文化,2019-8-27,NTD 380,,13,https://book.douban.com/subject/34793376/
经济,成事在天,[美] 纳西穆·N. 塔勒波,中国经济出版社,2002-8,20.00元,8.7,274,https://book.douban.com/subject/1124536/
经济,泡沫/通缩时期的日本经济与经济政策,[日本]内阁府经济社会综合研究所,[日本]内阁府经济社会综合研究所,中国人民银行上海总部,2023,8.6,26,https://book.douban.com/subject/36809332/
经济,终结美联储,[美] 罗恩•保罗、罗恩·保罗,中国人民大学出版社,2010-9-1,39.80元,7.9,107,https://book.douban.com/subject/5300094/
经济,大分流,[美]彭慕兰,北京日报出版社,2021-4-29,88.00元,7.3,552,https://book.douban.com/subject/35291696/
经济,美国货币史 1867—1960,[美] 米尔顿·弗里德曼等、[美] 安娜·J.施瓦茨,北京大学出版社,2009-1,78.00元,8.8,868,https://book.douban.com/subject/3427304/
经济,新伦巴底街,佩里·梅林 (Perry Mehrling),格致出版社,2011-8-1,29.00元,6.9,53,https://book.douban.com/subject/6745120/
经济,资本主义的代价,罗伯特·巴伯拉,中国人民大学出版社,2010.01,32.00元,7.8,44,https://book.douban.com/subject/4255398/
经济,从多元到新古典霸权,张林,商务印书馆,2021-11,49.00,,10,https://book.douban.com/subject/35682902/
经济,现代货币理论在中国,贾根良 等,中国人民大学出版社,2023-8-15,79元,8.4,67,https://book.douban.com/subject/36533214/
经济,投入产出分析：理论、方法与数据,夏明 张红霞 编著,中国人民大学出版社,2019-4,65元,8.6,11,https://book.douban.com/subject/33450686/
经济,新货币政策框架下的利率传导机制,马骏、纪敏,中国金融出版社,2016-4,68元,7.7,39,https://book.douban.com/subject/26791918/
经济,多重约束下的货币政策传导机制,张晓慧,中国金融出版社,2020-12,78.00元,8.4,102,https://book.douban.com/subject/35311183/
经济,金融的本质,[美] 伯南克,中信出版社,2014-4,58.00,8.2,1541,https://book.douban.com/subject/25843334/
经济,灭火,[美] 本·伯南克、[美] 蒂莫西·盖特纳、[美] 亨利·保尔森,中信出版集团,2019-12,62.00元,7.7,423,https://book.douban.com/subject/34873196/
经济,剑桥美国经济史（第三卷）,[美]斯坦利·L.恩格尔曼、[美]罗伯特·E.高尔曼,中国人民大学出版社,2018-5,168.00,,11,https://book.douban.com/subject/30294287/
经济,剑桥美国经济史（第二卷）,斯坦利·L.恩格尔曼、罗伯特·E.高尔曼,中国人民大学出版社,2018-5,148.00,7.8,10,https://book.douban.com/subject/30294285/
经济,剑桥美国经济史（第一卷）,斯坦利• L. 恩格尔曼（Stanley L. Engerman） 主编、罗伯特•E. 高尔曼（Robert E. Gallman）主编,中国人民大学出版社,2018-5-31,85.00元,,10,https://book.douban.com/subject/30251662/
经济,美元陷阱,[美] 埃斯瓦尔·S. 普拉萨德,中国科学技术出版社,2022-5,98.00元,8.3,181,https://book.douban.com/subject/35985378/
经济,美联储传：一部现代金融史,[美]G.爱德华·格里芬,中信出版社,2017-8-20,98.00元,7.5,139,https://book.douban.com/subject/27072779/
经济,美国货币史 : 1867-1960,[美] 米尔顿·弗里德曼、[美] 安娜·J·施瓦茨,北京大学出版社,2021-6-21,138.00元,7.7,36,https://book.douban.com/subject/35255479/
经济,制度经济学的演化,霍奇逊、Geoffrey M. Hodgson,北京大学出版社,2012-1,79.00元,8.9,33,https://book.douban.com/subject/10455955/
经济,趣谈IPO:轻松愉快懂上市,江乐飞,中国金融出版社,2024-12-15,59,,10,https://book.douban.com/subject/37204897/
经济,美国征信史,[美] 乔希·劳尔,中国金融出版社,2024-7,98.00元,,10,https://book.douban.com/subject/36975707/
经济,AI、通胀与武器,海闻 主编、巴曙松 副主编、刘柏霄 副主编,北京大学出版社,2026-1,56,,10,https://book.douban.com/subject/37442764/
经济,2030年的中国,世界银行、国务院发展研究中心,中国财政经济出版社,2013-3,120.00元,7.8,22,https://book.douban.com/subject/23860399/
经济,合作的进化,[美] 罗伯特·阿克塞尔罗德,上海人民出版社,2016-12,35.00元,8.4,1065,https://book.douban.com/subject/26901444/
经济,傳染力法則,亞當‧庫查司基（Adam Kucharski）,高子璽,行路,2020-11,,10,https://book.douban.com/subject/35236031/
经济,风投的选择,[印] Tarang Shah、[印] Sheetal Shah,人民邮电出版社,2013-8,69.00,6.8,37,https://book.douban.com/subject/24872734/
经济,百万富翁快车道,[美] MJ·德马科,中信出版社,2017-5,69.00元,8.1,3495,https://book.douban.com/subject/27041645/
经济,赢得输家的游戏 (原书第6版),[美] 查尔斯·埃利斯,机械工业出版社,2014-10,45.00元,7.7,164,https://book.douban.com/subject/26022812/
经济,投資終極戰,查爾斯．艾利斯,大牌出版,2018-7-11,399元,,10,https://book.douban.com/subject/30456818/
经济,资本新时代,孔小龙,中信出版社,2022-9,78,6.8,31,https://book.douban.com/subject/36083092/
经济,信用评分工具,雷蒙·安德森,中国金融出版社,2017-8,169.00元,7.5,593,https://book.douban.com/subject/27160236/
经济,货币数量、利率调控与政策转型,伍戈、李斌,中国金融出版社,2016-1-29,CNY 69.00,8.9,262,https://book.douban.com/subject/26756689/
经济,中央银行与货币供给,盛松成、翟春,中国金融出版社,2016-8-1,58.00元,8.4,195,https://book.douban.com/subject/26383233/
经济,估值建模,诚迅金融培训公司实用投融资分析师认证考试教材编写组,中国金融出版社,2011-6,82.00元,9.0,275,https://book.douban.com/subject/6717799/
经济,大行蝶变,潘功胜,中国金融出版社,2012-3,68.00元,7.5,97,https://book.douban.com/subject/10742307/
经济,中国大陆首富荣智健,陈冠任,中央编译出版社,2006-4,29.80元,5.8,14,https://book.douban.com/subject/1312430/
经济,Red Capitalism in South China,George C. Lin,UBC Press,2002-5-1,USD 96.00,,10,https://book.douban.com/subject/4318369/
经济,中国大型商业银行股改史（下卷）,姜建清(主编)、詹向阳(副主编),中国金融出版社,2019-4,90.00元,,10,https://book.douban.com/subject/37384561/
经济,金融笔记,杨凯生,人民出版社,2016-10,56.00元,8.1,120,https://book.douban.com/subject/26905246/
经济,中国大型商业银行股改史（上卷）,姜建清(主编)、詹向阳(副主编),中国金融出版社,2019-1,218,9.2,79,https://book.douban.com/subject/30485775/
经济,成本冲击、通胀容忍度与宏观政策,伍戈、李斌,伍戈、李斌,中国金融出版社,2013-6-1,8.1,95,https://book.douban.com/subject/25736115/
经济,债务杠杆、供求循环与货币的作用,李斌、伍戈,中国金融出版社,2022-4,78元,8.3,87,https://book.douban.com/subject/35871872/
经济,证券市场基础知识,中国金融出版社,中国金融出版社,2012-6-1,42.00元,6.8,369,https://book.douban.com/subject/10827534/
经济,领导干部金融知识读本(第三版),戴相龙　主编,中国金融出版社,2014-12-1,59,8.2,57,https://book.douban.com/subject/26376966/
经济,伦巴第街,白芝浩,商务印书馆,2017-2,24.00,7.9,105,https://book.douban.com/subject/27018092/
经济,中国货币政策,张晓慧,中国金融出版社,2012-7,56.00,8.7,41,https://book.douban.com/subject/23780849/
经济,证券知识读本,周正庆,中国金融出版社,2006-3-1,50.00元,7.9,117,https://book.douban.com/subject/1819370/
经济,突破,刘鸿儒,中国金融出版社,2008-12,98.00元,8.4,36,https://book.douban.com/subject/3423284/
经济,富国论,汪康懋,中国金融出版社,2003年6月1日,25元,8.1,64,https://book.douban.com/subject/1134768/
经济,花旗银行,[美]哈罗德·文·,中国金融出版社,2005-11,60.00元,8.1,41,https://book.douban.com/subject/1451025/
经济,洋行之王,刘诗平,中信出版社,2010-11,49.00元,7.6,70,https://book.douban.com/subject/5359802/
经济,摩根财团,罗恩·彻诺,中国财政经济出版社,2003-9,168.00元,8.8,331,https://book.douban.com/subject/1166000/
经济,国家开发银行史(1994-2012),本社,本社,中国金融出版社,2013-5,9.4,17,https://book.douban.com/subject/25660783/
经济,从此岸到彼岸,缪延亮,缪延亮,中国金融出版社,2019-10,8.2,34,https://book.douban.com/subject/34898633/
经济,深度支付,陆强华、杨志宁,陆强华、杨志宁,中国金融出版社,2018-11-13,8.8,75,https://book.douban.com/subject/30411023/
经济,宏观经济、利率趋势与资产配置,李超,中国金融出版社,2018-8,48,7.9,86,https://book.douban.com/subject/30332772/
经济,美国真相,[美] 約瑟夫·斯蒂格利茨,机械工业出版社,2020-6-15,69元,7.4,765,https://book.douban.com/subject/35084340/
经济,中国经济2040,梁国勇,中国人民大学出版社,2017-1,79.00,7.1,27,https://book.douban.com/subject/26919730/
经济,喧嚣的九十年代,约瑟夫.斯蒂格利茨（Joseph E. Stiglitz）、[美国] 约瑟夫·斯蒂格利茨,中国金融出版社,2005-1,48.50元,8.4,109,https://book.douban.com/subject/1224613/
经济,东亚奇迹的反思,约瑟夫·E·斯蒂格利茨、[美国] 约瑟夫·斯蒂格利茨,中国人民大学出版社,2013-1,68.00元,7.6,65,https://book.douban.com/subject/21325142/
经济,巨大的鸿沟（重译版）,[美] 约瑟夫·斯蒂格利茨,黄菊、杨睿,机械工业出版社,2024-4,,10,https://book.douban.com/subject/36791200/
经济,农民和城市居民：税负和经济发展的负担,[美]拉吉•萨 约瑟夫•斯蒂格利茨 著,上海人民出版社,2017-8,68,7.8,15,https://book.douban.com/subject/27140181/
经济,公共部门经济学（上下册）,约瑟夫·E·斯蒂格利茨、[美国] 约瑟夫·斯蒂格利茨,中国人民大学出版社,2013-1,88.00元,8.9,22,https://book.douban.com/subject/21325144/
经济,金融危机的教训,奥利维尔·布兰查德、戴维·罗默、丹尼•罗德里克、[美国] 罗伯特·索洛、[美国] 约瑟夫·斯蒂格利茨,浙江大学出版社,2013-10,52.00,7.9,13,https://book.douban.com/subject/25752070/
经济,自由市场的坠落,[美] 约瑟夫E.斯蒂格利茨、[美国] 约瑟夫·斯蒂格利茨,机械工业出版社,2017-1,69.00,7.6,18,https://book.douban.com/subject/26951855/
经济,对我们生活的误测,[美] 约瑟夫·E.斯蒂格利茨、[印] 阿马蒂亚·森、[法] 让-保罗·菲图西、[美国] 约瑟夫·斯蒂格利茨,新华出版社,2014-3-1,38.00,,10,https://book.douban.com/subject/25851461/
经济,中国未来十年的改革之路,吴敬琏、周小川、楼继伟等,译林出版社,2013-11,36,7.9,33,https://book.douban.com/subject/25755880/
经济,失落的世界,郭建龙,当代中国出版社,2023-4,88,8.0,884,https://book.douban.com/subject/36303750/
经济,人生宜保,聂方义,中国金融出版社,2015-1-1,58元,7.0,56,https://book.douban.com/subject/26627985/
经济,美国金融史（第一卷）,[美]杰瑞·马克汉姆,中国金融出版社,2017-8,96.00元,7.0,27,https://book.douban.com/subject/27120149/
经济,失宠的美元本位制,罗纳德·麦金农,李远芳 ，卢瑾 ，陈思翀,中国金融出版社,2013-6-1,8.1,23,https://book.douban.com/subject/25664921/
经济,构建货币政策和宏观审慎政策双支柱调控框架,李波,中国金融出版社,2018-1,97,8.6,33,https://book.douban.com/subject/30154943/
经济,金融基础设施、科技创新与政策响应,杨燕青、周徐,中国金融出版社,2019-10,36,9.3,28,https://book.douban.com/subject/34886902/
经济,联储岁月,劳伦斯·H.梅耶,中国金融出版社,2005-4,36.00元,8.3,47,https://book.douban.com/subject/1312213/
经济,美元本位下的汇率,[美] 罗纳德·I.麦金农,中国金融出版社,2005-5,35.00元,8.1,29,https://book.douban.com/subject/1312222/
经济,博弈与平衡,施金晶,施金晶,中国金融出版社,2015-11,9.2,21,https://book.douban.com/subject/26703772/
经济,解构城投,徐嘉,中国金融出版社,2022-11-29,96.00元,7.5,43,https://book.douban.com/subject/36216266/
经济,中国资本市场发展报告,中国证券监督管理委员会 编,中国金融出版社,2008-2,45.00元,8.2,47,https://book.douban.com/subject/3016598/
经济,债务的边界,《债务的边界》课题组 著,中国金融出版社,2020-4,51.30元,8.3,42,https://book.douban.com/subject/35076823/
经济,风险管理与巴塞尔协议十八讲,杨军,中国金融出版社,2013-12-1,58.00元,8.7,21,https://book.douban.com/subject/25826417/
经济,金融科技时代的地方金融监管,孙国峰,中国金融出版社,2019-4,45.00元,8.1,18,https://book.douban.com/subject/33428414/
经济,花旗银行在华掠夺纪实,颜品忠 编,新世界出版社,2004-2,24.00元,,12,https://book.douban.com/subject/1147981/
经济,日本“泡沫经济”与金融改革,奥村洋彦,中国金融出版社,2000-09,26.00,,11,https://book.douban.com/subject/1034385/
经济,从宏观经济到金融市场,王蕾,中国金融出版社,2017-3,49,7.4,15,https://book.douban.com/subject/27154047/
经济,世界保险史话,中国金融出版社,中国金融出版社,2020-6,46.00元,6.9,39,https://book.douban.com/subject/35171488/
经济,道德与市场,[美]维维安娜·泽利泽、薇薇安娜·泽利泽,华东师范大学出版社,2019-6,55.00元,8.3,419,https://book.douban.com/subject/33398711/
经济,瞬间启动财富,〔新加坡〕罗杰·汉密尔顿,北京时代华文书局,2014-3,32.00元,8.2,31,https://book.douban.com/subject/25895996/
经济,组织行为学(第16版),斯蒂芬·罗宾斯、蒂莫西·贾奇,中国人民大学出版社,2016-12-1,78元,8.9,757,https://book.douban.com/subject/27065675/
经济,思考致富,拿破仑・希尔、拿破仑·希尔,中信出版社,2003-01,21.00,7.7,1542,https://book.douban.com/subject/1021977/
经济,看不见的女性,卡罗琳·克里亚多·佩雷斯,新星出版社,2022-8,69.00元,9.2,23266,https://book.douban.com/subject/35942057/
经济,汇丰帝国,刘诗平,中信出版社,2010-8,49.00元,6.6,129,https://book.douban.com/subject/4887022/
经济,How China Works,Xiaohuan Lan（兰小欢）,Gary Topp,Palgrave Macmillan,2024-3-16,,10,https://book.douban.com/subject/36839358/
经济,The Chinese Economy (2/e),Barry J. Naughton,The MIT Press,2018-2-16,USD 40.00,9.3,33,https://book.douban.com/subject/27149343/
经济,大崩溃,[美] 邓肯·马文,中信出版社,2025-10,79.00元,7.7,67,https://book.douban.com/subject/37399748/
经济,汉代农业,许倬云,江苏人民出版社,2012-1,20.00元,8.2,219,https://book.douban.com/subject/6978054/
经济,国家的知识资本,[美]埃里克·哈努谢克（Eric. A Hanushek）、[德]卢德格尔·沃斯曼因（Ludger Woessmann）,中信出版社,2017-8,58.00元,8.0,27,https://book.douban.com/subject/27104103/
经济,匹配,埃尔文·E.罗斯,中信出版集团,2025-10,79,6.9,87,https://book.douban.com/subject/37660048/
经济,有钱人和你想的不一样,[美]哈维·艾克（T.Harv Eker）,湖南文艺出版社,2026-1,49.80元,,10,https://book.douban.com/subject/38226186/
经济,"The Power of the Machine: Global Inequalities of Economy, Technology, and Environment",Alf Hornborg、阿尔夫·霍恩伯格,Alf Hornborg、阿尔夫·霍恩伯格,2001-10,$ 39.49,,10,https://book.douban.com/subject/5288305/
经济,大萧条时期的中国,【日】城山智子,江苏人民出版社,2021-10-1,78.00元,8.2,270,https://book.douban.com/subject/35638374/
经济,The Bitcoin Standard,Saifedean Ammous,Wiley,2018-2-20,USD 29.95,8.3,92,https://book.douban.com/subject/27591965/
经济,暢玩一人公司,于為暢,遠流出版事業股份有限公司,2020-5-27,NT$380,,10,https://book.douban.com/subject/35412023/
经济,稀缺,塞德希尔·穆来纳森、埃尔德·沙菲尔,浙江人民出版社,2014-11,56.90元,7.5,11258,https://book.douban.com/subject/26178426/
经济,改革开放口述史,欧阳淞、高永中,中国人民大学出版社,2018-11,98.00元,8.7,149,https://book.douban.com/subject/30407524/
经济,激荡三十年（上）,吴晓波,中信出版社、浙江人民出版社,2007-1,35.00,8.8,33802,https://book.douban.com/subject/1970428/
经济,激荡三十年（下）,吴晓波,中信出版社、浙江人民出版社,2008-1,42.00,8.8,18762,https://book.douban.com/subject/2380307/
经济,遥远的救世主,豆豆,作家出版社,2025-10,60.00元,8.3,281,https://book.douban.com/subject/37652274/
经济,毫无意义的工作,大卫·格雷伯,中信出版社,2022-7,79.00元,7.6,11211,https://book.douban.com/subject/35929434/
经济,副业思维,张丹茹（Angie）,中信出版集团,2020-6,49.00元,6.3,76,https://book.douban.com/subject/35089513/
经济,可控性混乱,,,,,,10,https://book.douban.com/subject/37114184/
经济,黄金理财第一课,任泰来,人民邮电出版社,2026-2,59.8,9.0,46,https://book.douban.com/subject/38228894/
经济,AI时代的工作,[美] 戴维·奥托、[美] 戴维·明德尔、[美] 伊丽莎白·雷诺兹,向晶,中信出版集团,2025-5,4.9,36,https://book.douban.com/subject/37323112/
经济,深入与反思,张江华、沈关宝,社会科学文献出版社,2016-3-24,CNY 79.00,,10,https://book.douban.com/subject/26797947/
经济,中国人的性格,明恩溥,江苏凤凰文艺出版社,2018-1,39.00元,8.9,475,https://book.douban.com/subject/30180465/
经济,四处贩卖的贸易保护主义,[美] 道格拉斯·A.欧文,上海财经大学出版社,2022-11,59.00元,,10,https://book.douban.com/subject/36155531/
经济,机械交易系统,威斯曼,广东经济出版社,2007-5,38.00元,7.9,165,https://book.douban.com/subject/2077671/
经济,金融狂热简史,[加] 约翰·肯尼思·加尔布雷思,中国青年出版社,2022-3-1,49.90元,7.3,165,https://book.douban.com/subject/35876042/
经济,万亿指数,[挪] 罗宾·威格斯沃思,中信出版集团,2024-3,88.00元,7.5,202,https://book.douban.com/subject/36782886/
经济,战胜市场,[美] 吉姆·罗杰斯,韩涛,机械工业出版社,2023-9,7.1,87,https://book.douban.com/subject/36647538/
经济,通产省与日本奇迹,查默斯·约翰逊,吉林出版集团,2010-6-1,42.00元,8.3,267,https://book.douban.com/subject/4860587/
经济,统计学图鉴,[日] 栗原伸一、[日] 丸山敦史,图灵丨人民邮电出版社,2021-10-29,69.80元,8.1,90,https://book.douban.com/subject/35651108/
经济,Boom,Byrne Hobart、Tobias Huber,Stripe Press,2024-11-19,USD 26.35,,16,https://book.douban.com/subject/37112311/
经济,资本主义现实主义,[英]马克·费舍,南京大学出版社,2024-3-3,68.00,7.7,1644,https://book.douban.com/subject/36615454/
经济,民国商人,傅国涌,中国友谊出版公司,2016-8-1,CNY 45.00,8.1,83,https://book.douban.com/subject/26876047/
经济,《就业、利息和货币通论》导读,高鸿业,中国人民大学出版社,2018-10-1,48.00元,8.9,57,https://book.douban.com/subject/30917220/
经济,风和投资随笔1,胡猛,胡猛,A.D.A Productions Singapore,SGD 50.00,,268,https://book.douban.com/subject/36293140/
经济,小镇金融学,伍聪,九州出版社,2021-6,48.00元,8.0,307,https://book.douban.com/subject/35501063/
经济,集体行动的逻辑,[美] 曼瑟尔·奥尔森,格致出版社,2017-8-1,46.00,7.7,370,https://book.douban.com/subject/27095965/
经济,危机、改革与崩溃,于晓华,中信出版社,2025-5,68.00元,7.1,176,https://book.douban.com/subject/37156598/
经济,资本论（第二卷）,[德] 卡尔·马克思,人民出版社,2004-1,35.00元,9.2,724,https://book.douban.com/subject/1150702/
经济,资本论（第三卷）,[德] 卡尔·马克思,人民出版社,2004-1,55.00元,9.3,618,https://book.douban.com/subject/1150703/
经济,想象的未来,[德] 延斯·贝克特,华中科技大学出版社,2023-9,98.00,9.0,49,https://book.douban.com/subject/36577897/
经济,制造消费者,[法]安东尼·加卢佐,广东人民出版社,2022-6-15,68.00元,8.3,10296,https://book.douban.com/subject/35921760/
经济,未来产业：塑造未来世界的决定性力量,李斌 郭宇靖 盖博铭 阳娜,北京联合出版公司,2021-4,68,7.0,42,https://book.douban.com/subject/35413009/
经济,推开宏观之窗 (第四版),韩秀云,中信出版集团,2025-8,69.00元,7.6,29,https://book.douban.com/subject/37493866/
经济,孤独社会,[日]三浦展,人民邮电出版社,2023-5,59.80,7.0,952,https://book.douban.com/subject/36402200/
经济,资本与意识形态·漫画版,[法]托马斯·皮凯蒂 原著、[法]克莱尔·阿莱（Claire Alet) 改编、[法]邦雅曼·亚当(Benjamin Adam) 绘,中信出版社,2023-8-30,78.00 元,8.7,369,https://book.douban.com/subject/36535780/
经济,谢国忠的忠告,凤凰书品  编、谢国忠 编、沈联涛 编,湖南文艺出版社,2010-9,38.00元,7.9,145,https://book.douban.com/subject/5261737/
经济,说扬州,安东篱,北京联合出版公司,2022-5,80.00元,7.5,508,https://book.douban.com/subject/35810277/
经济,大败局Ⅱ,吴晓波,浙江人民出版社,2007-4,29.00元,8.6,8143,https://book.douban.com/subject/2064450/
经济,Inefficient Markets,Andrei Shleifer,OUP Oxford,2000-03-09,GBP 20.00,9.3,36,https://book.douban.com/subject/1757469/
经济,The Education of a Value Investor,Guy Spier,Palgrave Macmillan Trade,2014-9-9,USD 26.00,8.2,65,https://book.douban.com/subject/25983158/
经济,改革年代,[美] 理查德·霍夫施塔特,商务印书馆,2023-10,80.00,9.1,130,https://book.douban.com/subject/36538219/
经济,逻辑体系（一）,约翰·斯图亚特·穆勒 (Mill J.S.)、[英国] 约翰·密尔,上海交通大学出版社,2014-5-1,50.00,8.4,32,https://book.douban.com/subject/25931498/
经济,The Scope and Method of Political Economy,John Neville Keynes,Transaction Publishers,2010-10-15,GBP 31.50,,,https://book.douban.com/subject/10793015/
经济,就业、利息和货币通论（重译本）,[英] 约翰·梅纳德·凯恩斯,商务印书馆,1999-4,28.00元,8.7,2163,https://book.douban.com/subject/1137246/
经济,经济科学的性质和意义,[英] 莱昂内尔·罗宾斯,商务印书馆,2000-8,10.00元,8.6,247,https://book.douban.com/subject/1494299/
经济,实证经济学论文集,[美]米尔顿·弗里德曼,商务印书馆,2014-3,35.00,7.8,24,https://book.douban.com/subject/25966510/
经济,政治经济学的范围与方法,[英]约翰·内维尔·凯恩斯,商务印书馆,2020-6,30.00,,10,https://book.douban.com/subject/34971229/
经济,经济学方法论 (第二版),[英] 马克·布劳格,格致出版社、上海人民出版社,2022-4,79.00元,9.4,21,https://book.douban.com/subject/35987933/
经济,开放的经济学方法论,[美] D.韦德·汉兹,武汉大学出版社,2009-8,58.00元,9.0,23,https://book.douban.com/subject/3865449/
经济,纯粹经济学要义,莱昂﹒瓦尔拉斯,商务印书馆,1989-5,46.00元,8.8,36,https://book.douban.com/subject/1017106/
经济,第三共和国的崩溃,[美] 威廉·夏伊勒,译林出版社,2022-3,218.00,9.0,109,https://book.douban.com/subject/35739160/
经济,醫療與帝國,普拉提克.查克拉巴提,左岸文化,2025-5,NT$550,,,https://book.douban.com/subject/37335965/
经济,金股密码,汪贻文,经济管理出版社,2006-7,18.00元,,10,https://book.douban.com/subject/1881583/
经济,科斯经济学,[美] 斯蒂文·G. 米德玛 编,格致出版社 上海三联书店 上海人民出版社,2010-12,28.00元,8.5,23,https://book.douban.com/subject/5419137/
经济,新收入,钱婧,北京联合出版公司,2025-9,69.00元,7.6,485,https://book.douban.com/subject/37517594/
经济,金字塔原理,芭芭拉·明托 (Barbara Minto),南海出版公司,2014-8-1,CNY 98.00,7.9,129,https://book.douban.com/subject/25935981/
经济,中国政府项目的运作逻辑,史普原,天津人民出版社,2017-9,54.00元,8.0,17,https://book.douban.com/subject/30179359/
经济,中国城市大角逐,黄汉城,东方出版社,2023-7-1,69,8.1,382,https://book.douban.com/subject/36443942/
经济,退出、呼吁与忠诚,[美] 阿尔伯特·O. 赫希曼、阿尔伯特·赫希曼,经济科学出版社,2001-12,11.60元,8.3,78,https://book.douban.com/subject/1113100/
经济,赢得输家的游戏,查尔斯·D.埃利斯,机械工业出版社,2010-6,36.00元,7.9,457,https://book.douban.com/subject/4888394/
经济,农民工的终结,刘成斌,社会科学文献出版社,2018-1,99.00元,8.8,17,https://book.douban.com/subject/30127534/
经济,狗日的工作,(美)伯纳德.霍尔丹,江西教育出版社,1999-05,19.00元,8.3,20,https://book.douban.com/subject/1008209/
经济,苏富比的早餐,[英] 菲利普·胡克（Philip Hook）,北京联合出版公司,2018-9,79.90元,7.6,804,https://book.douban.com/subject/30306348/
经济,食物革命,蒋高明,蒋高明,东方出版社,65.00元,,10,https://book.douban.com/subject/37863131/
经济,"雕爷牛腩,你也可以学得会",徐端,人民邮电出版社,2015-1-1,CNY 45.00,3.8,62,https://book.douban.com/subject/26301365/
经济,共同的底线,秦晖,江苏文艺出版社,2013-3-1,48.00元,9.0,3432,https://book.douban.com/subject/21432137/
经济,尚舜天机,朱冰,东方出版社,2026-1,98,,10,https://book.douban.com/subject/38394120/
经济,The Art of Execution,Lee Freeman-Shor,Lee Freeman-Shor,2015-9-14,$35.00,,15,https://book.douban.com/subject/31623384/
经济,Nudge,Richard H. Thaler、Cass R. Sunstein,Yale University Press,2008-04-08,USD 26.00,8.0,421,https://book.douban.com/subject/3023039/
经济,索羅斯談索羅斯,喬治．索羅斯,堡壘文化,2021-4-21,NT$600,,10,https://book.douban.com/subject/35601865/
经济,经济学原理,[美] N.格里高利·曼昆,北京大学出版社,2009-4-1,54.00元,9.4,12150,https://book.douban.com/subject/3719533/
经济,一本书读懂估值,肖星,机械工业出版社,2025-6-12,79.00元,5.6,47,https://book.douban.com/subject/37387158/
经济,通膨時代的投資思維,田渆直也,聯經出版公司,2025-12-11,NTD420,,,https://book.douban.com/subject/37900944/
经济,盈利胜经,王方华 编,上海交通大学出版社,2005-1,30.00元,,10,https://book.douban.com/subject/1290078/
经济,经济周期，一看就懂,(韩)螺线,中信出版社,2010-12-29,39.00元,8.4,63,https://book.douban.com/subject/5397201/
经济,经济学的未来,[德] 拉尔斯·P.菲尔德、胡琨、[德] 丹尼尔·尼恩提特、郭琼虎 主编,上海三联书店,2025,88元,7.6,25,https://book.douban.com/subject/37250137/
经济,精準預測,奈特．席佛,三采文化,2013-9,TWD 500.00,8.0,27,https://book.douban.com/subject/25724955/
经济,粮食战争,拉吉·帕特尔,东方出版社,2008-9,39.00元,7.2,213,https://book.douban.com/subject/3225657/
经济,一切皆有价,爱德华多·波特,中信出版社,2011-7,42.00元,7.0,411,https://book.douban.com/subject/6519849/
经济,郎咸平说:改革如何再出发,郎咸平,东方出版社,2014-1,38.00,7.9,351,https://book.douban.com/subject/25798778/
经济,是时候该攒钱了,布拉德·克朗茨（Brad Klontz）、泰德·克朗茨（Ted Klontz）,中国人民大学出版社,2026-2-6,69.90元,,10,https://book.douban.com/subject/38238695/
经济,当灯光暗淡之后,[美] 艾伦·布林德,朱晨路、徐冰,浙江教育出版社,2022-6,7.4,98,https://book.douban.com/subject/35941690/
经济,大癫狂,查尔斯·麦凯 (Mackay C.),民主与建设出版社,2016-8-1,CNY 58.00,6.2,182,https://book.douban.com/subject/26850590/
经济,资本积累论,[德] 罗莎·卢森堡,商务印书馆,2024-9,75.00,,10,https://book.douban.com/subject/36980084/
经济,分析,王健,机械工业出版社,2022-7,69.00元,7.3,78,https://book.douban.com/subject/36019001/
经济,金融的逻辑,陈志武,国际文化出版公司,2009-08-01,39.80元,7.9,10421,https://book.douban.com/subject/3891900/
经济,嚣张的特权,(美) 艾肯格林,中信出版社,2011-12,38.00元,7.7,378,https://book.douban.com/subject/6967545/
经济,金融帝国,迈克尔·赫德森,中央编译出版社,2008,48.00元,8.3,405,https://book.douban.com/subject/3225659/
经济,货币战争,[美]詹姆斯·里卡兹、James Rickards,上海译文出版社,2018-7,48,8.1,818,https://book.douban.com/subject/30143261/
经济,科学：无尽的前沿,范内瓦·布什、拉什·D.霍尔特,中信出版集团,2021-5-1,59.00元,7.7,1043,https://book.douban.com/subject/35453096/
经济,美国创新简史,乔纳森·格鲁伯,中信出版集团,2021-4,69,7.6,302,https://book.douban.com/subject/35428196/
经济,活明白的学问,姚洋,中信出版社,2025-11,58.00元,8.1,55,https://book.douban.com/subject/38174570/
经济,增长、短缺与效率,[匈牙利]亚诺什•科尔奈、雅诺什·科尔奈,商务印书馆,2012-12-1,13.00元,8.9,52,https://book.douban.com/subject/24225150/
经济,突进与和谐的增长,亚诺什·科尔奈、雅诺什·科尔奈,张晓光、潘佐红、靳平、戴国庆、李振宁、黄卫平,经济科学出版社,1988,,10,https://book.douban.com/subject/1483603/
经济,反均衡,亚诺什·科尔内、雅诺什·科尔奈,中国社会科学出版社,1988-12,4.25元,,10,https://book.douban.com/subject/36912030/
经济,民主的经济理论,(美) 安东尼·唐斯 (Anthony Downs),上海人民出版社,2017-8-1,58,8.9,31,https://book.douban.com/subject/27089755/
经济,請問巴菲特與蒙格,華倫．巴菲特、查理．蒙格、艾力克斯．莫里斯(編),天下文化,2025-12,900,,12,https://book.douban.com/subject/37855612/
经济,中午吃什么,（美）泰勒·考恩（Tyler Cowen）,广西师范大学出版社,2025-9,78,6.5,158,https://book.douban.com/subject/37408601/
经济,中国城市大洗牌,黄汉城、史哲、林小琬,东方出版社,2020-1-1,59,7.1,1923,https://book.douban.com/subject/34887287/
经济,反杜林论,恩格斯、马克思,人民出版社,1999-12,23.00元,8.7,342,https://book.douban.com/subject/1267787/
经济,把脉：全球巨变与中国经济,高柏,生活·读书·新知三联书店,2025-10,89.00元,7.8,11,https://book.douban.com/subject/37532322/
经济,褚橙你也学不会,黄铁鹰,机械工业出版社,2015-4-1,39.00,7.1,436,https://book.douban.com/subject/26356045/
经济,金钱的社会意义,维维安娜·泽利泽、薇薇安娜·泽利泽,华东师范大学出版社,2021-8,65,7.9,282,https://book.douban.com/subject/35481494/
经济,炼金术士,尼尔•欧文 (Neil Irwin),中国人民大学出版社,2015-11-1,CNY 89.90,7.0,77,https://book.douban.com/subject/26653108/
经济,经济数据背后的财富密码,李迅雷,经济科学出版社,2017-6-28,68.00,7.6,132,https://book.douban.com/subject/27072556/
经济,新中介的崛起与房地产价值链的重构,巴曙松、杨现领,厦门大学出版社,2017-1,43,8.1,17,https://book.douban.com/subject/26947577/
经济,一本书读懂30部经济学经典（学术经典导读丛书）,郭泽德，宋义平，关佳佳,清华大学出版社,2023-3-1,68,7.9,118,https://book.douban.com/subject/36303222/
经济,比尔·米勒投资之道,[美] 珍妮特·洛 (Janet Lowe),机械工业出版社,2021-7,80.00,6.2,84,https://book.douban.com/subject/35494000/
经济,私人财富与股权纠纷（修订版）,薛京,电子工业出版社,2021-4,88.00元,,10,https://book.douban.com/subject/35426614/
经济,不確定的年代(The Age of Uncertainty ),約翰·加爾布雷斯、John K. Galbraith,時報文化,1994-5-21,NT$350,,10,https://book.douban.com/subject/3162259/
经济,知识考古学,(法)米歇尔·福柯,生活·读书·新知三联书店,2003-01,14.60,8.2,1327,https://book.douban.com/subject/1022187/
经济,在另一个赛场,,湖南大学出版社,2002-04-01,20.00元,,10,https://book.douban.com/subject/1609590/
经济,洞悉人性的投资者,[美] 伯纳德·M.巴鲁克（Bernard M. Baruch）,人民邮电出版社,2019-8,69.00元,7.3,41,https://book.douban.com/subject/34813949/
经济,价值投资实战手册,唐朝,中国经济出版社,2019-1,59.80,8.7,2674,https://book.douban.com/subject/30416923/
经济,战胜华尔街,[美] 彼得·林奇、[美] 约翰·罗瑟查尔德,机械工业出版社,2010-4-1,48.00元,8.3,1841,https://book.douban.com/subject/4772963/
经济,無印良品的改革,[日]渡边米英,重庆大学出版社,2014-3,38.00元,6.9,248,https://book.douban.com/subject/25833194/
经济,反脆弱,[美] 纳西姆·尼古拉斯·塔勒布,中信出版社,2020-6,79.00元,8.1,583,https://book.douban.com/subject/34978407/
经济,Reading Price Charts Bar by Bar,Al Brooks,Wiley,2009-5-4,USD 75.00,8.1,21,https://book.douban.com/subject/4469336/
经济,日本的迷失·前夜,(日) 西野智彦,中信出版社,2017-11-1,49,6.7,212,https://book.douban.com/subject/27120542/
经济,数字世界生存指南,肖蕾,红旗出版社,2025-10-1,68,7.3,38,https://book.douban.com/subject/37818816/
经济,女性与社会权力系统,欧阳洁,辽宁画报出版社,2000,19.80元,9.6,2313,https://book.douban.com/subject/4232613/
经济,决策与判断,[美] 斯科特·普劳斯,人民邮电出版社,2004-9,28.00元,8.5,3975,https://book.douban.com/subject/1193621/
经济,玩转技术指标：九种技术指标精讲,金铁,中国宇航出版社,2016-1-1,45.00元,,10,https://book.douban.com/subject/30677776/
经济,解读中国经济,林毅夫,北京大学出版社,2025-1,88,8.0,56,https://book.douban.com/subject/37146345/
经济,管理困境,［美］盖瑞•J. 米勒,格致出版社,2014-3-1,39,8.4,126,https://book.douban.com/subject/25873203/
经济,超级版图,帕拉格·康纳,中信出版社,2016-5,69,7.7,1490,https://book.douban.com/subject/26786410/
经济,江村经济,费孝通,费孝通,作家出版社,2020-7,9.1,174,https://book.douban.com/subject/35144612/
经济,将熟悉变为陌生,[英] 齐格蒙·鲍曼、[瑞士] 彼得·哈夫纳,南京大学出版社,2023-8-6,68.00元,8.7,7574,https://book.douban.com/subject/36409321/
经济,朱鎔基傳,[美] 龍安志,香港中和,2012-1,HK$128,7.9,574,https://book.douban.com/subject/10472587/
经济,全球供应链超级趋势,吴靖,中信出版集团,2024-11-1,88,8.0,70,https://book.douban.com/subject/37074801/
经济,中国企业如何定战略,迈克尔.波特、杰克.特劳特,邓德隆、陈奇峰,2005,65.00元,9.4,91,https://book.douban.com/subject/10758677/
经济,营销管理 (第16版),[美] 菲利普·科特勒、[美] 凯文·莱恩·凯勒、[美] 亚历山大·切尔内夫,中信出版集团,2022-9-5,158.00元,8.9,646,https://book.douban.com/subject/36082426/
经济,基业长青,[美] 詹姆斯·柯林斯、[美] 杰里·波勒斯,中信出版社,2006-9,39.00元,8.1,4898,https://book.douban.com/subject/1022936/
经济,Capital without Borders,Brooke Harrington,Harvard University Press,2016-9-12,USD 29.95,,10,https://book.douban.com/subject/26920024/
经济,Dead Companies Walking,Scott Fearon、Jesse Powell,Palgrave Macmillan Trade,2015-1-6,USD 27.00,,14,https://book.douban.com/subject/26382585/
经济,The Rise and Fall of Nations,Ruchir Sharma,W. W. Norton & Company,2016-6-7,USD 27.95,7.0,33,https://book.douban.com/subject/26809691/
经济,极简GDP史,[英] 黛安娜·科伊尔,浙江人民出版社,2017-4-1,45.90元,7.2,131,https://book.douban.com/subject/27021784/
经济,银发经济：从认知到行动的商业创新路径      李佳、王岳,李佳、王岳,机械工业出版社,2024-6-20,79.00,7.2,73,https://book.douban.com/subject/36976180/
经济,社会分层与流动,边燕杰、吴晓刚、李路路,中国人民大学出版社,2008-09-16,59.80元,9.1,96,https://book.douban.com/subject/3233254/
经济,制度转型与社会分层,李路路、边燕杰,中国人民大学出版社,2008-1-1,45.00元,8.4,22,https://book.douban.com/subject/3029207/
经济,打工女孩,[美]张彤禾著,上海译文出版社,2013-3,33.00元,7.5,7532,https://book.douban.com/subject/21370840/
经济,回归家庭?,[英]沙尼·奥加德,理想国|广西师范大学出版社,2021-9,68.00元,8.3,1338,https://book.douban.com/subject/35347054/
经济,中国国家治理的制度逻辑,周雪光,生活·读书·新知三联书店,2017-3-1,45.00元,9.3,12228,https://book.douban.com/subject/26901114/
经济,鲍尔货币金融学,[美] 劳伦斯·鲍尔,中国人民大学出版社,2012-2,79.80元,9.8,80,https://book.douban.com/subject/10484710/
经济,人力资本理论,加里·贝克尔,中信出版社,2007-11,48.00元,8.3,24,https://book.douban.com/subject/2310780/
经济,精神经济,李向民,李向民,新华出版社,23.80,,10,https://book.douban.com/subject/3457012/
经济,每个人的经济学,[英] 张夏准,广西师范大学出版社,2020-8,68.00元,8.5,991,https://book.douban.com/subject/35152152/
经济,对工作说不,[英] 大卫·弗雷恩,上海文艺出版社,2025-3,56元,8.6,1260,https://book.douban.com/subject/37194302/
经济,服务利润链,詹姆斯.赫克特,华夏出版社,2001-01,20.00元,8.2,14,https://book.douban.com/subject/1071801/
经济,货币幻觉,[美] 欧文·费雪,广西师范大学出版社,2022-4,59.00元,8.1,304,https://book.douban.com/subject/35773399/
经济,企业理论与中国企业改革,张维迎,北京大学出版社,1999-3,42.00元,8.8,31,https://book.douban.com/subject/1021183/
经济,灰犀牛,[美] 米歇尔·渥克 (Michele Wucker),中信出版社,2017-2-1,59,6.1,2439,https://book.douban.com/subject/26961851/
经济,黑天鹅,[美] 纳西姆·尼古拉斯·塔勒布,中信出版社,2008-5,39.00,7.7,9246,https://book.douban.com/subject/3025921/
经济,规划为什么会失败,兰德尔·奥图尔,上海三联书店,2016-10-1,CNY 48.00,7.6,69,https://book.douban.com/subject/26936622/
经济,资本的使命,[美] 杰德·艾默生,中信出版集团,2020-11,78.00元,,10,https://book.douban.com/subject/35246218/
经济,罗思柴尔德家族,江晓美,江晓美,2012-10,15.00元,,10,https://book.douban.com/subject/20266341/
经济,Microplastic Pollutants,Christopher Blair Crawford、Brian Quinn,Elsevier Science,2016-12-13,USD 99.95,,10,https://book.douban.com/subject/35309397/
经济,空间的生产,[法]亨利·列斐伏尔,商务印书馆,2022-3,118.00,9.3,287,https://book.douban.com/subject/35699235/
经济,关键时刻,新望,北京联合出版公司,2024-3,78.00元,,10,https://book.douban.com/subject/36751944/
经济,技术封建主义,[法] 塞德里克·迪朗,中国人民大学出版社,2024-7-1,69.00元,7.6,493,https://book.douban.com/subject/36895677/
经济,是银子总会花光的,李银,广东经济出版社,2023-8,69.00,7.8,53,https://book.douban.com/subject/36523692/
经济,郎咸平说：谁在谋杀中国经济,郎咸平,东方出版社,2009-06-01,32.00元,7.3,3311,https://book.douban.com/subject/3776679/
经济,白银帝国,徐瑾,中信出版社,2017-2-1,CNY 59.00,7.3,623,https://book.douban.com/subject/26969182/
经济,市場的預兆,Lawrence G. McDonald、James Patrick Robinson,Lawrence G. McDonald、James Patrick Robinson,商周出版,2024-8-3,,10,https://book.douban.com/subject/37097323/
经济,文明与世界秩序,[美] 弗雷德·雷因哈德·达尔迈尔,东方出版中心,2026-2,88.00元,,10,https://book.douban.com/subject/37647062/
经济,金钱游戏,张建军 编,地震出版社,2004-4,18.00元,8.7,664,https://book.douban.com/subject/1253945/
经济,食人资本主义,[美]南希·弗雷泽（Nancy Fraser）、南茜·弗雷泽,上海人民出版社,2023-4,58,8.1,258,https://book.douban.com/subject/36206271/
经济,扫地出门,[美]马修·德斯蒙德,广西师范大学出版社,2018-7,68.00,8.7,6083,https://book.douban.com/subject/27156017/
经济,制造中国,[美] 葛凯,北京大学出版社,2007,40.00元,7.7,355,https://book.douban.com/subject/2984021/
经济,大萧条与罗斯福新政,[美]埃里克·劳赫威,译林出版社,2018-3,32.00,7.7,324,https://book.douban.com/subject/27606760/
经济,跟大卫•哈维读《资本论》,[美] 大卫•哈维,上海译文出版社,2014-4,48,8.5,322,https://book.douban.com/subject/25839942/
经济,薛暮桥回忆录,薛暮桥,天津人民出版社,2006-1,33.00元,8.7,76,https://book.douban.com/subject/1734163/
经济,宏观经济学（第九版）,[美] N·格里高利·曼昆,中国人民大学出版社,2016-8-1,79.00元,9.5,529,https://book.douban.com/subject/26887927/
经济,技术封建主义,（希腊）雅尼斯·瓦鲁法基斯、雅尼斯•瓦鲁法克斯,蓝江,九月虺图书,2024-2,,10,https://book.douban.com/subject/37444916/
经济,政治经济学概论,徐禾,人民出版社,1973-11,1.15元,9.5,246,https://book.douban.com/subject/35008507/
经济,郎咸平说：中国经济的旧制度与新常态,郎咸平,东方出版社,2015-2,39.00元,8.1,317,https://book.douban.com/subject/26307131/
经济,当工作消失时,(美)威廉·朱利叶斯·威尔逊,上海人民出版社,2016-10-31,52.00,7.5,92,https://book.douban.com/subject/26874476/
经济,三万年货币简史,[美] 弗里德里克·考夫曼,张晚晴,浙江人民出版社,2026-2,,10,https://book.douban.com/subject/37889371/
经济,哲学、政治学与经济学导论,杰拉尔德•高斯、约翰•思拉舍,格致出版社,2025-8,102.00元,8.8,39,https://book.douban.com/subject/37507954/
经济,政治经济学批判,马克思、[德国] 卡尔·马克思,人民出版社,1976-4,0.51元,9.4,103,https://book.douban.com/subject/3415090/
经济,The Best Way to Rob a Bank Is to Own One,William K. Black,University of Texas Press,2005-04-01,USD 35.00,,10,https://book.douban.com/subject/4584863/
经济,污名陷阱,[美] 奥弗·沙龙,中信出版社,2025-9-15,79.00,6.8,372,https://book.douban.com/subject/37424243/
经济,毛泽东逝世后的中国,[法]夏尔·贝特兰、[加拿大]尼尔·伯顿,外文出版局《编译参考》编辑部,1979-6,0.50元,8.8,536,https://book.douban.com/subject/26430211/
经济,俗人的壮举：当我们“遭遇”工业革命,金木水,江苏凤凰文艺出版社,2025-3,58.00元,8.9,34,https://book.douban.com/subject/37275072/
经济,为什么不能多印点钱,[英] 英格兰银行、[英] 鲁帕尔·帕特尔、[英] 杰克·米宁,中国财政经济出版社,2025-4-1,89.90元,8.0,138,https://book.douban.com/subject/37292298/
经济,经济学的思维方式（修订第12版）,[美] 保罗·海恩、[美] 彼得 · 勃特克、[美] 大卫 · 普雷契特科,世界图书出版公司,2012-3,49.80元,8.8,1137,https://book.douban.com/subject/10510736/
经济,平台资本主义,尼克·斯尔尼塞克,广东人民出版社,2018-7-1,CNY 36.00,7.1,244,https://book.douban.com/subject/30272076/
经济,末日松茸,[美] 罗安清,华东师范大学出版社,2020-7,79.80,7.9,2339,https://book.douban.com/subject/35059450/
经济,第四世界,2009-8,,2009-8,30.00元,,10,https://book.douban.com/subject/3987888/
经济,虚拟城市建设原理与方法,刘晓艳,科学出版社,2003-1,32.00元,,10,https://book.douban.com/subject/1166838/
经济,19世纪大转型,[德]贡德·弗兰克 著、[美]罗伯特·A. 德内马克 编、安德烈·冈德·弗兰克,中信出版社,2019-7-1,68.00元,7.8,57,https://book.douban.com/subject/30200152/
经济,再造卓越,[美] 吉姆·柯林斯,中信出版社,2010-10,39.00元,7.4,235,https://book.douban.com/subject/5336012/
经济,不平等的童年,[美]安妮特·拉鲁,北京大学出版社,2018-6,79.00元,8.7,2331,https://book.douban.com/subject/27664289/
经济,矛盾的中国人,朵春生,中国建材工业出版社,1997-10-01,25.8 元,,,https://book.douban.com/subject/2334963/
经济,凯恩斯传,[英] 罗伯特·斯基德尔斯基,生活·读书·新知三联书店,2015-5,128.00元,8.5,193,https://book.douban.com/subject/26420911/
经济,蝴蝶效应,(美) 爱德华·梅利洛,中信出版社,2023-5,72,7.3,26,https://book.douban.com/subject/36371664/
经济,丝与茶,[英] 汉娜·霍达克斯,贺建涛、陈文希,社会科学文献出版社,2025-8,,10,https://book.douban.com/subject/37014949/
经济,新镀金时代,[英] 詹姆斯·克拉布特里,南海出版公司,2024-1,79,8.1,402,https://book.douban.com/subject/36580742/
经济,经济学原来很有趣：16位大师的精华课,王文君,清华大学出版社,2021-12-1,66.70元,7.1,42,https://book.douban.com/subject/35706036/
经济,盛世狼烟,戴旭,新华出版社,2009-3-1,48.00元,7.8,560,https://book.douban.com/subject/3642061/
经济,像查理·芒格一样投资,吕长顺、王圣雄,机械工业出版社,2021-8,79,5.6,24,https://book.douban.com/subject/35573586/
经济,饭圈纪实,马中红、唐乐水,华龄出版社,2026-3,58.00,5.1,394,https://book.douban.com/subject/38239072/
经济,重返马赛渔场,[法] 葛弗瑞,生活·读书·新知三联书店,2024-12,62.00元,7.3,45,https://book.douban.com/subject/36980091/
经济,1929,Andrew Ross Sorkin,Andrew Ross Sorkin,Random House Large Print,2025-11-4,,68,https://book.douban.com/subject/37558655/
经济,陶朱公,世界知识出版社,世界知识出版社,2011-12,26.00元,,11,https://book.douban.com/subject/10435651/
经济,世界政治中的战争与变革,[美] 罗伯特·吉尔平,上海人民出版社,2019-2,48.00元,8.9,138,https://book.douban.com/subject/30441532/
经济,美女与野兽,[美] 迈克尔·陶西格（Michael Taussig）,北京大学出版社,2026-1,62.00元,7.9,19,https://book.douban.com/subject/37281137/
经济,股票大作手操盘术,[美] 杰西·利弗莫尔,人民邮电出版社,2012-10,35.00元,8.4,1971,https://book.douban.com/subject/19952930/
经济,多难登临录,张五常,中信出版社,2009-11,32.00元,7.8,350,https://book.douban.com/subject/4126130/
经济,中国金融改革路线图,《径山报告》课题组,中信出版集团,2020-4-1,68.00元,8.1,42,https://book.douban.com/subject/33431965/
经济,新中国财政金融制度变迁事件解读,陈雨露(编),中国人民大学出版社,2013-1,78.00元,9.2,105,https://book.douban.com/subject/23779046/
经济,中国政府间财政关系再思考,楼继伟,中国财政经济出版社,2013,58.00元,8.6,133,https://book.douban.com/subject/25714556/
经济,金融改革协调推进论,盛松成、刘西,中信出版社,2015-4-1,45,8.2,28,https://book.douban.com/subject/26430215/
经济,读懂中国金融,黄益平、王勋,黄益平、王勋,人民日报出版社,2022-4,7.9,85,https://book.douban.com/subject/35928129/
经济,中国经济双重转型之路,厉以宁,厉以宁,中国人民大学出版社,2025-4,,,https://book.douban.com/subject/37382802/
经济,房地产周期,任泽平、夏磊、熊柴,人民出版社,2017-9-1,68,7.9,799,https://book.douban.com/subject/27142454/
经济,中国土地制度改革：难点、突破与政策组合,陶然、汪晖,商务印书馆,2013-11-12,40.00,7.2,27,https://book.douban.com/subject/25806322/
经济,现代经济学与中国经济改革（第二版）,钱颖一,中信出版社,2018-8,58.00元,8.4,67,https://book.douban.com/subject/30322084/
经济,令人惊艳的十年,[美] 珍妮特·耶伦、[美] 艾伦·布林德,法律出版社,2020-12-1,45.00元,7.6,131,https://book.douban.com/subject/25941373/
经济,经济运行的逻辑,高善文,中国人民大学出版社,2014-6,68.00元,7.5,32,https://book.douban.com/subject/25896829/
经济,中国经济增长十年展望2019-2028,刘世锦,中信出版社,2019-7,88,8.4,26,https://book.douban.com/subject/34448286/
经济,中国的奇迹,林毅夫、蔡昉、李周,格致出版社,2024-9,98.00元,,10,https://book.douban.com/subject/37083301/
经济,中国式MBO,郎咸平（等）,东方出版社,2006-12-01,39.00元,8.1,104,https://book.douban.com/subject/1964892/
经济,告别速度,林采宜,机械工业出版社,2015-5,49.00元,7.4,21,https://book.douban.com/subject/26388043/
经济,中国债务,姚余栋、金海年,姚余栋、金海年,2016-8-17,49,7.7,28,https://book.douban.com/subject/26863817/
经济,Factions and Finance in China,Victor C. Shih,Cambridge University Press,2007-12-3,USD 113.00,7.8,62,https://book.douban.com/subject/3338381/
经济,小镇喧嚣,吴毅,生活·读书·新知三联书店,2007-10,42.00元,9.1,1254,https://book.douban.com/subject/2280161/
经济,中國市場的邏輯,張維迎,木馬文化,2011-9-8,NT$320,,10,https://book.douban.com/subject/6967753/
经济,战略咨询,方少华,经济管理出版社,2008-9,39.00元,6.8,18,https://book.douban.com/subject/3343999/
经济,产权与中国变革,周其仁,北京大学出版社,2017-7,66.00,8.8,129,https://book.douban.com/subject/27089005/
经济,博弈与社会,张维迎,北京大学出版社,2013-1,49.00元,8.7,1608,https://book.douban.com/subject/21329758/
经济,博弈论与社会契约（第1卷）,[英] 肯·宾默尔,[英] 肯·宾默尔,王小卫、钱勇,格致出版社、上海人民出版社,,10,https://book.douban.com/subject/36887034/
经济,新政治经济学讲义,汪丁丁,上海人民出版社,2013-9,99.80元,8.7,260,https://book.douban.com/subject/24758859/
经济,禪流河東復河西,CHEN Jinhua 陳金華,CHEN Jinhua 陳金華,world scholastic,2023-4,,,https://book.douban.com/subject/36304708/
经济,信用的承诺与风险,[意] 弗兰切斯卡·特里维拉托,东方出版中心,2025-1,92,8.9,37,https://book.douban.com/subject/36831432/
经济,食品恐慌,保罗·罗伯茨,中信出版社,2008-11,42.00元,7.7,51,https://book.douban.com/subject/3264682/
经济,一把海贝,[英]托比·格林,社会科学文献出版社,2020-12,118.00元,8.6,169,https://book.douban.com/subject/35149225/
经济,伟大的中国经济转型,[美] 劳伦·勃兰特 编、[美] 托马斯·罗斯基 编、钱军,上海世纪出版股份有限公司,2016-1-1,98.00元,,11,https://book.douban.com/subject/26880574/
经济,中国重组,王世渝,中国民主法制出版社,2013-4,48.00元,8.3,218,https://book.douban.com/subject/23155640/
经济,中国金融制度的结构与变迁,张杰,中国人民大学出版社,2011-8,39.80元,8.8,16,https://book.douban.com/subject/6813832/
经济,中国式分权与地方政府行为,傅勇,复旦大学出版社,2010-9,25.00元,8.2,15,https://book.douban.com/subject/5322645/
经济,第一排,孙国峰,中国经济出版社,2012-1,68.00元,8.4,155,https://book.douban.com/subject/10345303/
经济,太阳之下无新事,余永定,中国社会科学出版社,2019-12,258.00元,9.0,128,https://book.douban.com/subject/35014202/
经济,透视中国政府统计数据,许宪春,社会科学文献出版社,2023-6,79.00,7.1,40,https://book.douban.com/subject/36433711/
经济,变革中的中国治理：2011-2021,[马来西亚]沈联涛、肖耿,上海三联书店,2023-10-1,78,7.1,53,https://book.douban.com/subject/36526500/
经济,见证失衡Ⅱ,余永定,电子工业出版社,2024-8,99,8.4,73,https://book.douban.com/subject/37016377/
经济,城投转型向何处去——基于财政可持续和国资国企高质量发展的视角,严亦斌  罗志恒 著,严亦斌  罗志恒 著,人民出版社,2024,,10,https://book.douban.com/subject/36975522/
经济,我们国家的道路,朴正熙,华夏出版社,1988-3,30.0,8.3,147,https://book.douban.com/subject/3435634/
经济,不安之书：致焦虑的年代,[美] 阿伦·瓦兹,深圳出版社,2026-3,69.00元,,10,https://book.douban.com/subject/37889264/
经济,市场与政府,张维迎,西北大学出版社,2014-11,65.00,8.1,264,https://book.douban.com/subject/26176688/
经济,生活方程式,诺曼·奥勒（Norman Ohler),社会科学文献出版社,2021-3,62,8.4,71,https://book.douban.com/subject/35341414/
经济,波士堂,高韵斐、章茜、杨晖,中信出版社,2008-9,39.00元,7.7,100,https://book.douban.com/subject/3178707/
经济,短线交易大师,奥利弗・瓦莱士、格雷格・卡普拉、张丹丹,地震出版社,2004-5-1,48.00元,7.8,462,https://book.douban.com/subject/1217868/
经济,大国经济学,陆铭、杨汝岱、徐现祥、范子英、罗知、陈钊、钟宁桦、奚锡灿、陈斌开、李辉文,上海人民出版社,2023-5-31,79,7.4,150,https://book.douban.com/subject/36207176/
经济,中国第一村,周怡,,周怡,牛津大学出版社,8.0,45,https://book.douban.com/subject/2568189/
经济,南街社会,刘倩,学林出版社,2004-8,28.00元,6.9,17,https://book.douban.com/subject/1177131/
经济,学做工,[英]保罗·威利斯,译林出版社,2022-2,78.00元,7.6,194,https://book.douban.com/subject/35724862/
经济,辉煌中的阴影,佘洪丰,警官教育出版社,1993-5,5.00,,10,https://book.douban.com/subject/4826443/
经济,奢侈与资本主义,[德] 桑巴特,上海人民出版社,2000-9,12.80元,7.9,102,https://book.douban.com/subject/1546344/
经济,经济政策的原则,瓦尔特·欧肯,中国社会科学出版社,2014-4-1,46,8.9,19,https://book.douban.com/subject/25959221/
经济,短线点金,徐文明,上海财经大学出版社,2008-2,26.00元,6.3,29,https://book.douban.com/subject/3028245/
经济,花店人必须知道的那些事儿,日本花卉流通促进协会,中国林业出版社,2018-6-1,58.00,8.3,19,https://book.douban.com/subject/30269792/
经济,战胜政策市,袁幼鸣,浙江大学出版社,2010.2,38.00元,7.8,97,https://book.douban.com/subject/4277150/
经济,资本主义的幸存,[法]亨利·列斐伏尔,上海社会科学院出版社,2024-1,68.00元,8.4,91,https://book.douban.com/subject/36527363/
经济,国际矿业风云,薄少川,人民日报出版社,2017-10-1,123.80元,8.8,54,https://book.douban.com/subject/30647705/
经济,投行之路.光明之路,离月上雪,离月上雪,人民文学出版社,73,8.4,157,https://book.douban.com/subject/35672131/
经济,投行之路.游戏规则,离月上雪,离月上雪,人民文学出版社,60,8.4,163,https://book.douban.com/subject/35672129/
经济,美国困局,强舸,强舸,中国人民大学出版社,2024-6,9.0,662,https://book.douban.com/subject/36946631/
经济,无地可依,[美] 克里斯蒂娜·J.沃利,生活·读书·新知三联书店,2024-1,68.00元,7.6,199,https://book.douban.com/subject/36463718/
经济,口述大寨史,孙丽萍,南方日报出版社,2008-4,80.00元,,10,https://book.douban.com/subject/3070036/
经济,金融幻象,海思,中国发展出版社,2010-3,39.80元,8.0,194,https://book.douban.com/subject/4319412/
经济,近世基层治理及制度变迁,龙登高、陈月圆、黄一彪,广西师范大学出版社,2024-7,98.00元,7.0,87,https://book.douban.com/subject/36949401/
经济,Staying Alive,Vandana Shiva,South End Press,2010-11-30,GBP 18.08,,10,https://book.douban.com/subject/5456107/
经济,Who Really Feeds the World?,Vandana Shiva,Vandana Shiva,North Atlantic Books,2016,,10,https://book.douban.com/subject/35099113/
经济,Oneness Vs. The 1%,Vandana Shiva、Kartikey Shiva,Chelsea Green Publishing,2020-8-31,CAD 26.34,,10,https://book.douban.com/subject/35271236/
经济,不消費的一年,[加]凱特‧弗蘭德斯,遠流,2022-12-29,NTD 370.00,,146,https://book.douban.com/subject/36292049/
经济,复杂社会的崩溃,[美] 约瑟夫•泰恩特、[美] 约瑟夫·泰恩特,海南出版社,2022-5,48.00元,8.0,34,https://book.douban.com/subject/35911676/
经济,义乌经验,胡宏伟,浙江文艺出版社,2025-1,78,8.7,37,https://book.douban.com/subject/37229974/
经济,80亿人口,[美]珍妮弗·D.朔巴,中信出版集团,2023-6,78,6.6,30,https://book.douban.com/subject/36402697/
经济,六十亿人口的警示:21世纪的人口增长与食品安全,雷辛格,中国农业出版社,2002年1月1日,15.00,,10,https://book.douban.com/subject/1123151/
经济,饥饿的盛世,张宏杰,湖南人民出版社,2012-10-1,39.80元,8.4,7760,https://book.douban.com/subject/11636077/
经济,策略思维,阿维纳什・K・迪克西特、巴里・J・奈尔伯夫,中国人民大学出版社,2003-7,39.00元,8.4,2389,https://book.douban.com/subject/1084435/
经济,21世纪商业情报分析,曾忠禄,中国经济出版社,2018-1,65.00元,,10,https://book.douban.com/subject/27595001/
经济,Quantitative Trading,Xin Guo、Tze Leung Lai、Howard Shek、Samuel Po-Shing Wong,CRC,2016-12-20,USD 99.95,,10,https://book.douban.com/subject/26907804/
经济,量化交易,Xin Guo、Tze Leung Lai、Howard Shek、Samuel Po-Shing Wong,高等教育出版社,2020-2-4,89.00元,5.8,18,https://book.douban.com/subject/34998827/
经济,货币金融学,弗雷德里克·S·米什金,中国人民大学出版社,2011-1,79.00元,9.1,1668,https://book.douban.com/subject/5939751/
经济,什么是金融,[美] 米希尔·德赛,中信出版集团,2021-1,88.00元,9.2,357,https://book.douban.com/subject/35290791/
经济,财务自由第一课,帅健翔,湖南文艺出版社,2021-3-1,52.00元,7.0,671,https://book.douban.com/subject/35381506/
经济,逆向投资,[美] 劳伦·C.邓普顿、[美] 斯科特·菲利普斯,中信出版集团,2022-4-30,69.00元,8.2,224,https://book.douban.com/subject/35871087/
经济,经济学通识课 中央党校原副校长王东京近30年教学笔记,王东京 著,中国财政经济出版社,2026-1,88.00元,,32,https://book.douban.com/subject/38031840/
经济,国富论（彩绘精读本）,[英] 亚当·斯密,浙江大学出版社,2016-10,42.00元,8.1,248,https://book.douban.com/subject/26874285/
经济,《投資導航 (上卷) 觀勢指標篇》,信報研究部,天窗出版社,2010-12-3,HK$168.00,,10,https://book.douban.com/subject/6311292/
经济,和约的经济后果,[英] 约翰·梅纳德·凯恩斯,商务印书馆,2022-8,38.00,8.8,13,https://book.douban.com/subject/36084846/
经济,资本的限度,[英] 大卫·哈维,中信出版社,2017-9,88.00元,8.5,223,https://book.douban.com/subject/26981868/
经济,马克思资本概念的逻辑结构,[德] 海尔穆特·莱希尔特,南京大学出版社,2026-1,75,8.7,24,https://book.douban.com/subject/37241716/
经济,经济学底层逻辑,王东京,中国财政经济出版社,2023-7,88,7.2,208,https://book.douban.com/subject/36456361/
经济,一本书讲透股权,宋俊生，王亚龙,机械工业出版社,2026-2,69.80,,10,https://book.douban.com/subject/38363290/
经济,国际经济学,[美]保罗·R·克鲁格曼等,中国人民大学出版社,2006-9,32.00元,8.6,399,https://book.douban.com/subject/1928447/
经济,萧条经济学的回归和2008年经济危机,保罗•克鲁格曼,中信出版社,2009-3,30.00元,8.6,640,https://book.douban.com/subject/3507422/
经济,西欧封建经济形态研究,马克垚,人民出版社,2001-12-1,22.0,8.8,50,https://book.douban.com/subject/1309525/
经济,新能源时代,(波) 卢卡斯·贝德纳尔斯基,中央编译出版社,2024-12,88.00元,,10,https://book.douban.com/subject/37191863/
经济,七次崩溃,[英] 哈罗德·詹姆斯,中译出版社,2024-9,129.00元,5.7,67,https://book.douban.com/subject/36862510/
经济,制造者与索取者,拉娜·弗洛哈尔,新华出版社,2017-5,59.80元,7.8,74,https://book.douban.com/subject/27057396/
经济,走向繁荣的战略选择,厉以宁、孟晓苏、李源潮、李克强,经济日报出版社,2015-10-1,78.00元,8.9,15,https://book.douban.com/subject/26709819/
经济,论中国信息技术产业发展,江泽民,上海交通大学出版社,2009,36.00元,9.7,332,https://book.douban.com/subject/3697802/
经济,重剑无锋,小小辛巴,沈阳出版社,2012-5,88.00元,8.4,334,https://book.douban.com/subject/10862869/
经济,投资的护城河,[美]希瑟·布里林特（Heather Brilliant）、[美]伊丽莎白·柯林斯（Elizabeth Collins）,人民邮电出版社,2016-10-1,59.00元,8.1,433,https://book.douban.com/subject/26898052/
经济,对冲基金奇才,杰克·施瓦格,机械工业出版社,2013-5,69.00元,9.1,418,https://book.douban.com/subject/24153567/
经济,行为金融学通识,迈尔·斯塔特曼,北京大学出版社,2020-10,69.00,7.5,39,https://book.douban.com/subject/35246312/
经济,中国官僚政治研究,王亚南,商务印书馆,2017-5,64.00,7.9,231,https://book.douban.com/subject/27106033/
经济,人民币不高兴,严行方,上海财经大学出版社,2011-3,29.00元,,10,https://book.douban.com/subject/6085207/
经济,全球南方：中国视角,李安山,江苏人民出版社,2026-3,128.00,,10,https://book.douban.com/subject/38360595/
经济,中国经济发展新阶段的机遇,白重恩、蔡昉、樊纲、江小涓、隆国强、杨伟民、易纲,中信出版集团,2020-2,88.00元,8.6,123,https://book.douban.com/subject/34978086/
经济,博弈论与经济行为,[美] 冯·诺伊曼、[美] 摩根斯坦,北京大学出版社,2018-3,48.00元,7.9,44,https://book.douban.com/subject/30153528/
经济,科技股的价值投资法,Adam Seessel,商周出版,2023-2-9,NTD 490.00,,10,https://book.douban.com/subject/36328740/
经济,Principles,Ray Dalio,Bridgewater,2017-9,USD18.00,8.4,1921,https://book.douban.com/subject/20036150/
经济,从0开始打造财务自由的致富系统,Ramit Sethi,Ramit Sethi,采實文化,2021-2-4,,18,https://book.douban.com/subject/35502184/
经济,中国光伏突围战,余盛,中国宇航出版社,2025-10-31,88.00元,7.1,87,https://book.douban.com/subject/37530298/
经济,龙虾营销学①,[加]比尔·毕晓普(Bill Bishop),中国科学技术出版社,2022-11,49.00元,7.3,24,https://book.douban.com/subject/36158453/
经济,The Lords of Easy Money,Christopher Leonard,Simon & Schuster,2022-1-11,USD 30.00,,16,https://book.douban.com/subject/35716805/
经济,经济解释卷二：收入与成本（神州增订版）,张五常,中信出版社,2011-2,28.00元,9.1,405,https://book.douban.com/subject/6001368/
经济,小狗钱钱2,[德] 博多·舍费尔,中信出版集团,2021-12,39.80元,7.2,4419,https://book.douban.com/subject/35578318/
经济,无产阶级革命和叛徒考茨基,列宁,人民出版社,1950初版,0.25,8.3,102,https://book.douban.com/subject/4161963/
经济,经济学通识,薛兆丰,同心出版社,2009-5,25.00元,8.1,1102,https://book.douban.com/subject/3869949/
经济,旷野人生：吉姆·罗杰斯的全球投资探险2,吉姆·罗杰斯,中信出版集团,2025-2,69.00,8.5,67,https://book.douban.com/subject/37332421/
经济,平行与竞争,翟东升,东方出版社,2021-7-1,65,8.2,284,https://book.douban.com/subject/35560750/
经济,荷兰财政金融史,马基林.哈特,上海财经大学出版社,2022,58.50元,,10,https://book.douban.com/subject/35786881/
经济,通向财务自由之路,（美）范 K.撒普（Van K. Tharp）,机械工业出版社,2010-12,48.00元,8.3,882,https://book.douban.com/subject/5917261/
经济,通向财务自由之路：心理实战篇（珍藏版）    [美]范·K.撒普,[美]范·K.撒普,,[美]范·K.撒普,机械工业出版社,,10,https://book.douban.com/subject/37370144/
经济,格局：世界向何处去,牛弹琴,中国民主法制出版社,2026-3,68.00,,13,https://book.douban.com/subject/38380717/
经济,稀缺,[美]塞德希尔·穆来纳森、[美]埃尔德·沙菲尔,浙江教育出版社,2022-9,99.90,7.7,1667,https://book.douban.com/subject/36110828/
经济,新教伦理与资本主义精神,[德] 马克斯·韦伯,上海人民出版社,2018-3,65.00元,9.2,4215,https://book.douban.com/subject/27083202/
经济,制度、契约与组织,科斯 诺思,经济科学出版社,2003-1,39.60元,8.5,138,https://book.douban.com/subject/1313980/
经济,信任利维坦,[英]马丁.唐顿,上海财经大学出版社,2018-12,89,9.4,42,https://book.douban.com/subject/33446809/
经济,Game Theory for Applied Economics,Robert Gibbons,Princeton University Press,1992-7-13,USD 49.50,9.1,193,https://book.douban.com/subject/1908414/
经济,经济增长的决定因素,罗伯特・J・巴罗,中国人民大学出版社,2004-9,20.00元,8.5,67,https://book.douban.com/subject/1186552/
经济,内部流动性与外部流动性,[芬] 本特·霍姆斯特罗姆、[法] 让·梯若尔,格致出版社,2017-4,48.00,8.7,17,https://book.douban.com/subject/5419157/
经济,激励与政治经济学,让-雅克•拉丰,中国人民大学出版社,2013-9-1,49,,10,https://book.douban.com/subject/25760363/
经济,启蒙经济,[美] 乔尔·莫克尔,中信出版集团,2020-7-1,168.00元,8.6,61,https://book.douban.com/subject/35083078/
经济,创新,[美] 威廉·鲍莫尔,中信出版社,2016-7-31,58.00元,8.2,40,https://book.douban.com/subject/26879789/
经济,破茧,施展,湖南文艺出版社,2020-12,58,7.7,1651,https://book.douban.com/subject/35221197/
经济,道德情操与物质利益,赫尔伯特·金蒂斯 塞缪尔·鲍尔斯 等,中国人民大学出版社,2015-4-1,CNY 78.00,9.2,18,https://book.douban.com/subject/26390741/
经济,美国社会经济五个基本问题,詹姆斯·M.斯通,中信出版社,2017-4,52,7.5,34,https://book.douban.com/subject/27009625/
经济,邓小平传,[英]理查德.伊文思,田山,国际文化出版公司,2019-8-1,8.1,390,https://book.douban.com/subject/36417456/
经济,早期经济思想,[美] A. E. 门罗 编,商务印书馆,2011-4-1,30.00元,8.7,33,https://book.douban.com/subject/4887602/
经济,经济增长的道德意义,弗里德曼,中国人民大学出版社,2013-4,69.00元,,10,https://book.douban.com/subject/24523174/
经济,公共选择理论,[英国] 丹尼斯·C.缪勒,中国社会科学出版社,2010-8,63.00元,8.1,25,https://book.douban.com/subject/6383619/
经济,政治算术,罗伯特·威廉·福格尔 (Robert William Fogel)、罗伯特·福格尔,机械工业出版社,2015-2-1,50,8.3,39,https://book.douban.com/subject/26334772/
经济,就业选配、工资差距与失业,[美]戴尔·莫滕森（Dale T. Mortensen ）、[塞浦路斯]克里斯托弗·皮萨里德斯（Christopher A. Pissarides）,机械工业出版社,2016-8,65.00,,10,https://book.douban.com/subject/26848731/
经济,宏观经济思想七学派,埃德蒙德·菲尔普斯 (Edmund S.Phelps),机械工业出版社,2015-7-1,CNY 45.00,8.0,50,https://book.douban.com/subject/26526051/
经济,特殊利益政治学,吉恩·M.格罗斯曼 (Gene M.Grossman)、埃尔赫南·赫尔普曼 (Elhanan Helpman),上海财经大学出版社,2009-4-1,38.00元,8.4,16,https://book.douban.com/subject/3768466/
经济,守规的代理人,[英] 蒂莫西·贝斯利,上海人民出版社,2017-8,58.00元,,10,https://book.douban.com/subject/27115812/
经济,英国百年财政挤压政治,克里斯多夫·胡德,上海财经大学出版社,2019-5-1,56,,10,https://book.douban.com/subject/34743008/
经济,共同利益经济学,[法] 让·梯若尔,商务印书馆,2020-1,98.00,8.3,95,https://book.douban.com/subject/34463602/
经济,经济学中的理性,Vernon L. Smith,中国人民大学出版社,2013-10-1,59.00元,9.6,54,https://book.douban.com/subject/25821799/
经济,欧洲财政国家的兴起,理查德·邦尼,上海财经大学出版社,2016-8-26,CNY 68.00,7.9,71,https://book.douban.com/subject/26872481/
经济,王室与巨贾,赖建诚,浙江大学出版社,2015-12,56.00元,8.0,63,https://book.douban.com/subject/26694302/
经济,转型时期（16-18世纪）的法国贵族,詹娜,武汉大学出版社,2018-6-1,CNY45.00,7.3,12,https://book.douban.com/subject/30398988/
经济,向上管理,梅洛迪·怀尔丁,中信出版集团,2025-8,59,7.7,23,https://book.douban.com/subject/37508924/
经济,股市之神,是川银藏、是川銀藏,时报文化出版有限公司,1991-7,64.00元,8.4,122,https://book.douban.com/subject/3421226/
经济,国家的财政危机,[美] 詹姆斯·奥康纳,上海财经大学出版社,2017-9-22,49.00元,7.8,33,https://book.douban.com/subject/27667452/
经济,君主专制政体下的财政极限,詹姆斯·B·柯林斯,上海财经大学出版社,2016-8-26,CNY 46.00,8.2,46,https://book.douban.com/subject/26872652/
经济,危机、革命与自维持型增长,W.M.奥姆罗德（W.M.Ormrod）、玛格丽特·邦尼（Margaret Bonney）、理查德·邦尼（Richard Bonney）,上海财经大学出版社,2020-11,128.00,8.2,18,https://book.douban.com/subject/35260279/
经济,战争、收入与国家构建,[美]谢尔登·D.波拉克,上海财经大学出版社,2021-7,89.00元,9.2,40,https://book.douban.com/subject/35577014/
经济,强制、资本和欧洲国家（公元990-1992年）,[美] 查尔斯·蒂利,上海人民出版社,2021-4,68.00元,7.1,57,https://book.douban.com/subject/35481510/
经济,经济系统与国家财政,[美] 理查德·邦尼,上海财经大学出版社,2018-12-1,128,7.4,27,https://book.douban.com/subject/30286810/
经济,财政理论史上的经典文献（引进版）,理查德.A.马斯格雷夫,上海财经大学出版社,2015-9,CNY 58.00,8.8,25,https://book.douban.com/subject/26604662/
经济,税收哲人,(美)哈羅德‧M.格羅夫斯,上海财经大学出版社,2018-9-1,49,7.5,17,https://book.douban.com/subject/30349576/
经济,发展中国家的税收与国家构建,黛博拉·布罗蒂加姆、奥德-黑尔格·菲耶尔斯塔德、米克·摩尔 主编,上海财经大学出版社,2016-8,42.00元,7.8,23,https://book.douban.com/subject/27101671/
经济,Python金融大数据分析 (第2版),[德] 伊夫·希尔皮斯科,人民邮电出版社,2020-4,139.00元,8.2,66,https://book.douban.com/subject/35016263/
心理学,安定此心,姜涛,中信出版集团,2026-1,58.00元,8.5,3462,https://book.douban.com/subject/37502923/
心理学,不原谅也没关系,[美] 皮特·沃克,北京科学技术出版社,2023-1-1,89.00元,8.9,15818,https://book.douban.com/subject/36132802/
心理学,被讨厌的勇气,[日] 岸见一郎、[日] 古贺史健,机械工业出版社,2015-4,39.80元,8.5,144411,https://book.douban.com/subject/26369699/
心理学,存在主义心理治疗,[美] 欧文·亚隆,商务印书馆,2015-5,79.00,9.5,9368,https://book.douban.com/subject/26304954/
心理学,中国式家庭,陈海贤,万卷出版公司,2026-5-20,59.80元,8.7,135,https://book.douban.com/subject/38438331/
心理学,友情心理学,[美] 玛丽萨·弗兰科,中国人民大学出版社,2026-3,69.00元,7.9,126,https://book.douban.com/subject/38239119/
心理学,讨好反应,英格丽德·克莱顿（Ingrid Clayton）,中信出版社,2026-5,68.00,9.1,29,https://book.douban.com/subject/38435963/
心理学,少有人走的路,[美] M·斯科特·派克,吉林文史出版社,2007-1,26.00元,8.3,103032,https://book.douban.com/subject/1775691/
心理学,活出生命的意义,[奥] 维克多·弗兰克,华夏出版社,2010-6,29.00元,8.5,28975,https://book.douban.com/subject/5330333/
心理学,允许一切情绪发生,[美]马克·布雷克特,上海社会科学院出版社,2026-4,56.8,7.3,63,https://book.douban.com/subject/38391373/
心理学,受伤的研究者,(美) 罗伯特·罗曼尼申,北京师范大学出版社,2026-3,98.00元,,17,https://book.douban.com/subject/37658441/
心理学,身体从未忘记,[美] 巴塞尔·范德考克,机械工业出版社,2016-3,55.00元,9.0,5970,https://book.douban.com/subject/26796536/
心理学,要有光,梁鸿,中信出版集团,2025-9,69.00元,9.0,8795,https://book.douban.com/subject/37407380/
心理学,心的表达,李沁云,上海文艺出版社,2025-1,59,8.6,958,https://book.douban.com/subject/37134264/
心理学,当下的力量,[德] 埃克哈特·托利,中信出版社,2016-6,35.00元,8.5,11772,https://book.douban.com/subject/26815948/
心理学,自伤自恋的精神分析,[日本] 斋藤环,广西师范大学出版社,2024-11,48.00元,7.8,4271,https://book.douban.com/subject/36998978/
心理学,早安，怪物,[加] 凯瑟琳·吉尔迪纳,花山文艺出版社,2024-3-19,59.80元,9.0,14339,https://book.douban.com/subject/36700758/
心理学,有毒的人,[加]利安娜·坦恩·布林克,中信出版社,2026-4-10,58.80,7.3,64,https://book.douban.com/subject/38226723/
心理学,灵魂建筑师,[德] 史蒂夫·安扬,新星出版社,2026-5,98.00,9.3,13,https://book.douban.com/subject/38384062/
心理学,你经历了什么？,[美] 布鲁斯·D.佩里、[美] 奥普拉·温弗瑞,中信出版社,2022-1-8,68.00元,8.6,2852,https://book.douban.com/subject/35706967/
心理学,行為,羅伯．薩波斯基,八旗文化,2019-4-3,TWD 1200,9.3,571,https://book.douban.com/subject/33384512/
心理学,心流,[美] 米哈里·契克森米哈赖,中信出版社,2017-11,49.00元,8.1,21962,https://book.douban.com/subject/27186106/
心理学,认知觉醒,周岭,人民邮电出版社,2020-10,59.8,8.0,36377,https://book.douban.com/subject/35193035/
心理学,爱的艺术,[美] 艾·弗洛姆,上海译文出版社,2008-4,15.00元,8.8,56791,https://book.douban.com/subject/3026879/
心理学,津巴多普通心理学 (第8版),[美] 菲利普·津巴多、[美] 罗伯特·约翰逊、[美] 薇薇安·麦卡恩,人民邮电出版社,2022-7,198.00元,9.2,2167,https://book.douban.com/subject/35897952/
心理学,漫长的分手,[美] 黛安娜·沃恩,广西师范大学出版社,2026-5,78.00元,7.8,43,https://book.douban.com/subject/37856811/
心理学,亲密关系 （第8版）,【美】罗兰·米勒,人民邮电出版社,2024-1,148.00元,9.0,2221,https://book.douban.com/subject/36787449/
心理学,死亡否认,[美] 欧内斯特·贝克尔,广西师范大学出版社,2026-3,56.00元,8.7,97,https://book.douban.com/subject/37940374/
心理学,热锅上的家庭,[美] 奥古斯都·纳皮尔、卡尔·惠特克,北京联合出版公司,2020-5,68.00元,8.7,4310,https://book.douban.com/subject/26257557/
心理学,红书,[瑞士] 荣格（C. G. Jung）原著、[英] 索努·沙姆达萨尼（Sonu Shamdasani）编译,机械工业出版社,2016-12,199.00元,9.0,3362,https://book.douban.com/subject/26907984/
心理学,深度关系,武志红,九州出版社,2023-10,68,8.2,4155,https://book.douban.com/subject/36593611/
心理学,非暴力沟通,[美] 马歇尔·卢森堡,华夏出版社,2009-1,29.00元,8.4,74440,https://book.douban.com/subject/3533221/
心理学,共同知识,[美] 史蒂芬·平克,浙江教育出版社,2026-1-13,129.90元,7.6,89,https://book.douban.com/subject/38175344/
心理学,进化心理学(第4版),[美] 戴维·巴斯,商务印书馆,2015-9,88.00元,9.0,3752,https://book.douban.com/subject/26683297/
心理学,解药,[英] 奥利弗·伯克曼,北京联合出版公司,2026-4,58.00,7.6,52,https://book.douban.com/subject/38393333/
心理学,心理治疗中的依恋,[美] David J. Wallin,中国轻工业出版社,2014-1-1,70.00,9.3,1471,https://book.douban.com/subject/25753137/
心理学,伯恩斯情绪疗法,[美]戴维·伯恩斯,北京科学技术出版社,2025-5-25,128.00,8.5,210,https://book.douban.com/subject/37349017/
心理学,福格行为模型,[美] B.J.福格,天津科学技术出版社,2021-10,109.90元,8.7,7021,https://book.douban.com/subject/35594496/
心理学,社会心理学（第11版，精装彩印）,[美] 戴维·迈尔斯,人民邮电出版社,2014-10-1,368.00元,9.4,8916,https://book.douban.com/subject/25982198/
心理学,社会心理学,[美] 戴维·迈尔斯,人民邮电出版社,2006-1,68.00元,9.0,29201,https://book.douban.com/subject/1476651/
心理学,真相不会沉默,刘良,北京联合出版公司,2026-3,58.00元,7.5,703,https://book.douban.com/subject/38193831/
心理学,1.23%,李家杰,生活·读书·新知三联书店,2026-5,50.00元,8.6,75,https://book.douban.com/subject/37668513/
心理学,逃离精神吸血鬼,[法] 斯特凡·克莱热,广西师范大学出版社,2026-5,46,7.9,47,https://book.douban.com/subject/38406588/
心理学,中年之路,[美] 詹姆斯·霍利斯、James Hollis,浙江大学出版社,2022-12,58.00,8.1,2867,https://book.douban.com/subject/36139391/
心理学,金花的秘密,[瑞士] 荣格、[德] 卫礼贤,商务印书馆,2016-7,38.00元,8.6,2755,https://book.douban.com/subject/26849476/
心理学,永远不够好,[美] 珍妮弗·布雷尼·华莱士,北京科学技术出版社,2026-1-1,79.00元,8.7,58,https://book.douban.com/subject/37892656/
心理学,诊疗椅上的谎言,[美] 欧文·亚隆,机械工业出版社,2017-3,49.00元,9.0,5732,https://book.douban.com/subject/27018914/
心理学,亲密陷阱,[英]瑞秋·奥尼尔,岳麓书社,2025-12,69.00,8.6,184,https://book.douban.com/subject/37832889/
心理学,伯克毕生发展心理学（第7版）,[美] 劳拉·E.伯克、劳拉· 伯克,中国人民大学出版社,2021-10,258.00元,9.3,270,https://book.douban.com/subject/35623788/
心理学,创伤与复原,朱迪思·赫尔曼,机械工业出版社,2015-8,45.00元,9.1,1632,https://book.douban.com/subject/26721477/
心理学,当下的力量（珍藏版）,埃克哈特•托利 (Eckhart Tolle),中信出版社,2013-7-1,CNY 32.00,8.7,13041,https://book.douban.com/subject/24758481/
心理学,亲密关系（第6版）,[美] 罗兰·米勒,人民邮电出版社,2015-6,138.00元,9.2,32358,https://book.douban.com/subject/26585065/
心理学,怪诞行为学7,[美] 丹·艾瑞里,崔凯,中信出版社,2024-7,8.1,190,https://book.douban.com/subject/36930337/
心理学,影响力,[美] 罗伯特·西奥迪尼,北京联合出版公司,2021-11-1,99.90元,8.6,5259,https://book.douban.com/subject/35637771/
心理学,社会心理学（第10版）,[美] 埃略特·阿伦森（Elliot Aronson） [美] 蒂莫西·D. 威尔逊（Timothy D. Wilson） [美] 塞缪尔·R.萨默斯（Samuel R. Sommers）,人民邮电出版社,2023-3,188,9.3,642,https://book.douban.com/subject/36249823/
心理学,我们何以不同,王芳,北京日报出版社,2023-7,82元,9.1,3045,https://book.douban.com/subject/36464033/
心理学,创伤与解离,利奈特·S. 丹尼恰克（Lynette S. Danylchuk ）、凯文·J. 康纳斯（Kevin J. Connors）,人民邮电出版社,2023-1,69.80元,8.2,197,https://book.douban.com/subject/36227281/
心理学,白熊实验,［加］丹尼尔·M. 韦格纳,北京联合出版公司,2026-4,49.80元,8.8,50,https://book.douban.com/subject/38422834/
心理学,仪式的力量,[美] 迈克尔·诺顿（Michael Norton）,国文出版社,2026-2-28,59.80,6.9,123,https://book.douban.com/subject/38179934/
心理学,变态心理学（第11版）,［美］杰弗里· S.尼维德（Jeffrey S. Nevid）、［美］斯潘塞·A. 拉瑟斯（Spencer A. Rathus）、［美］贝弗利· 格林（Beverly Greene）,人民邮电出版社,2025-5,168,8.8,152,https://book.douban.com/subject/37324563/
心理学,胡思乱想消除指南,[澳] 萨拉·埃德尔曼、Sarah Edelman,中国友谊出版公司,2023-2,68.00元,8.2,1605,https://book.douban.com/subject/36221918/
心理学,我们为什么不爱了,曹雪敏,上海三联书店,2025-9,68.00,8.4,317,https://book.douban.com/subject/37557543/
心理学,我可能错了,[瑞典] 比约恩·纳提科·林德布劳、[瑞典] 卡罗琳·班克勒、[瑞典] 纳维德·莫迪里,北京科学技术出版社,2024-9-1,59.00元,8.4,2196,https://book.douban.com/subject/37021120/
心理学,深度关系,[美] 大卫·布拉德福德、[美] 卡罗尔·罗宾,机械工业出版社,2023-5,109.00元,8.4,1157,https://book.douban.com/subject/36336313/
心理学,心理学与生活,[美] 理查德·格里格、菲利普·津巴多,人民邮电出版社,2003-10,88.00元,8.8,19937,https://book.douban.com/subject/1032501/
心理学,回忆、梦、思考,[瑞士] 卡尔·古斯塔夫·荣格,上海译文出版社,2020-7,68.00元,9.1,1821,https://book.douban.com/subject/35088137/
心理学,理解人性,[奥地利] 阿尔弗雷德·阿德勒,中国人民大学出版社,2017-9,39.90元,8.1,1224,https://book.douban.com/subject/30360449/
心理学,给心理治疗师的礼物,欧文·亚隆,中国轻工业出版社,2015-3,58.00,9.4,2101,https://book.douban.com/subject/26841312/
心理学,自洽大脑,保罗·戈德史密斯,中信出版集团,2026-3,69.00元,9.3,30,https://book.douban.com/subject/38239439/
心理学,重塑神经，重塑自我,[英] 妮可·维尼奥拉,天津科学技术出版社有限公司,2025-12,58,7.8,52,https://book.douban.com/subject/37852217/
心理学,蛤蟆先生去看心理医生·漫画版,陈赢,四川文艺出版社,2022-9,48.00,8.7,3829,https://book.douban.com/subject/36105663/
心理学,心理学与生活 (第20版),[美] 理查德·格里格,人民邮电出版社,2023-10,258.00元,9.2,271,https://book.douban.com/subject/36591182/
心理学,痛苦上瘾,[美]卡洛琳·埃利奥特,浙江大学出版社,2026-5,59,,10,https://book.douban.com/subject/38384286/
心理学,了不起的我,陈海贤,台海出版社,2019-10-23,69.00元,8.9,14990,https://book.douban.com/subject/34836531/
心理学,道德进步的心理学,殷融,上海三联书店,2026-5,98,9.9,62,https://book.douban.com/subject/38411709/
心理学,疯癫哲学,[荷] 沃特·库斯特斯 (Wouter Kusters),民主与建设出版社,2026-5,158.00,,10,https://book.douban.com/subject/38365858/
心理学,爱的五种语言,盖瑞·查普曼,中国社会出版社,2023-10-1,59.00元,8.5,942,https://book.douban.com/subject/36680787/
心理学,此生何为,[印]克里希那穆提,中国书籍出版社,2026-3,45.8,7.9,241,https://book.douban.com/subject/38226276/
心理学,心灵的面具 (第二版),杰瑞姆·布莱克曼,华东师范大学出版社,2021-6,48,8.7,210,https://book.douban.com/subject/35524560/
心理学,成为我自己,[美] 欧文·亚隆,机械工业出版社,2019-6,99.00,8.7,3048,https://book.douban.com/subject/33460827/
心理学,幸福的勇气,[日] 岸见一郎、古贺史健,机械工业出版社,2017-5-1,45,8.2,11448,https://book.douban.com/subject/27039296/
心理学,你到底有多想要？,（美）马特·菲茨杰拉德,广西师范大学出版社,2026-1,58,8.0,187,https://book.douban.com/subject/37384982/
心理学,如何了解一个人,[美] 戴维·布鲁克斯,中信出版社,2025-10,69.00元,7.1,526,https://book.douban.com/subject/37568143/
心理学,非暴力沟通（修订版）,[美] 马歇尔·卢森堡,华夏出版社,2021-5,59.80元,8.6,9210,https://book.douban.com/subject/35519608/
心理学,5%的改变,李松蔚,四川文艺出版社,2022-6-22,49.80,8.1,6952,https://book.douban.com/subject/35929651/
心理学,贪婪的多巴胺,(美) 丹尼尔·利伯曼、(美) 迈克 尔·E.朗、Daniel Z. Lieberman,中信出版社,2021-8,59,7.7,15946,https://book.douban.com/subject/35545272/
心理学,伯恩斯新情绪疗法,[美] 戴维·伯恩斯,中国城市出版社,2011-1,49.80元,9.0,6133,https://book.douban.com/subject/5980113/
心理学,母女关系的精神分析,[日] 斋藤环,广西师范大学出版社,2025-7,48.00元,7.1,1092,https://book.douban.com/subject/37324416/
心理学,自卑与超越,[奥]阿尔弗雷德·阿德勒,上海译文出版社,2022-11-1,49,7.7,1493,https://book.douban.com/subject/36139149/
心理学,反倦怠能量站,刀熊,江苏凤凰文艺出版社,2025-6-25,55.00元,8.0,1114,https://book.douban.com/subject/37393807/
心理学,我们时代的神经与精神疾病,(美) 埃里克·坎德尔,北京联合出版公司,2024-7,88.00元,8.7,621,https://book.douban.com/subject/36930293/
心理学,声音疗愈,[英]法扎娜·阿里,北京科学技术出版社,2026-3,79.00元,8.5,39,https://book.douban.com/subject/38230594/
心理学,情感勒索,[美] 苏珊·福沃德、唐娜·弗雷泽,四川人民出版社,2018-10,45.00元,8.1,3577,https://book.douban.com/subject/30235060/
心理学,社会性动物,埃利奥特·阿伦森Elliot Aronson,华东师范大学出版社,2007-12,45.00元,9.0,16118,https://book.douban.com/subject/2328458/
心理学,自卑与超越(完整全译本),[奥] 阿尔弗雷德·阿德勒,中国友谊出版公司,2017-1-1,39.8元,7.8,7251,https://book.douban.com/subject/26989781/
心理学,我的骨头没有忘记,[美] 斯蒂芬妮·胡,广东经济出版社,2024-9,59.80元,8.5,4655,https://book.douban.com/subject/36986587/
心理学,不被支配,[美] 沙希达·艾拉比,王瑾雅,人民邮电出版社,2024-6,8.4,1108,https://book.douban.com/subject/36923814/
心理学,共时性,[瑞士]卡尔·荣格,浙江文艺出版社,2025-6,45,8.3,295,https://book.douban.com/subject/37346622/
心理学,逃避自由,[美] 艾里希·弗洛姆,上海译文出版社,2015-6,28.00元,9.2,12473,https://book.douban.com/subject/26418475/
心理学,成瘾年代,[美]卡尔·埃里克·费希尔（Carl Erik Fish,北京科学技术出版社,2026-4,89.00,,24,https://book.douban.com/subject/38431054/
心理学,压抑的愤怒,[美] 卡罗尔·齐索维茨·斯特恩斯、[美] 彼得·N.斯特恩斯,光启书局,2026-5,108,,10,https://book.douban.com/subject/37830763/
心理学,生死之问,[美] 罗伯特·卡斯滕鲍姆、[美] 克里斯托弗·M.莫尔曼,新华出版社,2026-4,158.00元,9.4,29,https://book.douban.com/subject/38425785/
心理学,理解人性,[奥] 阿尔弗雷德·阿德勒,天津人民出版社,2026-1,35.00,6.8,82,https://book.douban.com/subject/37931967/
心理学,重塑杏仁核,[美]凯瑟琳·M.皮特曼(Catherine M.Pittman),中国科学技术出版社,2024-7,79.00元,8.1,911,https://book.douban.com/subject/36888546/
心理学,心理咨询与治疗的理论及实践（原著第10版）,（美）杰拉德·科里（Gerald Corey）、杰拉尔德·科里,中国轻工业出版社,2021-3,118.00元,9.1,225,https://book.douban.com/subject/35309273/
心理学,人性的深渊,吴琪、王珊,生活·读书·新知三联书店、生活书店出版有限公司,2025-5,67.00元,7.4,5693,https://book.douban.com/subject/37305024/
心理学,教育心理学（原书第15版）,[美]安妮塔·伍尔福克（Anita Woolfolk）、[美]艾伦·L. 亚瑟（Ellen L. Usher）,人民邮电出版社,2025-9,169.00元,9.4,56,https://book.douban.com/subject/37517876/
心理学,多拉,[奥] 西格蒙德·弗洛伊德,上海人民出版社,2026-3,65.00元,9.6,17,https://book.douban.com/subject/37894953/
心理学,认知行为疗法（原著第三版）（万千心理）,（美）德博拉·罗思·莱德利（Deborah Roth Ledley）、（美）布莱恩·P. 马克思（Brian P. Marx）、（美）理查德·G. 亨伯格（Richard G. Heimberg）,中国轻工业出版社,2022-1,82.00元,8.8,109,https://book.douban.com/subject/35680589/
心理学,在一起,[美] 理查德·桑内特,上海译文出版社,2026-3,68,8.4,39,https://book.douban.com/subject/38213804/
心理学,心理治疗实战录,[美] Michael Franz Basch,中国轻工业出版社,2014-1,45.00元,9.4,594,https://book.douban.com/subject/25760338/
心理学,社会性动物（第12版）,[美] 埃利奥特·阿伦森、[美] 乔舒亚·阿伦森,华东师范大学出版社,2020-5-1,79.00元,8.7,2842,https://book.douban.com/subject/34970886/
心理学,空洞的心,[加]加博尔·马泰(Gabor Maté),机械工业出版社,2023-5,89.00元,8.2,1489,https://book.douban.com/subject/36296679/
心理学,粉红色柔软的学习者,[美] 大卫·伊格曼,浙江科学技术出版社,2024-11-1,99.90元,8.0,436,https://book.douban.com/subject/37097532/
心理学,我别无所求，只想被阳光晒透,[日]加藤谛三,人民邮电出版社,2026-4,49.80元,,34,https://book.douban.com/subject/38391878/
心理学,精神分析诊断,]美] N. McWilliams,中国轻工业出版社,2015-7-1,98.00,9.5,1457,https://book.douban.com/subject/26593221/
心理学,助人技术（第5版）,(美) 克拉拉·E.希尔 (Clara E. Hill)、克拉拉·E·希尔,朱旭,中国人民大学出版社,2024-10,9.7,65,https://book.douban.com/subject/37025423/
心理学,影响力,[美] 罗伯特·西奥迪尼,中国人民大学出版社,2006-5,45.00元,8.6,51041,https://book.douban.com/subject/1786387/
心理学,这才是心理学 (第11版),[加] 基思·斯坦诺维奇,人民邮电出版社,2020-4,78.00元,8.9,3137,https://book.douban.com/subject/35023259/
心理学,我们内心的冲突,[美] 卡伦·霍尼,湖南人民出版社,2022-1-1,52,8.9,2708,https://book.douban.com/subject/35627242/
心理学,耶鲁大学公开课：心理学导论,[加] 保罗·布卢姆,九州出版社,2025-10,66元,9.0,199,https://book.douban.com/subject/37561342/
心理学,自控力,[美] 凯利·麦格尼格尔,文化发展出版社(原印刷工业出版社),2012-8,39.80元,8.2,60077,https://book.douban.com/subject/10786473/
心理学,纷乱的心灵,[加] 加博尔·马泰,机械工业出版社,2025-9,79.00元,9.3,158,https://book.douban.com/subject/37545838/
心理学,坏信念,[英] 尼尔·利维,人民邮电出版社,2025-11,59.80元,8.2,38,https://book.douban.com/subject/37862198/
心理学,悲伤复原力,[新西兰] 露西·霍恩,湖南科学技术出版社,2026-1,59.00,8.6,87,https://book.douban.com/subject/37939330/
心理学,被讨厌的勇气,[日] 岸见一郎、[日] 古贺史健,机械工业出版社,2021-1,55.00元,8.2,43961,https://book.douban.com/subject/36150914/
心理学,操纵心理学,[美] 哈丽雅特•B•布瑞克、Harriet B. Braiker,民主与建设出版社,2020-9,49.80元,8.1,1712,https://book.douban.com/subject/35169061/
心理学,好女孩综合征,[西班牙] 玛尔塔·马丁内斯·诺沃亚,中信出版集团,2026-2,59.00元,8.1,235,https://book.douban.com/subject/38210124/
心理学,猫小妹和她的心理咨询师（万千心理）,张亚,中国轻工业出版社,2026-5,59.80元,,10,https://book.douban.com/subject/38374334/
心理学,抑郁的力量,[日]泉谷闲示,北京科学技术出版社,2024-7-22,59.00,8.5,2194,https://book.douban.com/subject/36959522/
心理学,金钱心理学,[美] 摩根·豪泽尔,中信出版社,2026-3-15,58.8,8.6,137,https://book.douban.com/subject/38175889/
心理学,这次，听我的,王瑞,王瑞,民主与建设出版社,2026-6-1,,10,https://book.douban.com/subject/38433307/
心理学,个人形成论,[美] 卡尔·R·罗杰斯,中国人民大学出版社,2004-7-1,35.00元,9.2,2482,https://book.douban.com/subject/1218321/
心理学,清醒地活,[美] 迈克尔·辛格,机械工业出版社,2021-9,59.00元,8.7,5858,https://book.douban.com/subject/35581777/
心理学,当代心理治疗,[美] 雷蒙德 ·科尔西尼（ Raymond J. Corsini）、[美] 丹尼 ·韦丁（ Danny Wedding）,中国人民大学出版社,2021-9-1,139,9.7,127,https://book.douban.com/subject/35591057/
心理学,改变心理学的40项研究 (第7版),[美] 罗杰·R.霍克,人民邮电出版社,2018-1,48.00元,9.1,2074,https://book.douban.com/subject/30247656/
心理学,内在生命,[英] 马戈·沃德尔,中国轻工业出版社,2017-5,56.00,9.1,600,https://book.douban.com/subject/27021541/
心理学,红书,荣格、C. G. Jung,中央编译出版社,2012-3,298.00元,9.2,1167,https://book.douban.com/subject/10515314/
心理学,隐秘的羞耻感,[美] 约翰·布拉德肖,安徽人民出版社,2025-8,88.00元,8.4,132,https://book.douban.com/subject/37258978/
心理学,躲在蚊子后面的大象,"(德) 恩斯特弗里德·哈尼希, (德) 爱娃·温德勒著",台海出版社,2024-1-18,49.80,7.1,3313,https://book.douban.com/subject/36683853/
心理学,弗洛伊德及其后继者,斯蒂芬·A.米切尔、玛格丽特·J.布莱克,商务印书馆,2007,34.00元,9.3,1813,https://book.douban.com/subject/2285530/
心理学,也不知道谁更疯,[英] 本吉·沃特豪斯,云南人民出版社,2024-11,59.00,8.3,605,https://book.douban.com/subject/37101298/
心理学,自恋主义文化,[美] 克里斯托弗·拉什,上海译文出版社,2026-3,78.00元,8.1,16,https://book.douban.com/subject/38223587/
心理学,改变心理学的40项研究,[美] 罗杰·霍克,人民邮电出版社,2010-8-1,28.00元,9.2,5890,https://book.douban.com/subject/5248516/
心理学,人性的六大知识领域,[美] 兰迪·拉森、[美] 戴维·巴斯,人民邮电出版社,2025-7,258.00元,9.6,55,https://book.douban.com/subject/37420928/
心理学,叔本华的治疗,[美]欧文·D.亚隆(Irvin D. Yalom),机械工业出版社,2021-4,99.00,9.0,2475,https://book.douban.com/subject/35404964/
心理学,不要担心2小时和8公里以外的事情,李松涛,北京联合出版公司,2025-10-13,49.8,5.9,1116,https://book.douban.com/subject/37745515/
心理学,成瘾自控手册,[美]安娜·伦布克,新星出版社,2025-10,42.00元,7.2,35,https://book.douban.com/subject/37517202/
心理学,变态心理学（第6版）,[美] 苏珊·诺伦-霍克西玛,人民邮电出版社,2017-7,128.00元,9.1,658,https://book.douban.com/subject/27074856/
心理学,人格障碍的认知行为疗法,[美] 亚伦·T.贝克（Aaron T.Beck）、[美] 丹尼丝·D.戴维斯（Denise D.Davis）、[美] 阿瑟·弗里曼（Arthur Freeman）、阿伦·贝克,人民邮电出版社,2018-10,108.00元,8.9,328,https://book.douban.com/subject/30386781/
心理学,健康的迷思,[加]加博尔·马泰（Gabor Maté）、[加]丹尼尔·马泰（Daniel Maté）,机械工业出版社,2025-4,89.00元,8.5,290,https://book.douban.com/subject/37317971/
心理学,掌控习惯,[美] 詹姆斯·克利尔,北京联合出版公司,2019-7,56.00元,8.8,15478,https://book.douban.com/subject/34326931/
心理学,不成熟的父母,[美] 琳赛·吉布森（Lindsay C. Gibson）、Lindsay C. Gibson,机械工业出版社,2017-6,45.00,8.7,1918,https://book.douban.com/subject/27045252/
心理学,臣服实验,[美] 迈克·A.辛格,南京大学出版社,2019-1-1,45.00元,8.0,9183,https://book.douban.com/subject/30384422/
心理学,性心理学,[英] 霭理士,商务印书馆,1999-04,46.00元,8.6,2527,https://book.douban.com/subject/1018360/
心理学,幽微的人性,李玫瑾,北京联合出版公司,2019-3,39.80元,7.9,5728,https://book.douban.com/subject/33374389/
心理学,循环提问,[德]弗里茨•B.西蒙、[德]克里斯特尔•莱西-西蒙、[德]弗里茨·B.西蒙,商务印书馆,2013-8,46.00元,9.4,696,https://book.douban.com/subject/25723254/
心理学,如何成为不完美主义者,[美] 斯蒂芬·盖斯,江西人民出版社,2021-4,38.00元,8.3,5955,https://book.douban.com/subject/35390276/
心理学,爱情刽子手：存在主义心理治疗的10个故事,[美]欧文·D.亚隆(Irvin D. Yalom),机械工业出版社,2021-6,79.00,8.7,1246,https://book.douban.com/subject/35513203/
心理学,为什么我们不愿认错,[美] 卡罗尔·塔夫里斯、[美] 埃利奥特·阿伦森,中信出版集团,2024-10,69.00元,7.4,76,https://book.douban.com/subject/37039277/
心理学,心理学与生活（第19版）,[美] 理查德·格里格、[美] 菲利普·津巴多,人民邮电出版社,2014-11-1,368.00元,9.2,2939,https://book.douban.com/subject/26286031/
心理学,祛魅,［法］罗伯特·纳伯格,［法］罗伯特·纳伯格,中国友谊出版公司,2024-11-12,6.6,665,https://book.douban.com/subject/37114324/
心理学,预测心智,[挪威] 雅克布·霍威,上海人民出版社,2022-8,112.00,9.5,17,https://book.douban.com/subject/36075930/
心理学,梦的解析,[奥] 西格蒙德·弗洛伊德,浙江文艺出版社,2016-7,CNY 68.00,8.1,3915,https://book.douban.com/subject/26823033/
心理学,我侧思维,[英] 基思·E.斯坦诺维奇,李东辉、石骏晖,世界图书出版公司,2024-8,8.1,13,https://book.douban.com/subject/37026779/
心理学,焦虑的一代,[美] 乔纳森·海特（Jonathan Haidt）,中国纺织出版社,2025-3-22,89.90元,7.5,741,https://book.douban.com/subject/37271557/
心理学,不被父母控制的人生,[美] 琳赛·吉布森、Lindsay C. Gibson,机械工业出版社,2021-1,59.00,8.7,1582,https://book.douban.com/subject/35279820/
心理学,愤怒的真相,库尔特·格雷,中信出版社,2026-4,78,,10,https://book.douban.com/subject/35768054/
心理学,刻意练习,[美] 安德斯·艾利克森（Anders Ericsson）、罗伯特·普尔（Robert Pool）,机械工业出版社,2016-11-6,39.00元,7.8,26453,https://book.douban.com/subject/26895993/
心理学,精神健康讲记,李辛,中医古籍出版社,2019-12,78.00元,9.2,5425,https://book.douban.com/subject/34939373/
心理学,阳明心学入门十讲,度阴山,云南人民出版社,2026-5-31,48.00元,,16,https://book.douban.com/subject/38426941/
心理学,心理治疗大辩论,布鲁斯·E. 瓦姆波尔德、扎克·E. 艾梅尔,中国人民大学出版社,2019-7,99.00元,9.2,125,https://book.douban.com/subject/34439715/
心理学,创伤与依恋：在依恋创伤治疗中发展心智化,[美]乔恩·G.艾伦（Jon G. Allen）,机械工业出版社,2022-2,89.00,8.7,219,https://book.douban.com/subject/35792986/
心理学,万物自洽法则,大张伟,北京联合出版公司,2025-8,48元,7.7,1883,https://book.douban.com/subject/37504059/
心理学,改变,[美] 保罗·瓦茨拉维克、[美] 约翰·威克兰德、[美] 理查德·菲什,教育科学出版社,2007-11-1,18.00元,8.7,2544,https://book.douban.com/subject/3006742/
心理学,回避型依恋,冈田尊司,四川人民出版社,2025-9,45.80元,6.6,190,https://book.douban.com/subject/37511502/
心理学,自恋及其缺憾,[美] 格林·O.加伯德、[美] 霍莉·克里斯普,王秀冰,重庆大学出版社,89.00,,20,https://book.douban.com/subject/38382713/
心理学,以生命的名义：弗洛姆谈话录,[美]艾里希·弗洛姆、[美国] 埃里希·弗洛姆,人民文学出版社,2022-8-1,65.00,8.4,330,https://book.douban.com/subject/36055285/
心理学,导读拉康,(英)肖恩·霍默,重庆大学出版社,2014-9-1,CNY 29.00,8.8,2946,https://book.douban.com/subject/25928726/
心理学,贪婪的多巴胺2,[美] 迈克尔·E.朗（Michael E. Long）,中信出版社,2026-1,59.00元,6.1,121,https://book.douban.com/subject/37662617/
心理学,成瘾,[美]安娜·伦布克,新星出版社,2023-3,59.00元,7.6,3602,https://book.douban.com/subject/36247880/
心理学,爱的失序,[德] 乌尔里希·贝克、[德] 伊丽莎⽩·⻉克-盖恩斯海姆,广西师范大学出版社,2025-5-31,78.00元,8.3,551,https://book.douban.com/subject/37237523/
心理学,天才在左，疯子在右,高铭,北京联合出版公司,2018-5-1,49.8,6.9,14679,https://book.douban.com/subject/30419261/
心理学,精神分析案例解析（万千心理）,"（美）麦克威廉斯（McWilliams, N.）",中国轻工业出版社,2015-2,78.00,9.5,1204,https://book.douban.com/subject/26365755/
心理学,小羊吃掉了星期一二三四五,[英]艾丽莎·弗里克  绘著；[英]内奥米·弗希尔 著,海峡书局,2026-2,56.80元,7.7,161,https://book.douban.com/subject/38224288/
心理学,怪诞行为学,[美] 丹·艾瑞里,中信出版社,2017-12-20,48,7.9,6512,https://book.douban.com/subject/27599381/
心理学,认知心理学 (第三版),E. Bruce Goldstein,中国轻工业出版社,2015-2,96.00元,9.2,574,https://book.douban.com/subject/26317334/
心理学,经历,[美] 大石繁宏,中信出版社,2026-2,59.00元,7.3,37,https://book.douban.com/subject/37417958/
心理学,一日浮生,[美] 欧文·D.亚隆,机械工业出版社,2025-3,72.00元,8.2,1045,https://book.douban.com/subject/37290701/
心理学,我们时代的神经症人格,[德]卡伦·霍妮（Karen Horney）,上海文化出版社,2021-3,49.80,8.6,3721,https://book.douban.com/subject/35356018/
心理学,耶鲁的心理学第一课,[美] 安宇敬,浙江教育出版社,2024-6,89.90元,7.8,198,https://book.douban.com/subject/36896583/
心理学,创伤后的自我成长,[英]雅尼娜·菲舍尔,世界图书出版公司,2023-10,69.00,9.3,61,https://book.douban.com/subject/36593706/
心理学,存在主义心理学的邀请,［丹麦］博·雅各布森,北京联合出版公司,2022-8-15,59.00,8.3,1521,https://book.douban.com/subject/36013362/
心理学,心理类型,[瑞士]卡尔·荣格,湖南文艺出版社,2024-9,78.00元,9.0,275,https://book.douban.com/subject/36973237/
心理学,自体心理学的理论与实践,怀特、韦纳,中国轻工业出版社,2013-2,32.00元,8.8,507,https://book.douban.com/subject/20506638/
心理学,客体关系与自体心理学导论,[美] 迈克尔·圣克莱尔、[美] 乔迪·维格伦,中国轻工业出版社,2024-12,82.00元,8.9,27,https://book.douban.com/subject/37031379/
心理学,界限,[美] 内德拉·格洛佛·塔瓦布,中信出版社,2022-1-25,59.00元,8.2,1388,https://book.douban.com/subject/35749698/
心理学,爱情刽子手,欧文 · 亚龙,希望出版社,2008,50.00元,8.9,1004,https://book.douban.com/subject/3432953/
心理学,生命的礼物,[美] 欧文·亚隆、[美]玛丽莲·亚隆,机械工业出版社,2023-4-28,79.00元,8.4,3674,https://book.douban.com/subject/36374635/
心理学,生活中的情绪心理学,彭凯平,清华大学出版社,2024-5,68.00元,7.6,330,https://book.douban.com/subject/36855480/
心理学,狂热分子,[美] 埃里克·霍弗,广西师范大学出版社,2011-6,34.00元,8.7,17497,https://book.douban.com/subject/3057556/
心理学,自体心理学导论,[美] 彼得·A. 莱塞姆（Peter A. Lessem）,中国轻工业出版社,2017-10,48.00元,9.3,532,https://book.douban.com/subject/27158270/
心理学,心理治疗中的人际过程(第7版),[美]爱德华·泰伯,人民邮电出版社,2021-7-1,138.00,9.6,130,https://book.douban.com/subject/35571344/
心理学,人类与象征,[瑞士] 卡尔·荣格,浙江文艺出版社,2023-11,129.00元,8.7,103,https://book.douban.com/subject/36623119/
心理学,焦虑的意义,【美】罗洛·梅,浙江教育出版社,2023-1,78.00元,8.8,209,https://book.douban.com/subject/36157456/
心理学,客体关系心理治疗,[美]Sheldon Cashdan,中国水利水电出版社,2006年12月,32.00元,9.2,553,https://book.douban.com/subject/1950407/
心理学,真想让我爱的人读读这本书,[英]菲利帕·佩里,中信出版集团,2024-4,48,8.1,1861,https://book.douban.com/subject/36811501/
心理学,像阿德勒一样思考和生活,岸见一郎,上海文化出版社,2018-2-25,45.00元,8.3,1411,https://book.douban.com/subject/30156481/
心理学,被讨厌的勇气,岸见一郎,机械工业出版社,2025-5-1,69,8.2,62,https://book.douban.com/subject/37382654/
心理学,幸福的陷阱 (第2版),[澳] 路斯·哈里斯,机械工业出版社,2023-10,69.00元,8.4,362,https://book.douban.com/subject/36624175/
心理学,像我们一样疯狂,[美] 亿森·沃特斯、伊森·沃特斯,北京师范大学出版社,2016-8,54.00元,8.8,1728,https://book.douban.com/subject/26842369/
心理学,找不到答案时就去找自己,崔璀,江苏凤凰文艺出版社,2026-3-20,55,8.0,113,https://book.douban.com/subject/38369039/
心理学,慢媒介,[美] 詹妮弗·劳赫,上海译文出版社,2026-3-31,65,8.3,90,https://book.douban.com/subject/38361637/
心理学,随他们去,[美] 梅尔·罗宾斯、[美] 索耶·罗宾斯,中信出版社,2025-10,69.00元,7.5,393,https://book.douban.com/subject/37652070/
心理学,看电影，学犯罪心理分析,张蔚,中国人民大学出版社,2026-4-2,89.90元,8.7,19,https://book.douban.com/subject/38391584/
心理学,未竟的依恋,[西] 卡洛斯·皮提亚斯·萨尔瓦,人民邮电出版社,2022-5-1,59.80元,8.4,555,https://book.douban.com/subject/35803163/
心理学,心理类型,荣格,上海三联书店,2009-12,58.00元,9.0,1397,https://book.douban.com/subject/4216680/
心理学,曾奇峰的心理课,曾奇峰,中国友谊出版公司,2020-11,52.00元,8.0,1459,https://book.douban.com/subject/35266377/
心理学,毕生发展 (第7版),[美] 约翰·桑特洛克,人民邮电出版社,2025-11-20,158.00元,9.7,31,https://book.douban.com/subject/37818942/
心理学,我体内的灾后重建,[美] 大卫·拜尔采利,机械工业出版社,2025-10,69.00元,,11,https://book.douban.com/subject/37808213/
心理学,欲望的演化（最新修订版）,[美]戴维·巴斯,中国人民大学出版社,2020-8,79.8,8.6,2241,https://book.douban.com/subject/35153840/
心理学,噪声,[以色列] 丹尼尔·卡尼曼、[法] 奥利维耶·西博尼、[美] 卡斯·R.桑斯坦,浙江教育出版社,2021-9-1,139.90元,7.3,1780,https://book.douban.com/subject/35541399/
心理学,天才的学习方法,[英] 朱利奥·迪安杰里,浙江教育出版社,2025-2,69,8.4,331,https://book.douban.com/subject/37026670/
心理学,一生之敌,[美] 史蒂文·普莱斯菲尔德,上海文化出版社,2024-9,49.8,7.0,3139,https://book.douban.com/subject/37009766/
心理学,运气的诱饵,[美] 娜塔莎·道·舒尔,民主与建设出版社,2021-12,69.00元,8.5,3343,https://book.douban.com/subject/35662675/
心理学,对伪心理学说不 (第8版),[加] 基思·斯坦诺维奇,人民邮电出版社,2012-1-1,28.00元,9.1,6144,https://book.douban.com/subject/6952036/
心理学,关系的重建,[美]阿米尔•莱文、[美]蕾切尔•赫尔勒,台海出版社,2018-9,45.00元,8.8,2256,https://book.douban.com/subject/30320071/
心理学,隐谷路,[美]罗伯特·科尔克,中信出版集团,2021-10,78元,9.2,13548,https://book.douban.com/subject/35599712/
心理学,拥抱你的伤痕,[美]梅格·肯尼迪·杜根、[美]罗杰·霍克,北京联合出版公司,2026-4,56.00元,,10,https://book.douban.com/subject/38377124/
心理学,躁动的无意识,[美]丹尼尔•利伯曼（Daniel Z. Lieberman）,湖南文艺出版社,2024-7,59.00元,7.3,292,https://book.douban.com/subject/36952473/
心理学,伯恩斯焦虑自助疗法,〔美〕戴维·伯恩斯,世界图书出版公司,2020-1,79.80,8.3,1407,https://book.douban.com/subject/35022055/
心理学,了解你，理解我,[美] 南希•J. 帕特里克 （Nancy J. Patrick）,华夏出版社,2023-3,59.00元,8.7,11,https://book.douban.com/subject/36216307/
心理学,自我关怀的力量,克里斯廷·内夫（Kristin Neff）、克里斯汀·内夫,中信出版社,2017-7,42.00元,8.3,1578,https://book.douban.com/subject/27101895/
心理学,蛤蟆先生去看心理医生,[英]罗伯特·戴博德  著、罗伯特·戴博德,天津人民出版社,2022-8-28,49.80元,8.7,844,https://book.douban.com/subject/36062217/
心理学,亲密关系,[美] 罗兰•米勒、丹尼尔•珀尔曼 (Daniel Perlman),人民邮电出版社,2011-1-1,68.00元,9.0,19980,https://book.douban.com/subject/5952488/
心理学,乌合之众,[法] 古斯塔夫·勒庞,上海译文出版社,2019-10-1,35,8.2,4099,https://book.douban.com/subject/34808973/
心理学,不要挑战人性,潘楷文,湖南文艺出版社,2021-11,68.00元,7.4,1620,https://book.douban.com/subject/35637963/
心理学,路西法效应,[美]菲利普·津巴多,生活·读书·新知三联书店,2010-03,48.00元,8.5,7028,https://book.douban.com/subject/4071842/
心理学,人生十二法则,乔丹·彼得森,浙江人民出版社,2019-11,79.90元,7.7,8249,https://book.douban.com/subject/34870933/
心理学,年龄是一种感觉,[加] 海莉·麦克吉,南海出版公司,2025-6,59.00元,8.1,5681,https://book.douban.com/subject/37270798/
心理学,探索情绪痛苦,陈玉英,人民邮电出版社,2021-11,89.00元,9.1,243,https://book.douban.com/subject/35755045/
心理学,创伤与记忆,[美] 彼得·莱文,机械工业出版社,2017-9,49.00,8.8,245,https://book.douban.com/subject/27136670/
心理学,闲暇与无聊,[日] 国分功一郎,人民邮电出版社,2026-1,59.80元,7.4,207,https://book.douban.com/subject/37927760/
心理学,洞见,[美] 罗伯特·赖特,北京联合出版公司,2020-8,78.00元（有2023年5月20印本）,7.9,7547,https://book.douban.com/subject/35140470/
心理学,乌合之众,[法] 古斯塔夫·勒庞,中央编译出版社,2005-1,16.00元,8.1,131080,https://book.douban.com/subject/1012611/
心理学,四千周 (修订版),[英] 奥利弗·伯克曼,贵州人民出版社,2026-4,59.80元,8.6,19,https://book.douban.com/subject/38424306/
心理学,我们内心的冲突,[美]卡伦·霍妮,岳麓书社,2026-4,59.00元,,10,https://book.douban.com/subject/38434966/
心理学,理解情绪,安冬,上海人民出版社,2026-6,62.00元,,,https://book.douban.com/subject/38501281/
心理学,踏入她们的河流,[加]拉文娜·M. 赫尔森、[加]瓦洛里·米切尔,北京联合出版公司,2026-3,88.00,8.5,51,https://book.douban.com/subject/37835716/
心理学,从崩溃中拯救我,[荷]苏塞特·波恩、[美]史嘉思、[荷]夏安诺,世界图书出版公司,2023-5,78.00,8.1,157,https://book.douban.com/subject/36358470/
心理学,亲密关系与情感依赖,[美] 阿米尔·莱文、[美] 蕾切尔·赫尔勒,李昀烨,中国友谊出版公司,2022-4,8.1,819,https://book.douban.com/subject/35885845/
心理学,爱的五种语言,盖瑞 • 查普曼、[美国] 盖瑞·查普曼,江西人民出版社,2018-4,49.00元,8.6,1625,https://book.douban.com/subject/30282281/
心理学,打开心智,李睿秋（Lachel）,中信出版社,2022-9-1,59,8.5,3485,https://book.douban.com/subject/36089614/
心理学,普通心理学（第６版）,彭聃龄,北京师范大学出版社,2023-12-1,88元,8.0,156,https://book.douban.com/subject/36736639/
心理学,掌控习惯,詹姆斯·克利尔,北京联合出版公司,2023-11,58.00元,8.6,2271,https://book.douban.com/subject/36607425/
心理学,心理学与炼金术,[瑞士]C.G.荣格、[瑞士] 卡尔·荣格,译林出版社,2020-7,69.00,8.7,217,https://book.douban.com/subject/35014845/
心理学,戒掉恋爱脑,[法] 西尔维·田纳本（Sylvie Tenenbaum）,人民邮电出版社,2023-8-1,59.80元,7.5,453,https://book.douban.com/subject/36461204/
心理学,道德推脱,[美] 阿尔伯特·班杜拉,中国人民大学出版社,2025,179.00元,8.6,42,https://book.douban.com/subject/37545856/
心理学,心理治疗如何改变人,[加] 莫妮卡·布里永,人民邮电出版社,2020-12,59.80元,8.7,1161,https://book.douban.com/subject/35281917/
心理学,焦虑症的自救,[澳]克莱尔•威克斯,广西科学技术出版社,2020-12-1,59,7.8,1316,https://book.douban.com/subject/35266331/
心理学,死亡恐惧与生命的对策,齐格蒙特·鲍曼,文汇出版社,2026-1-5,88.00,8.0,193,https://book.douban.com/subject/37746147/
心理学,生物心理学（第13版）,[美]詹姆斯·卡拉特（James Kalat）,人民邮电出版社,2026-1-1,248.00元,,10,https://book.douban.com/subject/37860362/
心理学,中年觉醒,阿瑟·C.布鲁克斯Arthur C. Brooks,中信出版集团,2024-5,59,6.8,826,https://book.douban.com/subject/36870024/
心理学,教出乐观的孩子,马丁·塞利格曼、卡伦·莱维奇、莉萨·杰科克斯、简·吉勒姆,浙江人民出版社,2013-6,46.90元,8.4,736,https://book.douban.com/subject/24754226/
心理学,终身成长,[美] 卡罗尔·德韦克,江西人民出版社,2017-11,49.80元,7.5,13278,https://book.douban.com/subject/27154533/
心理学,为什么没人早点告诉我？,【英】朱莉·史密斯,中信出版社,2022-9-24,55.00元,7.5,513,https://book.douban.com/subject/36096630/
心理学,人及其象徵,卡爾.榮格(Carl G. Jung)主編,龔卓軍,立緒,2013-8-2,9.5,48,https://book.douban.com/subject/24875541/
心理学,人的自我寻求,【美】罗洛·梅,中国人民大学出版社,2013-9,48,9.2,2841,https://book.douban.com/subject/25768266/
心理学,文明及其不满,[奥] 西格蒙德·弗洛伊德,浙江文艺出版社,2019-9,39.80,8.2,1169,https://book.douban.com/subject/34816984/
心理学,动力心理学,[美] 罗伯特·伍德沃斯,中国人民大学出版社,2017-9-1,45.00元,8.2,38,https://book.douban.com/subject/27662484/
心理学,重新找回自己,陈海贤,湖南文艺出版社,2024-3,69.00元,8.4,982,https://book.douban.com/subject/36708908/
心理学,进化心理学,David M.Buss,华东师范大学出版社,2007-6,49.80元,8.8,4652,https://book.douban.com/subject/2143904/
心理学,荣格：阴影与自我,[瑞士] 荣格,北京联合出版公司,2024-3,45,6.6,267,https://book.douban.com/subject/36802777/
心理学,什么是真正的朋友？,【日】斋藤孝,中信出版集团,2023-9,35,7.4,55,https://book.douban.com/subject/36562938/
心理学,虽然想死，但还是想吃辣炒年糕,[韩] 白世熙,中信出版集团,2020-4-1,42.00元,6.8,2427,https://book.douban.com/subject/35012973/
心理学,生命之书,〔印度〕克里希那穆提著,译林出版社,2011-6-1,36.80元,8.7,6878,https://book.douban.com/subject/6526752/
心理学,改变的历程,[美] 乔·迪斯派尼兹,人民邮电出版社,2018-12,59.00元,8.7,532,https://book.douban.com/subject/30124849/
心理学,男性困境,(美) 詹姆斯·霍利斯、james hollis,浙江大学出版社,2024-7,58元,6.7,623,https://book.douban.com/subject/36905110/
心理学,最小阻力之路,[美] 罗伯特·弗里茨,华夏出版社,2021-4,59.80 元,7.8,1312,https://book.douban.com/subject/35449832/
心理学,像运动员一样思考,［英］诺埃尔·布瑞克（Noel Brick）、［美］斯科特·道格拉斯（Scott Douglas）,机械工业出版社,2022-5,59,7.1,471,https://book.douban.com/subject/35915684/
心理学,萦绕不安的自我,[荷]夏安诺、[荷]聂艾乐、[美]史嘉思,商务印书馆,2020-9,140.00,9.3,357,https://book.douban.com/subject/35238408/
心理学,就在此刻，活出美好,许维素、汪冰,中信出版集团,2026-3-12,58,,16,https://book.douban.com/subject/38391237/
心理学,向内生长：81个心理学概念读懂自己,颜妍、朱佳旭 著、有福画 绘,,颜妍、朱佳旭 著、有福画 绘,中信出版集团,,73,https://book.douban.com/subject/37864572/
心理学,自尊与自忘,(法) 克里斯托夫·安德烈,南京大学出版社,2026-2,78,8.6,141,https://book.douban.com/subject/37668077/
心理学,情绪之书,(意) 翁贝托·加林伯蒂,北京联合出版公司,2025-10,58,7.7,51,https://book.douban.com/subject/37486888/
心理学,自卑与超越,[奥地利] 阿尔弗雷德·阿德勒,民主与建设出版社,2019-11,36.00元,8.1,812,https://book.douban.com/subject/35180782/
心理学,永夜微光,沈志中,浙江大学出版社,2026-1,118.00元,8.5,72,https://book.douban.com/subject/37496408/
心理学,为什么我们总是在防御,[美] 约瑟夫·布尔戈,机械工业出版社,2023-2,59.00元,8.1,2331,https://book.douban.com/subject/36271792/
心理学,停止自我攻击（知名心理咨询师周小宽力作，内耗的真相，是你不停地自我对抗）,周小宽,周小宽,北京联合出版社,2025-9-1,8.3,41,https://book.douban.com/subject/37648291/
心理学,心理动力学个案概念化,(美）D. L. Cabaniss,中国轻工业出版社,2015-2-1,58.00,9.0,552,https://book.douban.com/subject/26327172/
心理学,为什么爱会伤人,拉玛尼·德瓦苏拉,浙江大学出版社,2022-2,59.00元,7.9,1157,https://book.douban.com/subject/35764779/
心理学,The Let Them Theory,Mel Robbins,Hay House LLC,2024-12-24,USD 29.99,7.4,490,https://book.douban.com/subject/37138382/
心理学,家庭治疗,[美] Michael P. Nichols、[美] Sean D. Davis,北京师范大学出版社,2018-10,138.00元,9.0,100,https://book.douban.com/subject/30487849/
心理学,路西法效应,[美] 菲利普•津巴多,生活·读书·新知三联书店,2024-12,79.00元,8.3,84,https://book.douban.com/subject/37124343/
心理学,翻越你的山：从自我破坏到自我掌控,[美]布里安娜·威斯特（Brianna Wiest）著 苏西 译、布里安娜·威斯特,清华大学出版社,2023-8,59,8.1,327,https://book.douban.com/subject/36492732/
心理学,刺猬的距离,[美] 德博拉·安娜·卢普尼茨,北京联合出版公司,2026-1,65.00,7.6,63,https://book.douban.com/subject/37486936/
心理学,荣格自传,(瑞士) 荣格,(瑞士) 荣格,一丁,花城出版社,,75,https://book.douban.com/subject/36429088/
心理学,人类的恶意,[英] 西蒙·麦卡锡-琼斯,上海三联书店,2023-3-1,54.00,8.5,71,https://book.douban.com/subject/36340520/
心理学,逃避自由,[美]艾里希·弗洛姆,人民文学出版社,2018-11,49.00,9.1,2987,https://book.douban.com/subject/30297158/
心理学,什么是疯狂？,[英] 达里安·利德,东方出版中心,2025-1,79.80,9.6,61,https://book.douban.com/subject/37109348/
心理学,原始体验的边缘,托马斯·H.奥格登,重庆大学出版社,2022-1,76.00元,9.3,67,https://book.douban.com/subject/35726711/
心理学,心理动力学心理治疗简明指南（第三版）,[美]罗伯特·J.尤萨诺（Robert J. Ursano）、等,中国轻工业出版社,2018-5,46.00元,9.1,304,https://book.douban.com/subject/30206764/
心理学,人我之間,"N. Gregory Hamilton, M.D.、格雷戈里．漢默頓",楊添圍、周仁宇,心靈工坊,2013-4,9.3,144,https://book.douban.com/subject/24299299/
心理学,自体的重建,[美]海因茨·科胡特（Heinz Kohut）,世界图书出版公司,2015-9-1,69.80元,8.5,118,https://book.douban.com/subject/26453188/
心理学,成熟过程与促进性环境,温尼科特,唐婷婷,华东师范大学出版社,2017-11,8.9,143,https://book.douban.com/subject/27183568/
心理学,自体的分析,[美]海因茨·科胡特（Heinz Kohut）,世界图书出版公司,2015-6,69.80元,8.5,116,https://book.douban.com/subject/26498259/
心理学,人格心理学：人与人有何不同,[美]大卫•范德（David Funder）,世界图书出版公司,2018-1-1,98,9.1,126,https://book.douban.com/subject/28505771/
心理学,社会心理学经典入门,罗伯特·B. 西奥迪尼、史蒂文·L. 纽伯格、道格拉斯·T. 肯里克,中国人民大学出版社,2020-1,138,9.3,28,https://book.douban.com/subject/34924504/
心理学,团体心理治疗,[美] 欧文·亚隆,中国轻工业出版社,2010-8,62.00元,9.5,388,https://book.douban.com/subject/4987225/
心理学,人格心理学：全面、科学的人性思考（原书第10版）,[美] 杜安·舒尔茨（Duane P. Schultz）、[美] 西德尼o艾伦o舒尔茨（Sydney Ellen Schultz）,机械工业出版社,2016-7,65.00,9.0,205,https://book.douban.com/subject/26838504/
心理学,犯罪心理学（第11版）,[美] 柯特·R.巴托尔(Curt R. Bartol)、[美] 安妮·M.巴托尔(Anne M. Bartol),中国轻工业出版社,2017-8-1,CNY 98.00,8.7,645,https://book.douban.com/subject/27129855/
心理学,自我与防御机制,[奥] 安娜·弗洛伊德,华东师范大学出版社,2018-11-1,25.00元,8.4,267,https://book.douban.com/subject/30162830/
心理学,感觉的秩序,[英]弗里德里希·冯·哈耶克,民主与建设出版社,2023-10,78.00元,9.4,19,https://book.douban.com/subject/36425100/
心理学,如何选择有效的心理疗法 (原书第4版）,[美] 琳达·塞利格曼、[美] 劳里·瑞森伯格,机械工业出版社,2016-3,80.00,9.0,110,https://book.douban.com/subject/26747829/
心理学,现代人的心灵问题,[瑞士] 卡尔·荣格,湖南文艺出版社,2024-6,66,8.7,201,https://book.douban.com/subject/36800596/
心理学,存在的意义,茱莉亚·福尔克、路易斯·霍夫曼,安徽人民出版社,2025-11,85,6.9,16,https://book.douban.com/subject/37810069/
心理学,生活的解药,陈剑华,中信出版集团,2026-3,58.80,7.1,19,https://book.douban.com/subject/38368019/
心理学,章鱼学会冷静,[美]杰西卡·鲍姆,张佩,人民文学出版社,2023-1,8.4,842,https://book.douban.com/subject/36220119/
心理学,黑书,[瑞士] 荣格 (C.G.Jung)、[英] 索努·沙姆达萨尼 (Sonu Shamdasani),人民邮电出版社,2026-4,1875.00元,,10,https://book.douban.com/subject/37486942/
心理学,正面管教,[美] 简·尼尔森 (Jane Nelsen),京华出版社,2009-1,29.00元,8.7,8906,https://book.douban.com/subject/3420606/
心理学,荣格心理学入门,[日]河合隼雄,东方出版中心,2020-6-30,48,8.9,838,https://book.douban.com/subject/35130973/
心理学,我的内心，是薛定谔的猫：改变心理世界的物理规律,吴宗修,中国人民大学出版社,2026-1-6,69.90元,8.1,24,https://book.douban.com/subject/37935125/
心理学,拖延心理学,[美] 简·博克(Jane B. Burka)、[美] 莱诺拉·袁(Lenora M. Yuen),中国人民大学出版社,2009-12,39.80元,8.2,19952,https://book.douban.com/subject/4180711/
心理学,原子習慣,James Clear、詹姆斯．克利爾,方智出版社股份有限公司,2019-6-1,NT$330,9.0,3735,https://book.douban.com/subject/33536171/
心理学,拉康十讲,严和来,广西师范大学出版社,2023-12,48.00元,8.7,792,https://book.douban.com/subject/36595900/
心理学,是孤独症吗？,(美) 唐娜•亨德森、(美) 萨 拉•韦兰、(美) 贾梅尔•怀特,北京科学技术出版社,2026-1-20,89.00元,9.0,39,https://book.douban.com/subject/38211536/
心理学,费尔德曼发展心理学（原书第4版）,[美] 罗伯特·S. 费尔德曼（Robert S. Feldman）,浙江教育出版社,2021-7-1,149.00元,8.3,132,https://book.douban.com/subject/35565044/
心理学,情绪,[美] 莉莎·费德曼·巴瑞特,中信出版社,2019-2,68.00元,8.0,1541,https://book.douban.com/subject/30443490/
心理学,疲于做自己,【法】阿兰·埃伦贝格,南京大学出版社,2025-2-1,92.00元,8.1,309,https://book.douban.com/subject/37186404/
心理学,情感操纵：摆脱他人的隐性控制，找回自信与边界,（美）斯蒂芬妮·莫尔顿·萨尔基斯,机械工业出版社,2023-12,59.00元,7.7,18,https://book.douban.com/subject/36677325/
心理学,认知、脑与意识,Bernard J. Baars、Nicole M. Gage,科学出版社,2008-8,280.00元,9.1,105,https://book.douban.com/subject/3216250/
心理学,家庭的觉醒,【美】沙法丽·萨巴瑞,上海社会科学院出版社,2020-4,48.80元,8.9,1068,https://book.douban.com/subject/35018160/
心理学,认知心理学,[美] 罗伯特·索尔所、[美] 奥托·麦克林、[美] 金伯利·麦克林,上海人民出版社,2019-1,98.00元,8.2,169,https://book.douban.com/subject/33454093/
心理学,自我与无意识,[瑞士]卡尔•荣格 著,上海文艺出版社,2021-7,36.00元,8.2,391,https://book.douban.com/subject/35549218/
心理学,无行动，不幸福,赵昱鲲,万卷出版公司,2022-2,43.50元,8.1,440,https://book.douban.com/subject/35779261/
心理学,人格病理的精神动力性治疗,Eve Caligor、Otto F. Kernberg、John F. Clarkin、Frank E. Yeomans,化学工业出版社有限公司,2021-9,198.00元,9.5,103,https://book.douban.com/subject/35591142/
心理学,高效能人士的七个习惯,[美] 史蒂芬·柯维,中国青年出版社,2018-5-1,49.00元,8.5,23793,https://book.douban.com/subject/5325618/
心理学,人性的弱点,[美]戴尔·卡耐基,浙江文艺出版社,2017-1,39.80元,8.2,1648,https://book.douban.com/subject/26954744/
心理学,ACT就这么简单 (第2版）,[澳] 路斯·哈里斯,王静、曹慧、祝卓宏,机械工业出版社,2022-7,8.8,466,https://book.douban.com/subject/36009539/
心理学,自信的陷阱,[澳] 路斯·哈里斯,王怡蕊、陆杨,机械工业出版社,2024-6-1,9.0,173,https://book.douban.com/subject/37101595/
心理学,迷走神经的疗愈力,[德] 拉尔斯·林哈德、[德] 乌拉·施密特-费策、[德] 埃里克·科布,北京科学技术出版社,2024-11-1,98.00元,8.1,136,https://book.douban.com/subject/37159293/
心理学,活出心花怒放的人生,彭凯平,中信出版集团,2020-7-1,59,7.3,1512,https://book.douban.com/subject/35145635/
心理学,爱的7种对话,（加）苏·约翰逊(Sue Johnson),机械工业出版社,2024-10-14,69.00元,7.9,74,https://book.douban.com/subject/37126671/
心理学,儿童教育心理学,阿尔弗雷德·阿德勒,上海译文出版社,2024-12,48,7.5,150,https://book.douban.com/subject/37100503/
心理学,共时性,[瑞士] 卡尔·荣格,华龄出版社,2020-5,48,8.2,467,https://book.douban.com/subject/35148457/
心理学,揭秘煤气灯效应,[美] 凯特·艾伯拉姆森,上海人民出版社,2026-1-10,55.00,,10,https://book.douban.com/subject/37662614/
心理学,人间游戏,[美] Eric Berne,中国轻工业出版社,2014-2-1,36.00,7.8,808,https://book.douban.com/subject/25808713/
心理学,过犹不及,[美]亨利·克劳德(Henry Cloud)  [美]约翰·汤森德(John Townsend),海天出版社,2011-2,39.00元,8.3,1144,https://book.douban.com/subject/5906677/
心理学,心态制胜,[美] W.提摩西·加尔韦,机械工业出版社,2024-11,59.80元,8.6,877,https://book.douban.com/subject/37124066/
心理学,中年之路2,James Hollis,浙江大学出版社,2024-6,59,7.9,482,https://book.douban.com/subject/36864949/
心理学,煤气灯效应,[美]罗宾·斯特恩,中信出版集团,2020-6,58.00元,7.4,9087,https://book.douban.com/subject/34978658/
心理学,恨、空虚与希望,(美) 奥托·肯伯格,东方出版社,2025-3,79.80元,9.3,13,https://book.douban.com/subject/37182228/
心理学,把自己作为方法,项飙、吴琦,上海文艺出版社,2020-7-1,48.00元,8.3,35450,https://book.douban.com/subject/35092383/
心理学,为何家会伤人（升级版）,武志红,北京联合出版公司,2014-7-1,39.80元,8.1,7177,https://book.douban.com/subject/25907227/
心理学,对权威的服从,[美] 斯坦利·米尔格拉姆,新华出版社,2015-10,39.00元,9.1,874,https://book.douban.com/subject/26778782/
心理学,认知觉醒（百万册精装纪念版）,周岭,人民邮电出版社,2024-7,79.80元,8.3,1119,https://book.douban.com/subject/36906244/
心理学,榮格論心理類型,[瑞士]卡爾．榮格,商周出版公司,2017-11-11,TWD 950.00,9.9,124,https://book.douban.com/subject/27624597/
心理学,真希望我父母读过这本书,[美] 菲利帕·佩里,中信出版集团,2020-7,48.00元,8.7,9186,https://book.douban.com/subject/35173329/
心理学,活出生命的意义（新版）,维克多·E.弗兰克尔,华夏出版社,2018-1,36.00,8.4,708,https://book.douban.com/subject/30155780/
心理学,不确定世界的理性选择,[美] 雷德·海斯蒂、[美] 罗宾·道斯,人民邮电出版社,2013-10,88.00元,8.5,1429,https://book.douban.com/subject/25763679/
心理学,感官觉醒,[加] 诺曼·法布Norman Farb、[加] 辛德尔·西格尔Zindel Segal,国文出版社,2026-4,59.00,9.0,35,https://book.douban.com/subject/38413968/
心理学,理解人性,[奥地利] 阿尔弗雷德·阿德勒,北京师范大学出版社,2021-3,45.00元,8.0,44,https://book.douban.com/subject/35127646/
心理学,神经症与人的成长,[美] 卡伦·霍尼,上海译文出版社,2016-5-1,75.00,8.9,465,https://book.douban.com/subject/26774193/
心理学,当大脑陷入孤独,[美] 威廉·帕特里克、[美] 约翰·卡乔波,浙江科学技术出版社,2024-8-1,99.90元,7.8,27,https://book.douban.com/subject/36989025/
心理学,理智胜过情感（第二版）,[美]丹尼斯·格林伯格、[美]克里斯提娜·A. 帕蒂斯凯,中国轻工业出版社,2018-2,68.00元,9.0,256,https://book.douban.com/subject/30132647/
心理学,为什么学生不喜欢上学?,[美] 丹尼尔·T.威林厄姆,江苏教育出版社,2010-5,26.00元,9.2,5589,https://book.douban.com/subject/4864832/
心理学,影响力（经典版）,【美】罗伯特•B.西奥迪尼（Robert B.Cialdini）,北京联合出版公司,2016-9-20,54.90,8.7,2064,https://book.douban.com/subject/26866762/
心理学,发展心理学：儿童与青少年,David R. Shaffer、Katherine Kipp,中国轻工业出版社,2016-1-1,88.00,8.8,511,https://book.douban.com/subject/26838522/
心理学,动机心理学,Melissa Burkley、Edward Burkley,人民邮电出版社,2020-3,98.00元,8.8,582,https://book.douban.com/subject/35012449/
心理学,看见孩子,贝姬·肯尼迪,中信出版社,2023-6,59.00元,9.3,2582,https://book.douban.com/subject/36427596/
心理学,被忽视的孩子,[美] 乔尼丝·韦布、[美] 克里斯蒂娜·穆塞洛,机械工业出版社,2018-10-22,49.00元,8.4,3219,https://book.douban.com/subject/30358363/
心理学,与梦对话,（美）罗伯特·约翰逊,杨惠,世界图书出版公司,2021-11,8.8,60,https://book.douban.com/subject/35754460/
心理学,万千心理：认知神经科学（原著第五版）（全彩）,迈克尔·S. 加扎尼加（Michael S. Gazzaniga）、乔治·R. 曼根（George R. Mangun）,中国轻工业出版社,2023-12,298.00元,9.8,46,https://book.douban.com/subject/36647694/
心理学,依恋的修复,[美]丹尼尔·A.休斯,机械工业出版社,2019-11,65,9.1,263,https://book.douban.com/subject/34881290/
心理学,象与骑象人,[美]乔纳森•海特（Jonathan Haidt）,浙江人民出版社,2012-12,49.90元,7.9,4254,https://book.douban.com/subject/20260640/
心理学,与神对话,[美]尼尔·唐纳德·沃尔什,江西人民出版社,2015-5,48.00,8.7,10458,https://book.douban.com/subject/26392337/
心理学,高敏感是种天赋,[丹麦]伊尔斯·桑德,北京联合出版公司,2017-9,45.00元,7.4,7791,https://book.douban.com/subject/27125070/
心理学,我们终将穿越风暴,（美）加布里埃拉·罗森·凯勒曼（Gabriella Rosen Kellerman）、（美）马丁·塞利格曼（Martin Seligman）,机械工业出版社,2025-8-29,99.00,8.4,125,https://book.douban.com/subject/37508561/
心理学,精神分析治愈之道,[美] 海因茨·科胡特,重庆大学出版社,2016-3-1,CNY 56.00,9.6,176,https://book.douban.com/subject/26425240/
心理学,如何不喜欢一个人,杰克森·麦肯锡,北京联合出版公司,2017-4-2,42.00,7.7,4665,https://book.douban.com/subject/27038446/
心理学,助人技术本土化的刻意练习,宋歌、黄书华、林燕,中国人民大学出版社,2025-3-16,79.90元,8.8,183,https://book.douban.com/subject/37262683/
心理学,真实的幸福,[美] 马丁·塞利格曼,浙江教育出版社,2020-9-20,62.90,7.5,280,https://book.douban.com/subject/35201288/
心理学,与哀伤共处,李昀鋆,广东人民出版社,2025-3,88.00元,8.1,697,https://book.douban.com/subject/37209712/
心理学,无意识顺从与觉知,[美] 埃伦·兰格,中信出版社,2024-5,69.00,6.7,267,https://book.douban.com/subject/36827879/
心理学,心理学导论（原书第9版）,[美] 韦恩·韦登,机械工业出版社,2016-12,125.00元,9.6,360,https://book.douban.com/subject/26952944/
心理学,登天之梯,[美] 布鲁斯·D·佩里、[美] 迈亚·塞拉维茨,重庆大学出版社,2015-7-1,CNY 46.00,9.3,1333,https://book.douban.com/subject/26578693/
心理学,为什么你看不懂抽象画？,[美] 埃里克·坎德尔,天津科学技术出版社,2021-4,88.00元,8.1,536,https://book.douban.com/subject/35374636/
心理学,登天的感觉,岳晓东,民主与建设出版社,2018-11,58.00元,7.4,1041,https://book.douban.com/subject/30724154/
心理学,魔法岁月,[美] 塞尔玛·弗雷伯格,浙江人民出版社,2015-4,46.90元,8.9,977,https://book.douban.com/subject/26352480/
心理学,爱的艺术,[美]弗洛姆,上海译文出版社,2011-7-1,23.00元,8.9,9009,https://book.douban.com/subject/5991872/
心理学,叙事治疗的力量：故事、知识、权力（全新修订版）,[澳] 迈克尔·怀特、[新西兰] 戴维·爱普斯顿,华东理工大学出版社,2022-1,118,8.7,58,https://book.douban.com/subject/35911439/
心理学,心灵的七种兵器,武志红,世界图书出版公司,2008-4,22.00元,8.4,2383,https://book.douban.com/subject/3035600/
心理学,消失的多巴胺,(英) 塔尼斯·凯里,四川人民出版社,2024-10,49.80元,7.0,1045,https://book.douban.com/subject/37058625/
心理学,线索：高情商沟通,（美）瓦妮莎•范•爱德华兹（Vanessa Van Edwards）,西苑出版社,2023-4-1,69.00 元,9.3,75,https://book.douban.com/subject/36360740/
心理学,青春期父母心理学手册,俞林鑫,人民邮电出版社,2026-5,49.80,,10,https://book.douban.com/subject/38449568/
心理学,五次重置,阿迪提·内鲁卡,中国友谊出版公司,2024-11,69,8.4,111,https://book.douban.com/subject/37125726/
心理学,决策与判断,[美] 斯科特·普劳斯,人民邮电出版社,2020-5-1,88.00元,8.2,311,https://book.douban.com/subject/34984211/
心理学,本真生活,[美]艾里希·弗洛姆,东方出版中心,2026-5,55,,,https://book.douban.com/subject/38449673/
心理学,心理诊疗室的24位来客,【英】乔希·科恩,上海社会科学院出版社,2026-1,59.8,7.0,41,https://book.douban.com/subject/37812310/
心理学,叔本华的治疗,[美] 欧文·亚隆,易之新,希望出版社,2008,9.0,1864,https://book.douban.com/subject/3684193/
心理学,依恋与亲密关系,[加] 苏·约翰逊,人民邮电出版社,2018-4-1,CNY 69.00,8.2,325,https://book.douban.com/subject/30223949/
心理学,带着洞察力去识人,[美] 帕特里克·金（Patrick King）,浙江教育出版社,2023-11-1,79.90,7.0,41,https://book.douban.com/subject/36610662/
心理学,创伤与记忆,[美] 彼得·莱文,机械工业出版社,2024-10-1,59.00元,8.1,30,https://book.douban.com/subject/37075617/
心理学,圣多纳释放法,[美]海尔·德沃斯金、[美] 海尔·德沃斯金,北京科学技术出版社,2025-3,108,8.6,335,https://book.douban.com/subject/37241957/
心理学,图解艺术治疗：新手入门启蒙之旅,[美]埃米·E. 赫克斯特布尔（Amy E. Huxtable）、盖琳·P. 沃尔夫·博尔多纳罗（Gaelynn P. Wolf Bordonaro）、莉比·施曼克（Libby Schmanke）,中国人民大学出版社,2026-6-6,79.90元,,,https://book.douban.com/subject/38494840/
心理学,应用行为分析（第3版）,[美]约翰·O. 库珀、蒂莫西·E. 赫伦、威廉·L. 休厄德,华夏出版社,2023-11,498,,10,https://book.douban.com/subject/36610925/
心理学,温尼科特成熟过程理论,（巴西）埃尔莎·奥利维拉·迪亚斯（Elsa Oliveira Dias）,中国轻工业出版社,2020-10,88.00元,9.1,68,https://book.douban.com/subject/35218561/
心理学,ACT 就这么简单,[澳] 路斯·哈里斯,机械工业出版社,2016-8,55.00,8.8,322,https://book.douban.com/subject/26848724/
心理学,点亮内心宇宙,张晓萌,新星出版社,2026-4,128,,49,https://book.douban.com/subject/38381306/
心理学,依恋创伤的预防与修复,（美）伯特·鲍威尔（Bert Powell）等,中国轻工业出版社,2019-4,88.00元,8.8,120,https://book.douban.com/subject/33423116/
心理学,弗洛伊德的《论自恋：一篇导论》,约瑟夫·桑德勒、埃塞尔·S.珀森、彼得·冯纳吉,化学工业出版社,2018-9-1,CNY 59.80,9.1,72,https://book.douban.com/subject/30348072/
心理学,走出黑森林：自我转变的旅程,陈海贤,新星出版社,2025-3-17,69.00,8.3,530,https://book.douban.com/subject/37267912/
心理学,The Myth of Normal,Gabor Maté、Daniel Maté,Avery,2022-9-13,USD 27.00,8.9,63,https://book.douban.com/subject/35960201/
心理学,心理学通识,刘嘉,广东人民出版社,2020-6-11,69.90元,7.4,644,https://book.douban.com/subject/35093444/
心理学,恋爱中的人,(美) 罗伯特·约翰逊 (Robert A. Johnson),华龄出版社,2023-7-1,69.00 元,8.7,118,https://book.douban.com/subject/36511577/
心理学,人生脚本,Eric Berne,中国轻工业出版社,2016-10,78.00,8.2,509,https://book.douban.com/subject/26906474/
心理学,当下的力量实践手册（白金版）,[德]埃克哈特•托利,中信出版社,2016-6,32.00元,8.4,1019,https://book.douban.com/subject/26815956/
心理学,无价,[美] 威廉·庞德斯通,华文出版社,2011-1,49.80元,7.9,4322,https://book.douban.com/subject/5914475/
心理学,心灵哲学,斯蒂芬•P•斯蒂克 特德•A•沃菲尔德,中国人民大学出版社,2014-6,78,8.3,78,https://book.douban.com/subject/25925148/
心理学,說故事的魔力,麦克·怀特，艾莉丝·摩根,心灵工坊文化事业股份有限公司,2008-8,220,8.6,23,https://book.douban.com/subject/4170022/
心理学,生活中的心理学2：情绪与情感,王垒,王垒,人民邮电出版社,2024-1-1,6.8,13,https://book.douban.com/subject/36736587/
心理学,罗杰斯心理治疗,[美] Barry A. Farber、[美] Debora C. Brink、[美] Patricia M. Raskin,中国轻工业出版社,2015-2,78.00元,9.1,173,https://book.douban.com/subject/26778201/
心理学,自卑与超越,阿尔弗雷德·阿德勒,浙江文艺出版社,2016-1-1,32.00元,7.7,2203,https://book.douban.com/subject/26701308/
心理学,放自己一马,丛非从,江苏凤凰文艺出版社,2024-8,59.80,7.3,226,https://book.douban.com/subject/36996248/
心理学,叙事心理学：自我、创伤与意义的建构（心理学新视野丛书）,米歇尔·L.克罗斯利,上海教育出版社,2023-3,49.00,8.3,22,https://book.douban.com/subject/36336349/
心理学,童年观察,(美) 杰伊·贝尔斯基、(美) 阿夫沙洛姆·卡斯皮、(美) 特莉·E·莫菲特、(美) 里奇·波尔顿,中信出版社,2024,68.00元,7.8,14,https://book.douban.com/subject/37167929/
心理学,我永远也当不了大人,[美]艾莉·布罗什,花城出版社,2023-10,98.00元,8.3,3557,https://book.douban.com/subject/36547277/
心理学,身体会替你说不,[加] 加博尔·马泰,机械工业出版社,2023-5,79.00元,7.7,732,https://book.douban.com/subject/36302454/
心理学,我们内心的冲突,[美]卡伦·霍妮,江苏凤凰文艺出版社,2023-4,55,8.2,659,https://book.douban.com/subject/36316691/
心理学,依恋的形成,"【美】凯伦（Karen, R.）",中国轻工业出版社,2017-12-1,88,9.0,599,https://book.douban.com/subject/27604891/
心理学,你就是困住自己的那座山,KnowYourself、汤落雁,湖南文艺出版社,2025-5-1,49.8,7.7,148,https://book.douban.com/subject/37322123/
心理学,学习心理学（第8版）,简妮·爱丽丝·奥姆罗德（Jeanne Ellis Ormrod),中国人民大学出版社,2023-2,118.00元,,10,https://book.douban.com/subject/36213836/
心理学,影响力,[美] 罗伯特·B.西奥迪尼,万卷出版公司,2010-9-20,45.00元,8.6,10488,https://book.douban.com/subject/5287474/
心理学,爱与意志,罗洛·梅,中国人民大学出版社,2010-4,78.00元,8.8,184,https://book.douban.com/subject/4839255/
心理学,发展心理学,林崇德,人民教育出版社,2018-5,49.80,5.9,334,https://book.douban.com/subject/30399674/
心理学,实验心理学,[美] M. Kimberly MacLin、[美] Robert L. Solso,中国轻工业出版社,2017-3,62.00元,9.3,50,https://book.douban.com/subject/30305632/
心理学,人生的十二个面向,霍华德·萨司波塔斯,中国广播电视出版社,2013-1,68.00元,9.0,1814,https://book.douban.com/subject/21214091/
心理学,《心理学导论》（上册，第9版）,[美] 戴维·迈尔斯,商务印书馆,2019-3,98.00,9.4,134,https://book.douban.com/subject/30380963/
心理学,战胜内心的恐惧,【美】苏珊•杰菲斯,重庆出版社,2014-5,29.80元,7.2,118,https://book.douban.com/subject/25891428/
心理学,孩子：挑战,【美】鲁道夫·德雷克斯、【美】薇姬·索尔兹,生活·读书·新知三联书店 生活书店出版有限公司,2015-1-1,48.00元,9.1,3690,https://book.douban.com/subject/26304087/
心理学,情感依附,[美]亨利•马西、[美]内森•塞恩伯格,世界图书出版公司,2021-6-1,49.00元,8.3,1178,https://book.douban.com/subject/25697495/
心理学,荣格心理学与藏传佛教,[美] 拉德米拉·莫阿卡宁,世界图书出版公司,2015-5-1,32.00元,7.9,172,https://book.douban.com/subject/26419781/
心理学,思维的精进,[英] 大卫·罗布森,湖南科学技术出版社,2021-1,55.00元,7.9,123,https://book.douban.com/subject/35296841/
心理学,清华积极心理学十六讲,赵昱鲲、彭凯平,清华大学出版社,2024-4,78.00元,7.9,38,https://book.douban.com/subject/36594964/
心理学,疗心法门：源于中国传统文化的心理疗法,张天布、朱建军、徐钧,中国人民大学出版社,2026-3-5,129.90元,,10,https://book.douban.com/subject/38367757/
心理学,恰到好处的安慰,[美] 凯尔西·克罗（Kelsey Crowe）、[美] 埃米莉·麦克道尔（Emily McDowell）,陈卓、范泽鑫,机械工业出版社,2026-3,,11,https://book.douban.com/subject/38365487/
心理学,精力管理,[美] 吉姆·洛尔、[美] 托尼·施瓦茨,中国青年出版社,2015-8-1,39.80元,7.6,8423,https://book.douban.com/subject/26606009/
心理学,有限与无限的游戏,[美] 詹姆斯·卡斯,电子工业出版社,2019-5-1,68.00元,8.0,5039,https://book.douban.com/subject/33438841/
心理学,自我囚禁的人,陈俊钦,安徽人民出版社,2024-8,68元,6.5,59,https://book.douban.com/subject/36966323/
心理学,爱的终结,[法]伊娃·易洛思,岳麓书社,2023-10,69.00元,8.7,2038,https://book.douban.com/subject/36509145/
心理学,精神分析治疗：实践指导（万千心理）,"（美）麦克威廉斯（McWilliams, N.）",中国轻工业出版社,2015-2-1,88.00,9.4,629,https://book.douban.com/subject/26333444/
心理学,你是不是对“亲爱的”有什么误解？,蔡苏燕,江苏凤凰文艺出版社,2023-3-1,45.00元,7.8,310,https://book.douban.com/subject/36152952/
心理学,非暴力沟通,马歇尔·卢森堡,华夏出版社,2015-1,49.00元,8.5,1708,https://book.douban.com/subject/26331553/
心理学,自我分析,[美] 卡伦·霍尼,贵州人民出版社,2004-05,18.00,8.5,593,https://book.douban.com/subject/1053711/
心理学,神经的逻辑,[美] 埃利泽·斯滕伯格,广西师范大学出版社,2018-8-1,52,8.5,1548,https://book.douban.com/subject/30232245/
心理学,敏感与自我,[德]斯文娅·弗拉斯珀勒,上海三联书店,2023-4,49元,8.4,1400,https://book.douban.com/subject/36361935/
心理学,改变心理学的40项研究（第7版）,Roger R·Hock,人民邮电出版社,2020-1-1,88.00元,8.9,261,https://book.douban.com/subject/34913747/
心理学,生物心理学,[美]詹姆斯·卡拉特、James W. Kalat,人民邮电出版社,2011-8-10,198.00元,9.4,450,https://book.douban.com/subject/6784219/
心理学,超级沟通者,[美] 查尔斯·都希格,白瑞霞,中信出版集团,2024-12,7.9,414,https://book.douban.com/subject/37118116/
心理学,论人生短暂,[古罗马] 塞涅卡,文汇出版社,2026-1,39.00元,8.5,498,https://book.douban.com/subject/38178560/
心理学,好好告别,[英] 凯瑟琳·曼尼克斯,河南科学技术出版社,2021-1,79.90元,8.5,1891,https://book.douban.com/subject/35307875/
心理学,自我导向行为,戴维·L.华生 (David L.Watson)、罗兰德·G.夏普 (Roland G.Tharp),中国人民大学出版社,2009-7,48.00元,8.7,537,https://book.douban.com/subject/3822285/
心理学,心理学（第13版）,[美] 卡罗尔·韦德、[美] 卡罗尔·塔佛瑞斯、[美] 塞缪尔·R.萨默斯、[美] 丽莎·M.申,中国人民大学出版社,2023-1-1,178.00元,9.0,64,https://book.douban.com/subject/35719454/
心理学,平常即奇迹,托马斯.希伯尔、史蒂芬.布雷当巴克,中国内在科学研究院,2018-2,新台币360元,9.6,28,https://book.douban.com/subject/30214954/
心理学,情报分析心理学,[美]小理查兹·J.霍耶尔,金城出版社,2015-4,50.00元,8.6,284,https://book.douban.com/subject/26335793/
心理学,Maybe You Should Talk to Someone,Lori Gottlieb,Houghton Mifflin Harcourt,2019-4-2,USD 12.49,9.1,2384,https://book.douban.com/subject/31668062/
心理学,雅克·拉康研讨班七,[法]拉康,商务印书馆,2021-9,148.00,9.1,308,https://book.douban.com/subject/35579106/
心理学,这不是你的错,【美】贝弗莉·恩格尔（Beverly Engel）,人民邮电出版社,2016-11,45.00元,8.4,1055,https://book.douban.com/subject/26876103/
心理学,诱惑的艺术,罗伯特·格林,东方出版中心,2007-9,38.00元,7.9,977,https://book.douban.com/subject/2252637/
心理学,总能做出正确决定的幸运法则,[英] 理查德·怀斯曼（Richard Wiseman）,湖南文艺出版社,2018-11-30,45,7.6,195,https://book.douban.com/subject/30395241/
心理学,倾听疯狂的声音,［英］南森·法勒,贵州人民出版社,2025-2,49.80元,8.1,159,https://book.douban.com/subject/37200775/
心理学,穷查理宝典,[美]彼得·考夫曼  编,中信出版集团,2021-7-31,188元,8.5,4850,https://book.douban.com/subject/35557542/
心理学,心理动力学疗法,Deborah L.Cabaniss,中国轻工业出版社,2012-7,58.00元,9.1,292,https://book.douban.com/subject/10876941/
心理学,我能帮上什么忙？,[加]戴维·戈德布卢姆、[加]皮尔·布莱登,上海教育出版社,2024-4-30,68.00元,8.1,303,https://book.douban.com/subject/36808336/
心理学,有意识的心灵,大卫·J·查默斯、大卫·查默斯,中国人民大学出版社,2013-5,89.00元,8.0,73,https://book.douban.com/subject/24864153/
心理学,心理学导论,Dennis Coon、John O. Mitterer,中国轻工业出版社,2014-1-1,98.00元,9.5,503,https://book.douban.com/subject/25798422/
心理学,走出抑郁,[美] Richard O'Connor,中国轻工业出版社,2014-1-1,45.00,9.0,1176,https://book.douban.com/subject/25821723/
心理学,妈妈及生命的意义,[美] 欧文·亚隆,机械工业出版社,2017-3,45.00元,8.3,1507,https://book.douban.com/subject/27018927/
心理学,为了你好,[瑞士] 爱丽丝·米勒,北京联合出版公司,2024-7,62.00,8.3,175,https://book.douban.com/subject/36850961/
心理学,禅之道,[美] 阿伦·瓦兹,湖南美术出版社,2018-8,56.00元,8.5,303,https://book.douban.com/subject/30278522/
心理学,哀伤的五道门,[美]弗朗西斯·韦勒（Francis Weller）,台海出版社,2025-3,59.80,7.9,13,https://book.douban.com/subject/37227253/
心理学,情绪急救,【美】盖伊•温奇博士 Guy Winch，Ph.D,上海社会科学院出版社,2015-8,35.00元,7.9,2938,https://book.douban.com/subject/26590889/
心理学,走出自我认知的黑箱,周小宽,中信出版集团,2020-4-1,49.80元,8.0,725,https://book.douban.com/subject/34997632/
心理学,IFS自我疗愈法,傑伊‧厄雷(Jay Earley)、邦妮‧魏斯（Bonnie J. Weiss),萧宝森,光启文化,NT$420,,12,https://book.douban.com/subject/35383681/
心理学,心理病理学（第8版）,[美] 托马斯•奥尔特曼（Thomas Oltmanns）、[美] 罗伯特•埃默里（Robert Emery）,人民邮电出版社,2024-8,288.00,9.3,17,https://book.douban.com/subject/37058889/
心理学,Healing the Fragmented Selves of Trauma Survivors,Janina Fisher,Janina Fisher,2017-3,28,9.6,19,https://book.douban.com/subject/30226184/
心理学,重新开始的勇气,[美] 塔玛拉·麦克林托克·格林伯格,浙江人民出版社,2025-6-1,58元,7.0,36,https://book.douban.com/subject/37294021/
心理学,如何想到又做到,[美] Sean Young,浙江教育出版社,2018-10,69.90元,7.1,1308,https://book.douban.com/subject/30348435/
心理学,不要成为另一只刺猬,[美]瑞安·马丁(Ryan Martin),中国科学技术出版社,2025-1,59.00元,,10,https://book.douban.com/subject/37101678/
心理学,心理学的100个基本,陈琳,陈琳,四川文艺出版社,2023-9,6.6,524,https://book.douban.com/subject/36518901/
心理学,神经的逻辑,[美] 埃利泽·斯滕伯格,上海三联书店,2023-10,59,8.6,225,https://book.douban.com/subject/36530533/
心理学,你不必是一朵花,理微尘,人民邮电出版社,2024-4,52.8,7.2,3566,https://book.douban.com/subject/36845048/
心理学,走进魔法店,詹姆斯•R.道迪、詹姆斯·多堤,天地出版社,2019-1-6,39.80,8.9,746,https://book.douban.com/subject/30320888/
心理学,你的敏感，就是你的天赋,[英] 伊米·洛,天津科学技术出版社,2022-9-1,49.00元,8.3,2561,https://book.douban.com/subject/36096028/
心理学,心理动力学心理治疗简明指南,Robert J.Ursano.M.D.、Stephen M.Sonnenberg.M.D.、Susan G.Lazar.M.D.,人民卫生出版社,2010-10-1,22.00元,8.9,327,https://book.douban.com/subject/5335820/
心理学,恰到好处的敏感,［德］卡特琳·佐斯特,中国友谊出版公司,2026-2,29.90元,7.7,53,https://book.douban.com/subject/38227653/
心理学,改变心理学的40项研究（第7版）,[美] 罗杰·R·霍克,中国人民大学出版社,2015-9-16,65,9.1,1053,https://book.douban.com/subject/26743051/
心理学,显化,[英] 罗克西·纳福西,北京科学技术出版社,2025-4-1,69.00元,8.1,1367,https://book.douban.com/subject/37270431/
心理学,天生不同,【美】伊莎贝尔•迈尔斯（Isabel Briggs Myers）、【美】彼得•迈尔斯（Peter B. Myers）,人民邮电出版社,2016-11,59.80元,8.1,1760,https://book.douban.com/subject/26889003/
心理学,幸福的勇气,[日] 岸见一郎、[日] 古贺史健,机械工业出版社,2021-11,55.00元,8.5,977,https://book.douban.com/subject/36150915/
心理学,吸引力法则,[美]埃斯特·希克斯、[美]杰里·希克斯,湖南文艺出版社,2024-5,59.80元,8.0,476,https://book.douban.com/subject/36894917/
心理学,主体间性心理治疗,尹肖雯,中国轻工业出版社,2013-11,35.00,8.5,187,https://book.douban.com/subject/25757009/
心理学,娇惯的心灵,[美] 格雷格·卢金诺夫、[美] 乔纳森·海特,生活·读书·新知三联书店,2020-7,69.00元,8.1,1388,https://book.douban.com/subject/35077390/
心理学,正义之心,[美] 乔纳森•海特(Jonathan Haidt),浙江人民出版社,2014-5-1,CNY 79.90,8.6,1722,https://book.douban.com/subject/25867785/
心理学,人格理论：从心理动力学理论到学习-认知理论（第9版）,[美]杰斯,人民邮电出版社,2023-4-1,169.00,8.2,13,https://book.douban.com/subject/36397667/
心理学,效率脑科学,[美]戴维•罗克（David Rock）,图灵｜人民邮电出版社,2022-1,69.80元,8.7,2208,https://book.douban.com/subject/35688547/
心理学,认知心理学（第五版）,（美）E.布鲁斯·戈尔茨坦（E. Bruce Goldstein）,中国轻工业出版社,2020-12,128.00元,8.8,162,https://book.douban.com/subject/35237345/
心理学,依恋,[美国] 苏珊·福沃德、[美]琼·托雷斯,北京时代华文书局,2018-5,56.00元,7.8,1847,https://book.douban.com/subject/30199459/
心理学,原生家庭：影响人一生的心理动力（第2版）,沈家宏,中国人民大学出版社,2025-7,79.90元,,24,https://book.douban.com/subject/37438655/
心理学,人为什么会吵架,[美]苏珊·坎贝尔,浙江大学出版社,2022-4,59.00元,7.5,131,https://book.douban.com/subject/35818730/
心理学,梨子小姐与自己相处,白辂,华夏出版社,2023-5,69.00元,7.5,2404,https://book.douban.com/subject/36316908/
心理学,多层迷走神经指南：重新认识自主神经系统,［美］斯蒂芬·W. 波格,世界图书出版公司,2024-7,79.00,8.5,32,https://book.douban.com/subject/37022522/
心理学,我们如何理解这个世界,[英] 齐格蒙特·鲍曼、[英] 基思·特斯特,南京大学出版社,2026-3,72.00,9.0,353,https://book.douban.com/subject/37930972/
心理学,成瘾的深渊,[美] 朱迪思·格里塞尔,中国人民大学出版社,2024-6,59.00元,8.1,416,https://book.douban.com/subject/36858435/
心理学,分心的优势,(美)爱德华·哈洛韦尔  约翰·瑞迪 著、湛庐文化 出品,浙江教育出版社,2023-4-1,79.90,7.5,384,https://book.douban.com/subject/36337117/
心理学,人格心理学,[美] 霍华德 S. 弗里德曼、[美] 米利亚姆 W. 舒斯塔克,机械工业出版社,2011-5,70.00元,8.2,81,https://book.douban.com/subject/6327186/
心理学,停止自我破坏,朱迪·霍（Judy Ho）,机械工业出版社,2023-6,59元,7.8,67,https://book.douban.com/subject/36438353/
心理学,意念力,[美] 大卫·R·霍金斯,光明日报出版社,2014-9,28.00元,8.2,38,https://book.douban.com/subject/26974902/
心理学,製造狂熱,John Alexander Hunter,大塊文化,2026-4-1,TWD 440,,10,https://book.douban.com/subject/38382204/
心理学,精神障碍诊断与统计手册(案头参考书)(第五版),美国精神医学学会,北京大学出版社,2014-7-5,80.00,9.0,100,https://book.douban.com/subject/25917098/
心理学,格式塔咨询与治疗技术（第三版）（万千心理）,Phil Joyce、Charlotte Sills,中国轻工业出版社,2016-10,78.00,8.7,125,https://book.douban.com/subject/26906478/
心理学,心理咨询的理论与实务,江光荣,高等教育出版社,2012-2,36.80元,8.4,127,https://book.douban.com/subject/10523558/
心理学,焦虑症与恐惧症手册,艾德蒙·伯恩,重庆大学出版社,2018-4-1,99.00,8.6,1053,https://book.douban.com/subject/30197730/
心理学,叙事疗法实践地图,[澳] Michael·White,李明、曹杏娥、党静雯,重庆大学出版社,2019-7-1,9.0,291,https://book.douban.com/subject/34460643/
心理学,主权儿童,[美] 亚伦·斯图普尔、[美] 洛根·奇普金,浙江科学技术出版社,2026-4,69.90元,7.0,40,https://book.douban.com/subject/38389731/
心理学,正念禅修,【美】马克•威廉姆斯、【美】丹尼•彭曼,九州出版社,2013-3,32元,8.8,1249,https://book.douban.com/subject/23037911/
心理学,爱情是一个故事,[美] 罗伯特•斯滕伯格,世界图书出版公司,2017-3-1,39.00元,7.5,186,https://book.douban.com/subject/26974024/
心理学,别胡思乱想了,【美】尼克·特伦顿(Nick Trenton),赵文婷、王潞,机械工业出版社,2023-4,8.7,163,https://book.douban.com/subject/36369321/
心理学,Healing Trauma,"Levine Ph. D., Peter A.; Peter a., Levine;",,,,,10,https://book.douban.com/subject/17231869/
心理学,原型与集体无意识,[瑞士] 卡尔·荣格,上海译文出版社,2020-7,178.00元,9.3,45,https://book.douban.com/subject/34985465/
心理学,自恋主义文化,[美] 克里斯托弗•拉什,上海译文出版社,2013-8,35,8.0,363,https://book.douban.com/subject/25714450/
心理学,心灵的影子,[英] 罗杰·彭罗斯,东方出版中心,2026-4-1,98.00元,,,https://book.douban.com/subject/37928831/
心理学,万千心理：心理治疗中的苏格拉底式提问,[美] 斯科特·H．沃尔特曼（Scott H．Waltman）、[美] 琳恩·麦克法（Lynn M. McFarr）,中国轻工业出版社,2024-1,98.00元,8.5,19,https://book.douban.com/subject/36702223/
心理学,过犹不及（升级增订版）,[美] 亨利·克劳德、[美] 约翰·汤森德,中信出版集团,2025-9,59,7.3,45,https://book.douban.com/subject/37499628/
心理学,我在精神病院抗抑郁,左灯,中信出版社,2019-1,49,7.2,3600,https://book.douban.com/subject/30449449/
心理学,奔跑的少女,方刚,东方出版社,2025-9,32.00元,,24,https://book.douban.com/subject/37495917/
心理学,释放内在的小孩,露西娅·卡帕基奥,中国人民大学出版社,2020-7,75.00元,7.1,42,https://book.douban.com/subject/35149268/
心理学,温尼科特的语言,〔英〕简·艾布拉姆 Jan Abram,重庆大学出版社,2022-1,168,9.6,50,https://book.douban.com/subject/35726707/
心理学,分析性一体的涌现,奥芙拉·埃谢尔(Ofra Eshel),机械工业出版社,2024-9,109,9.2,36,https://book.douban.com/subject/37084113/
心理学,当代精神分析导论,安东尼·贝特曼（Anthony Bateman）、杰瑞米·霍姆斯（Jeremy Holmes）,中国轻工业出版社,2020-3-1,76.00元,9.1,57,https://book.douban.com/subject/35052497/
心理学,认知疗法基础与应用,Judith S．Beck,中国轻工业出版社,2013-6,58.00元,9.2,819,https://book.douban.com/subject/24532754/
心理学,边缘性人格障碍的移情焦点治疗,克拉金、奥托·克恩伯格,中国轻工业出版社,2012-4-1,52.00元,8.7,178,https://book.douban.com/subject/10581953/
心理学,心智化临床实践,Jon G.Allen、Peter Fonagy、彼得·冯纳吉,北京大学医学出版社,2016-6,76,9.0,145,https://book.douban.com/subject/26858041/
心理学,精神分析之客体关系理论,Jay R. Greenberg、Stephen A. Mitchell,华东师范大学出版社,2019-3,78,8.7,74,https://book.douban.com/subject/30324818/
心理学,精神退缩,[英]约翰·斯坦纳（John Steiner）,中国轻工业出版社,2023-3,48.00元,8.8,101,https://book.douban.com/subject/36287012/
心理学,实用主义动力取向心理治疗,（美）理查德·萨默斯（Richard F. Summers）、（美）雅克·巴伯 （Jacques P. Barber）,中国轻工业出版社,2019-6,148.00元,9.6,76,https://book.douban.com/subject/34437404/
心理学,文化心理学（原著第三版）,（加拿大）史蒂文·J. 海因（Steven J. Heine）,中国轻工业出版社,2021-1,118.00元,9.0,22,https://book.douban.com/subject/35248383/
心理学,心理学史导论（第七版）,[美] B·R·赫根汉、[美] T·亨利,华东师范大学出版社,2019-12-1,178.00,9.4,98,https://book.douban.com/subject/34923499/
心理学,变态心理学(第18版),[美] 吉尔·胡利、[美] 詹姆斯·布彻、[美] 马修·诺克,中信出版集团,2021-7-5,198.00（全二册）,8.9,126,https://book.douban.com/subject/35503583/
心理学,心智成长之谜,丹尼尔·西格尔,中国发展出版社,2017-4-1,68.00,9.1,47,https://book.douban.com/subject/27132987/
心理学,拥抱内在的力量,张沛超,花城出版社,2023-6-1,48,9.3,35,https://book.douban.com/subject/36463759/
心理学,意识的宇宙,[美] 杰拉尔德·埃德尔曼、[美] 朱利欧·托诺尼,上海科学技术出版社,2019-9-1,68.00元,8.8,157,https://book.douban.com/subject/34882208/
心理学,西尔格德心理学导论（第14版）,E.E.史密斯（Edward E. Smith）、S.诺伦—霍克西玛（Susan Nolen-Hoeksema) 等,世界图书出版公司,2013-11,99.00元,9.0,111,https://book.douban.com/subject/10559362/
心理学,精神分析心理治疗实践导论,[英]亚历山德拉·拉玛（Alessandra Lemma	）,华东师范大学出版社,2020-1,68.00元,9.3,238,https://book.douban.com/subject/34985189/
心理学,让我看见你,Philip M. Bromberg,华东师范大学出版社,2017-7,45,8.9,197,https://book.douban.com/subject/27105119/
心理学,习得性无助,【美】马丁·塞利格曼（Martin E.P. Seligman),中国人民大学出版社,2020-7-1,58.00元,8.8,512,https://book.douban.com/subject/35128278/
心理学,脑、情绪与抑郁,［英］艾德蒙·罗尔斯（Edmund T. Rolls）、艾德蒙·罗尔斯,华东师范大学出版社,2022-1,118,8.8,40,https://book.douban.com/subject/35733537/
心理学,困难案例的短程心理治疗,[美]理查德·菲什、[美]卡琳·施兰格,上海科学技术出版社,2020-8-1,58.00,9.0,196,https://book.douban.com/subject/35219726/
心理学,短程动力取向心理治疗实践指南,霍华德·E.布克,中国轻工业出版社,2017,48.00,9.1,191,https://book.douban.com/subject/27038370/
心理学,荣格心理学,[匈牙利] 约兰德·雅各比 编著,生活·读书·新知三联书店,2017-9-1,39.00元,8.6,309,https://book.douban.com/subject/27093855/
心理学,心理咨询与治疗经典案例,Gerald Corey、杰拉尔德·科里,中国轻工业出版社,2010-1,36.00元,8.4,153,https://book.douban.com/subject/4151940/
心理学,精神分析与佛学的比较研究,尹立,巴蜀书社,2003-1,14.00元,8.2,37,https://book.douban.com/subject/1548508/
心理学,禅与心理分析,铃木大拙  弗洛姆,海南出版社,2012-8-1,38.00元,8.5,428,https://book.douban.com/subject/11525305/
心理学,选择的悖论,[美] 巴里·施瓦茨,浙江人民出版社,2013-3-1,45.90元,7.5,1813,https://book.douban.com/subject/21346249/
心理学,人生除此无大事,[美] B.J.米勒（B. J. Miller）、[美] 肖莎娜·伯杰（Shoshana Berger）,中国纺织出版社,2022-11,99.90元,8.0,263,https://book.douban.com/subject/36177043/
心理学,与预期性焦虑共舞,[美]莎莉·M. 温斯顿（Sally M. Winston）、[美]马丁·N. 塞夫（Martin N. Seif）,上海科学技术出版社,2023-6,58.00元,8.5,195,https://book.douban.com/subject/36503283/
心理学,不要相信你所想的一切,[美]约瑟夫·阮,北京联合出版有限公司,2024-3,42.00元,7.5,628,https://book.douban.com/subject/36763400/
心理学,心世界-多层迷走神经指南：临床干预操作手册 亲近、注意、塑造、整合、联结5大维度的50种神经练习,［美］德博拉·A.达娜（Deborah A. Dana）,,［美］德博拉·A.达娜（Deborah A. Dana）,金城出版社,,10,https://book.douban.com/subject/37397017/
心理学,冷亲密,[法]伊娃·易洛思,湖南人民出版社,2023-4,49.00元,7.6,1591,https://book.douban.com/subject/36282710/
心理学,选择困难时代,[美] 皮特·戴维斯,民主与建设出版社,2024-11,52.00元,7.3,107,https://book.douban.com/subject/37135214/
心理学,怪诞行为学2,[美]丹·艾瑞里,中信出版社,2010-1-9,42.00元,7.8,5101,https://book.douban.com/subject/5253757/
心理学,自我与本我,[奥]西格蒙德·弗洛伊德,上海译文出版社,2011-10,28.00元,8.2,2697,https://book.douban.com/subject/6797700/
心理学,爱，为什么痛？,[法] 伊娃·易洛思 (Eva Illouz),华东师范大学出版社,2015-9,50.00元,8.8,1647,https://book.douban.com/subject/26640915/
心理学,刻意专注,[美] 阿米希·P.杰哈,机械工业出版社,2023-7-1,59.00元,7.8,314,https://book.douban.com/subject/36455706/
心理学,情绪的解析,[美] 保罗·艾克曼,南海出版公司,2008-1,25.00元,8.1,1069,https://book.douban.com/subject/2970296/
心理学,金花的秘密,[瑞士]卡尔·荣格、[德]卫礼贤,浙江文艺出版社,2025-7,39.80元,8.8,64,https://book.douban.com/subject/37413144/
心理学,少有人走的路：心智成熟的旅程,[美] M.斯科特·派克,中华工商联合出版社,2017-12,42.00元,8.1,1163,https://book.douban.com/subject/30270040/
心理学,当尼采哭泣,[美] 欧文·亚隆,机械工业出版社,2011-1,36.00元,8.9,7576,https://book.douban.com/subject/5940553/
心理学,边界感与分寸感,莎伦·马丁  著,化学工业出版社,2023-6,59.80,8.7,68,https://book.douban.com/subject/36474884/
心理学,远离危险关系,(美) 桑德拉·布朗,北京科学技术出版社,2024-8,79元,8.7,104,https://book.douban.com/subject/36930294/
心理学,情绪鸡尾酒,戴维·J.P.菲利普斯,中信出版集团,2025-1,59,8.1,490,https://book.douban.com/subject/37192388/
心理学,禅与摩托车维修艺术,[美] 罗伯特·M.波西格,重庆出版社,2018-9,79.80,8.3,5515,https://book.douban.com/subject/30208077/
心理学,潜意识与心灵成长,(瑞士)荣格(JungC. G. )等,译林出版社,2014-3,32.8,8.6,322,https://book.douban.com/subject/25750516/
心理学,自卑与超越,[奥] A·阿德勒,作家出版社,1986-9,1.60元,8.2,1272,https://book.douban.com/subject/1482317/
心理学,我喜欢这样的自己,徐慢慢心理话,浙江文艺出版社,2025-4-8,59.80元,8.4,352,https://book.douban.com/subject/37305041/
心理学,笛卡尔的错误,[美] 安东尼奥·R.达马西奥,教育科学出版社,2007-6,30.00元,8.3,575,https://book.douban.com/subject/2157346/
心理学,童年与社会,[美] 爱利克·埃里克森、埃里克·埃里克森,世界图书出版公司,2018-1-1,88.00元,8.2,285,https://book.douban.com/subject/27615512/
心理学,走出负面情绪,[法]让·科特洛,上海三联书店,2023-5-1,59,8.1,28,https://book.douban.com/subject/36381814/
心理学,走出剧情,李雪,北京联合出版公司,2018-12,49.80元,7.7,2797,https://book.douban.com/subject/30401266/
心理学,为什么我们相信阴谋论,[西]拉蒙·诺格拉斯,江苏凤凰文艺出版社,2024-2,49.80元,7.0,446,https://book.douban.com/subject/36538406/
心理学,人生解忧,成庆,上海三联书店,2024-11,98.00,8.6,3231,https://book.douban.com/subject/37103197/
心理学,部分心理学,[美] 理查德·施沃茨,广东人民出版社,2017-11,49.90元,7.5,346,https://book.douban.com/subject/27592709/
心理学,修复情绪的100项艺术练习,[美] 利娅·古兹曼,机械工业出版社,2024-1,69.00元,8.2,33,https://book.douban.com/subject/36732187/
心理学,无处安心的女孩,[加] 卡拉•齐格内,上海三联书店,2025-11,49.00,8.3,100,https://book.douban.com/subject/37820534/
心理学,万法简史,肯·威尔伯 Ken Wilber,心灵工坊文化事业股份有限公司,2005,NT520,8.7,312,https://book.douban.com/subject/1473288/
心理学,你为什么不离开我的生活？,[美] 薇薇安·戈尔尼克,北京联合出版公司,2025-2,49.80元,8.6,1725,https://book.douban.com/subject/37045755/
心理学,高敏感孩子的内心世界,[法]克莉司德·布提可南,万卷出版公司,2024-4,42.80元,8.6,192,https://book.douban.com/subject/36857945/
心理学,高敏感的你 内核更强大,朱燕华,北京科学技术出版社,2026-1,89,8.9,24,https://book.douban.com/subject/38385246/
心理学,错把妻子当帽子,[英] 奥利弗·萨克斯,湖南文艺出版社,2024-4,59.00元,8.0,424,https://book.douban.com/subject/36831617/
心理学,西方文化的特立獨行如何形成繁榮世界,約瑟夫．亨里奇、约瑟夫·亨里奇,天下文化,2022-7,NTD1000,,30,https://book.douban.com/subject/36021059/
心理学,爱情心理学（新编本）,[美]罗伯特·J. 斯腾伯格、[美]凯琳·斯腾伯格,世界图书出版公司,2024-3,68,8.8,33,https://book.douban.com/subject/36818155/
心理学,重掌失控人生（第2版）：注意力缺陷多动障碍成人自救手册,拉塞尔·A.巴克利,宗岩,华夏出版社,88.00元,,13,https://book.douban.com/subject/38175221/
心理学,IFS自我疗愈法,[美]杰伊·厄雷（Jay Earley）,华夏出版社,2026-1,85.00,,10,https://book.douban.com/subject/37931976/
心理学,游戏心理学,陈京炜 著、何晓抒 插图,北京广播学院出版社,2015-12,45.00元,7.6,49,https://book.douban.com/subject/27103962/
心理学,不为所动,[美]朱迪斯·欧洛芙,中信出版集团,2020-8,49.80,6.7,532,https://book.douban.com/subject/35173364/
心理学,情绪传染,[美] 伊莱恩·哈特菲尔德、[美] 约翰·卡乔波、[美] 理查德·拉普森,中国人民大学出版社,2024-10,79.00元,8.3,93,https://book.douban.com/subject/37011372/
心理学,论人的成长,[美] 卡尔•罗杰斯,世界图书出版公司,2015-1,68.00元,8.2,399,https://book.douban.com/subject/26220853/
心理学,天生敏感,伊莱恩· 阿伦、伊莱恩·阿伦,华夏出版社,2014-1,36.8,7.9,1164,https://book.douban.com/subject/25858882/
心理学,一本正经又怪诞的行为心理学,理查德•怀斯曼,湖南文艺出版社,2016-1,38.00,7.2,843,https://book.douban.com/subject/26705570/
心理学,像间谍一样观察,[美] 杰克·谢弗、[美] 马文·卡林斯,中信出版社,2019-1-1,58.00元,7.0,807,https://book.douban.com/subject/30395692/
心理学,身份政治,[美] 弗朗西斯·福山,理想国｜中译出版社,2021-10,68.00元,7.6,2950,https://book.douban.com/subject/35604961/
心理学,徐钧自体心理学入门,徐钧,北京联合出版公司,2022-2,68,8.5,151,https://book.douban.com/subject/35761868/
心理学,日常生活中的自我呈现,（美）欧文·戈夫曼,北京大学出版社,2008-4-1,28.00元,8.6,6614,https://book.douban.com/subject/3062632/
心理学,心靈時刻,歐文·亞隆、班傑明·亞隆,鄧伯宸,心靈工坊,2025-5-1,,10,https://book.douban.com/subject/37360519/
心理学,心理创伤疗愈之道,[美] 彼得·莱文,机械工业出版社,2017-8,59.00,8.5,197,https://book.douban.com/subject/27093847/
心理学,意识光谱,【美】肯•威尔伯,万卷出版公司,2011-7-1,65.00,8.7,741,https://book.douban.com/subject/6773583/
心理学,思移力,瓦季姆•泽兰德,湖南师范大学出版社,2011-7-1,29.80元,7.8,116,https://book.douban.com/subject/6750736/
心理学,韧性之盾,（澳）丹·普朗克、（澳）本·普朗克、（澳）蒂姆·柯蒂斯,浙江大学出版社,2026-1-1,68.00,,10,https://book.douban.com/subject/37869703/
心理学,唤醒老虎,[美]彼得·莱文、[美]安·弗雷德里克,机械工业出版社,2024-7-1,69.00元,7.2,84,https://book.douban.com/subject/36975387/
心理学,社会学的想象力,[美] 查尔斯·赖特·米尔斯,北京师范大学出版社,2017-3-2,48.00元,9.1,6691,https://book.douban.com/subject/26874446/
心理学,路西法效应,[美] 菲利普·津巴多,生活·读书·新知三联书店,2024-8,98.00元,8.2,18,https://book.douban.com/subject/36930588/
心理学,内在工程（全新修订本）,[印] 萨古鲁,中国青年出版社,2020-5-1,79元,8.9,768,https://book.douban.com/subject/35044160/
心理学,心理咨询师执业之路,庄晓丹,机械工业出版社,2023-9-12,79.00元,8.8,314,https://book.douban.com/subject/36558205/
心理学,人生每一步都算数,柳智宇,湖南文艺出版社,2023-12-8,52.00元,6.8,943,https://book.douban.com/subject/36667263/
心理学,我的黑色情绪,心动,海洋出版社,2026-3-1,59,,17,https://book.douban.com/subject/38394790/
心理学,人类如何思考,[美] 理查德·E.尼斯贝特,中国人民大学出版社,2025-2-26,69.90元,6.9,30,https://book.douban.com/subject/37229992/
心理学,难免痛苦，“待”着就好,[日]东畑开人,上海书店出版社,2025-8,75.00元,8.2,211,https://book.douban.com/subject/37423995/
心理学,轻松上班：打工人心病处方,曾庆枝、李黎、谢斌,上海交通大学出版社,2024-8-13,68,6.7,118,https://book.douban.com/subject/37003825/
心理学,感觉的秩序,F. A. 哈耶克,华中科技大学出版社,2015-6,59.00元,9.5,15,https://book.douban.com/subject/30170102/
心理学,新世界：灵性的觉醒（精装修订本）,艾克哈特·托尔,四川文艺出版社,2016-1-1,58,9.3,1746,https://book.douban.com/subject/27153403/
心理学,Fire in the Belly,Sam Keen、萨姆·基恩,Bantam,1992-3-1,USD 16.00,,10,https://book.douban.com/subject/2385451/
心理学,性学入门,李银河 编,上海三联书店,2021-1,58.00元,8.6,2605,https://book.douban.com/subject/35218806/
心理学,死亡的脸,[美]舍温·努兰（Sherwin Nuland）,中信出版社,2016-4-15,45.00元,8.8,517,https://book.douban.com/subject/26708760/
心理学,当呼吸化为空气,[美] 保罗·卡拉尼什、Paul Kalanithi,浙江文艺出版社,2016-11,48.00元,8.9,35016,https://book.douban.com/subject/26896859/
心理学,在人之履,［美］史蒂夫·E. 费恩（Stephen E.Finn）,王铭,人民邮电出版社,79.00,,10,https://book.douban.com/subject/37805555/
心理学,墨菲定律,张文成,古吴轩出版社,2019-5-1,45.00元,7.0,1275,https://book.douban.com/subject/33458407/
心理学,心之道,[美] 阿伦·瓦兹,广西师范大学出版社,2015-4-1,29.80,8.1,1020,https://book.douban.com/subject/26315455/
心理学,不同的音调,[美] 约翰·唐文、凯伦·祖克,四川人民出版社,2019-6,75.00元,9.0,663,https://book.douban.com/subject/30486813/
心理学,幻想與無意識,尚‧拉普朗虛、賽基‧勒克萊、尚-柏騰‧彭大歷斯、让·拉普朗什,行人出版社,2006 年 03 月 01 日,240,8.9,44,https://book.douban.com/subject/1757776/
心理学,鲍文家庭系统治疗,［美］　默里·鲍文（Murray Bowen）,机械工业出版社,2025-7,139,,10,https://book.douban.com/subject/37443311/
心理学,被错用的心理治疗,(美) 阿比盖尔·谢里尔,中信出版集团,2026-1-1,58.00,7.7,15,https://book.douban.com/subject/37941151/
心理学,哀悼与忧郁,[奥] 西格蒙德·弗洛伊德,岳麓书社,2024-11,49,8.7,171,https://book.douban.com/subject/37100502/
心理学,当女儿决定不乖,(美) 凯瑟琳•法布里齐奥  (Katherine Fabrizio),北京科学技术出版社,2025-10-8,69.00元,7.6,126,https://book.douban.com/subject/37808768/
心理学,自体心理学,[美] 米利亚姆·埃尔森,重庆大学出版社,2022-1,136.00元,9.5,52,https://book.douban.com/subject/35751359/
心理学,我们为什么会受骗,[美] 玛丽亚·康妮科娃、Maria Konnikova,上海文化出版社,2021-6,52.00元,8.0,758,https://book.douban.com/subject/35459811/
心理学,移情,[法] 凯瑟琳·穆勒（Catherine Muller）,广西师范大学出版社,2025-2,49.80元,8.3,113,https://book.douban.com/subject/37191868/
心理学,狂喜之后,杰克‧康菲尔德（Jack Kornfield）,云南人民出版社,2008-3,35.00元,8.5,824,https://book.douban.com/subject/3023149/
心理学,别毙了那只狗,[美] 凯伦·布莱尔（Karen Pryor）,浙江大学出版社,2025-4,68元,7.9,35,https://book.douban.com/subject/37311735/
心理学,当我们必须谈论死亡与别离时,[英]凯瑟琳·曼尼克斯,[英]凯瑟琳·曼尼克斯,张熙,中国纺织出版社,,109,https://book.douban.com/subject/36110811/
心理学,冷血,[美] 杜鲁门·卡波特,南海出版公司,2013-10,39.50元,8.7,11587,https://book.douban.com/subject/20428313/
心理学,反焦虑心理学,叁橙,叁橙,人民邮电出版社,2026-3,7.0,15,https://book.douban.com/subject/38374592/
心理学,人生拒绝清单,[日]pha,湖南文艺出版社,2025-2,48.00,6.9,1246,https://book.douban.com/subject/37005392/
心理学,紅書（讀者版）,卡爾·榮格、索努·山達薩尼,心靈工坊文化事業股份有限公司,2016-7-4,NTD1000元,9.8,45,https://book.douban.com/subject/26830713/
心理学,我和我们,刘嘉,台海出版社,2023-1,68,8.0,200,https://book.douban.com/subject/36197599/
心理学,神经经济学分析基础,保罗·格莱姆齐(Paul W.Glimcher),浙江大学出版社,2016-9-30,CNY 98.00,8.8,66,https://book.douban.com/subject/26879503/
心理学,最小阻力之路,Robert Fritz、罗伯特·弗里茨,陳榮彬,大寫出版,2015-11,8.6,575,https://book.douban.com/subject/26866955/
心理学,异类,马尔科姆·格拉德威尔,中信出版社,2014-5,36.00元,8.0,10382,https://book.douban.com/subject/25863621/
心理学,错不在我,卡罗尔·塔夫里斯、艾略特·阿伦森,中信出版社,2014-1,39.00元,7.9,608,https://book.douban.com/subject/25788948/
心理学,走出创伤：心理动力学关系创伤治疗技术,[美] 珍妮特•李•巴尚（Janet Lee Bachant）,民主与建设出版社,2021-10,58.00元,8.4,67,https://book.douban.com/subject/35651834/
心理学,动机与人格,亚伯拉罕·马斯洛 (Abraham H.Maslow),中国人民大学出版社,2007-4-1,45.00元,8.8,2005,https://book.douban.com/subject/2116916/
心理学,心理学史,戴维·霍瑟萨尔,人民邮电出版社,2011-5,88.00元,8.4,158,https://book.douban.com/subject/6394591/
心理学,众妙之门,[英] 阿道司·赫胥黎,北京燕山出版社,2017-4-1,45.00元,8.0,674,https://book.douban.com/subject/26924777/
心理学,简捷启发式,[德] 哥德·吉戈伦尔、[德] 彼得·M. 托德,华东师范大学出版社,2002-9,25.00元,8.2,276,https://book.douban.com/subject/1599035/
心理学,依附,阿米爾‧樂維、瑞秋‧赫勒,蔡欣芝,遠流,2018-8-29,,10,https://book.douban.com/subject/32577872/
心理学,行动转变性格,长谷川洋三,人民卫生出版社,2006-3,9.00元,8.4,347,https://book.douban.com/subject/1581273/
心理学,神经衰弱和强迫观念的根治法,[日] 森田正马,人民卫生出版社,2006-9,15.00元,8.5,802,https://book.douban.com/subject/1581309/
心理学,当良知沉睡：辨认身边的反社会人格者,[美]玛莎·斯托特（Martha Stout）,机械工业出版社,2024-4-1,59.00元,7.1,93,https://book.douban.com/subject/36861483/
心理学,潜意识与心灵成长,[瑞士] 荣格,上海三联书店,2009-12,38.00元,8.4,522,https://book.douban.com/subject/4210847/
心理学,Models,Mark Manson,CreateSpace,2011-7-28,USD 27.00,8.6,85,https://book.douban.com/subject/7716864/
心理学,每一天爱自己,[美]露易丝·海,太白文艺出版社,2022-12,65.00,7.8,267,https://book.douban.com/subject/36191401/
心理学,兰花与蒲公英,托马斯·博伊斯,浙江文艺出版社,2021-4,68,8.2,199,https://book.douban.com/subject/35374301/
心理学,科学验证的改运法,[日]中野信子,北京燕山出版社,2018-10-1,35.00元,7.8,40,https://book.douban.com/subject/30314207/
心理学,活下去的理由,[英] 马特·海格,江西人民出版社,2018-1,38.00元,8.1,13523,https://book.douban.com/subject/27114418/
心理学,心理医生的故事盒子,[阿根廷]豪尔赫·布卡伊,万卷出版公司,2022-12-1,49.80元,8.0,1746,https://book.douban.com/subject/36157433/
心理学,家庭与家庭治疗,【美】萨尔瓦多·米纽庆Salvador Minuchin、萨尔瓦多·米纽庆,商务印书馆,2009-06,36.00,9.2,213,https://book.douban.com/subject/3865964/
心理学,教育心理学（第10版）,[美]罗伯特·斯莱文,人民邮电出版社,2016-8,98,9.2,295,https://book.douban.com/subject/26839420/
心理学,心理学,David Myers,人民邮电出版社,2013-12-1,CNY 128.00,9.4,737,https://book.douban.com/subject/25792556/
心理学,发展心理学,[美] 罗伯特·费尔德曼,世界图书出版公司,2013-8-1,98.00元,9.1,667,https://book.douban.com/subject/25726681/
心理学,自证预言,[英] 大卫·罗布森,天津科学技术出版社,2025-9-30,59.80元,7.4,157,https://book.douban.com/subject/37669057/
心理学,自我的诞生,武志红,新星出版社,2022-3-3,69.00元,7.9,1005,https://book.douban.com/subject/35776531/
心理学,心理抚养,李玫瑾,上海三联书店,2021-6,46.80,8.4,4797,https://book.douban.com/subject/35478853/
心理学,色彩,[意] 里卡尔多·法尔奇内利,贵州人民出版社,2023-5,178,8.7,641,https://book.douban.com/subject/36361913/
心理学,Man's Search for Meaning,"Frankl, Viktor E.","Frankl, Viktor E.",2008-2,59.00元,,12,https://book.douban.com/subject/6769935/
心理学,DBT就这么简单,[加] 谢里·范·狄克,机械工业出版社,2024-8-1,79,7.9,62,https://book.douban.com/subject/37022801/
心理学,分手心理学,曹雪敏,人民邮电出版社,2020-11,49.8,8.8,2120,https://book.douban.com/subject/35256710/
心理学,The Israeli Mind,Alon Gratch,St. Martin's Press,2015-9-1,USD 26.99,,10,https://book.douban.com/subject/26769583/
心理学,雄性衰落,[美]菲利普·津巴多、[美]尼基塔·库隆布,北京联合出版公司,2016-4-1,69.90元,7.1,1184,https://book.douban.com/subject/26769662/
心理学,手机上瘾,[英]费伊·贝格蒂,湖南科学技术出版社,2025-10,59.00,8.3,217,https://book.douban.com/subject/37659316/
心理学,这一次，让我紧紧抱住你,简单心理,江苏凤凰文艺出版社,2024-12,69.90,8.2,439,https://book.douban.com/subject/37134960/
心理学,Trauma and the Body,Pat Ogden、Kekuni Minton、Clare Pain,W. W. Norton & Company,2006-10-13,USD 39.95,,10,https://book.douban.com/subject/2843317/
心理学,临床心理督导纲要（原著第六版）,（美）贾宁·M.伯纳德（Janine M. Bernard）、（美）罗德尼·K.古德伊尔（Rodney K. Goodyear）,中国轻工业出版社,2021-1,118.00元,9.5,16,https://book.douban.com/subject/35265028/
心理学,超越智商,[加] 基思·斯坦诺维奇,机械工业出版社,2015-9-15,59.00元,8.1,2268,https://book.douban.com/subject/26605978/
心理学,登天之梯 (原书第3版),[美] 布鲁斯·D.佩里、[美] 迈亚·塞拉维茨,重庆大学出版社,2021-10,56.00元,9.5,505,https://book.douban.com/subject/35664655/
心理学,操纵大师,[美]玛丽亚·康妮科娃,孙鹏,九州出版社,2023-9,7.2,46,https://book.douban.com/subject/36464995/
心理学,自我效能,A·班杜拉,华东师范大学出版社,2003-12,72.20元,8.2,87,https://book.douban.com/subject/1323270/
心理学,心理科学,[美] 马克·克劳斯（Mark Krause）、[美] 丹尼尔·科茨（Daniel Corts）,中国轻工业出版社,2017-10-1,128,9.2,15,https://book.douban.com/subject/27203295/
心理学,犯罪心理学（第12版）,[美]柯特·R.巴托尔、安妮·M.巴托尔,人民邮电出版社,2024-9,148.00,7.6,251,https://book.douban.com/subject/36988991/
心理学,成为格式塔咨询师,费俊峰、林荫,人民邮电出版社,2024-7-22,108.00元,9.3,84,https://book.douban.com/subject/36977774/
心理学,心灵的母体,[美]托马斯·H.奥格登,华东师范大学出版社,2016-12,28.00元,9.5,305,https://book.douban.com/subject/26944346/
心理学,人性论,[英] 休谟,商务印书馆,2016-10,88.00,9.1,896,https://book.douban.com/subject/26806808/
心理学,Existential Kink,Carolyn Elliott,Carolyn Elliott,Weiser Books,2020-3-1,,34,https://book.douban.com/subject/36406221/
心理学,母爱的羁绊,卡瑞尔·麦克布莱德(Karyl McBride),机械工业出版社,2010-10,30.00元,8.5,1118,https://book.douban.com/subject/5339693/
心理学,拉康精神分析的临床概念化,（法）达妮埃尔·布里约,中国轻工业出版社,2025-1,108.00元,9.4,48,https://book.douban.com/subject/36938448/
心理学,活出心花怒放的人生,彭凯平、闫伟,彭凯平、闫伟,中信出版集团,2026-3,,10,https://book.douban.com/subject/38422233/
心理学,初始访谈（万千心理）,[美]詹姆斯·莫里森（James Morrison）,中国轻工业出版社,2025-1,128.00元,,10,https://book.douban.com/subject/37157258/
心理学,不完美的禮物,布芮尼．布朗（Bren? Brown）,田育慈,心靈工坊,2013-4-10,8.8,37,https://book.douban.com/subject/24283455/
心理学,我穿越疯狂的旅程,[美] Elyn R.Saks,中国轻工业出版社,2013-2,40.00元,8.7,792,https://book.douban.com/subject/21241284/
心理学,知觉之门,[英]阿道司·赫胥黎,北京时代华文书局,2020-4-30,82.00元,8.5,807,https://book.douban.com/subject/33587947/
心理学,藏在成语中的心理学,杨眉,上海三联书店,2023-3,69.00元,8.3,119,https://book.douban.com/subject/36305282/
心理学,行为就是答案,[西]拉蒙·诺格拉斯,徐海峰,金城出版社,2026-4-1,,35,https://book.douban.com/subject/38412874/
心理学,Complex PTSD,Pete Walker,CreateSpace Independent Publishing Platform,2013-12-13,USD 16.00,8.8,210,https://book.douban.com/subject/26761434/
心理学,相约星期二,[美] 米奇·阿尔博姆,上海译文出版社,2007-7,49.00元,8.3,31561,https://book.douban.com/subject/2194123/
心理学,我们内心的冲突,卡伦·霍尼,译林出版社,2011-7,20.00元,8.9,3585,https://book.douban.com/subject/6744767/
心理学,与情绪和解,希拉里·雅各布·亨德尔,中国人民大学出版社,2020-5,79.00元,8.8,248,https://book.douban.com/subject/35048819/
心理学,活出最乐观的自己,（美）马丁·塞利格曼（Martin E.P. Seligman）,浙江教育出版社,2021-6-1,69.90,7.7,286,https://book.douban.com/subject/35506319/
心理学,微习惯,[美]斯蒂芬·盖斯、Stephen Guise,江西人民出版社,2016-11,38.00元,7.8,14061,https://book.douban.com/subject/26877306/
心理学,我的精神病、我的自行车和我,[德]弗里茨·B.西蒙,商务印书馆,2018-6,58.00元,8.8,150,https://book.douban.com/subject/30277931/
心理学,心理治疗基础,许又新,中国轻工业出版社,2018-3,48.00元,8.4,53,https://book.douban.com/subject/30206760/
心理学,为什么大象不听话,魏知超,北京联合出版公司,2022-11-30,56.00元,7.6,164,https://book.douban.com/subject/36184703/
心理学,自渡,墨多先生,人民邮电出版社,2023-12,59.8,7.4,478,https://book.douban.com/subject/36693886/
心理学,论不服从,[美] 艾里希·弗洛姆,上海译文出版社,2017-5,28,8.5,2881,https://book.douban.com/subject/27063276/
心理学,活出最乐观的自己,【美】马丁•塞利格曼（Martin E.P. Seligman ）,万卷出版公司,2010.8,45,8.3,3254,https://book.douban.com/subject/4934590/
心理学,象与骑象人,（美）乔纳森·海特（Jonathan Haidt）,中国人民大学出版社,2008-07-01,45.00,8.3,2846,https://book.douban.com/subject/3116096/
心理学,自体的分析,海因茨·科胡特,世界图书出版公司,2012-9-1,52.00元,8.5,311,https://book.douban.com/subject/19894314/
心理学,发现自我,[美] 布赖恩·洛厄里,中信出版社,2026-1,69.00,,10,https://book.douban.com/subject/36864831/
心理学,认识自己，接纳自己,[美]马丁·塞利格曼（Martin E.P. Seligman）,浙江教育出版社,2020-10-10,62.90,7.2,277,https://book.douban.com/subject/35222631/
心理学,我是谁,[美] 杨定一,华龄出版社,2022-10-1,59.00元,8.5,390,https://book.douban.com/subject/36118390/
心理学,杀不死我的必使我强大,[英] 史蒂芬·约瑟夫,北京联合出版公司,2016-5-28,49.90元,7.7,205,https://book.douban.com/subject/26779443/
心理学,性格心理学,[奥地利] 阿尔弗雷德·阿德勒,天津人民出版社,2022-1,49.80,7.7,166,https://book.douban.com/subject/35709531/
心理学,关于爱的一切,贝尔·胡克斯,中央编译出版社,2023-6,68.00元,7.8,159,https://book.douban.com/subject/36429107/
心理学,爱与告别,查尔斯·A. 科尔、唐娜·M. 科尔、肯尼斯·J.多卡,中国人民大学出版社,2026-3,89.9,8.6,34,https://book.douban.com/subject/38407693/
心理学,儿童青少年心理治疗,Peter Blake,化学工业出版社,2024-3,198,9.7,105,https://book.douban.com/subject/36752361/
心理学,不是你的错,拉玛尼·杜瓦苏拉,孙芳,南方出版社,2024-12,7.3,36,https://book.douban.com/subject/37158052/
心理学,感觉与知觉（第十版）,[美] E. Bruce Goldstein、[美] James R.Brockmole,中国轻工业出版社,2018-5,148.00元,9.3,52,https://book.douban.com/subject/30234594/
心理学,分心不是我的错（2024年新版）,(美)爱德华·哈洛韦尔（Edward M. Hallowell）(美) 约翰·瑞迪（John J. Ratey） 著、丁凡  译、湛庐文化 出品,,(美)爱德华·哈洛韦尔（Edward M. Hallowell）(美) 约翰·瑞迪（John J. Ratey） 著、丁凡  译、湛庐文化 出品,浙江教育出版社,,88,https://book.douban.com/subject/36787594/
心理学,我们时代的神经症人格,[美]卡伦·霍尼（Karen Horney）,译林出版社,2016-6,30.00元,8.9,1279,https://book.douban.com/subject/26848035/
心理学,抑郁、焦虑和药物的那些事,[加]劳伦·斯莱特  著,童玥  译,中国纺织出版社,2023-1-1,7.7,103,https://book.douban.com/subject/36199554/
心理学,对权威的服从,米尔格拉姆、斯坦利·米尔格拉姆,新华出版社,2013-1,29.00元,9.0,598,https://book.douban.com/subject/20477116/
心理学,荣格的心灵地图,[瑞士]莫瑞·斯坦,傅宗梅,广西师范大学出版社,2023-9-1,8.8,85,https://book.douban.com/subject/36492398/
心理学,人类心理3000年,[美] 托马斯·哈代·黎黑,人民邮电出版社,2024-3,199.00元,8.5,75,https://book.douban.com/subject/36473409/
心理学,新世界,[德] 艾克哈特·托尔,南方出版社,2012-2,28.00元,9.0,7897,https://book.douban.com/subject/3158482/
心理学,拥抱你的内在小孩,克里希那南达&阿曼娜、克里希那南达,漓江出版社,2011-8,32.00元,8.3,1341,https://book.douban.com/subject/6807767/
心理学,认知疗法,Judith S. Beck,中国轻工业出版社,2013-11-6,56.00,8.9,164,https://book.douban.com/subject/25764211/
心理学,爱得太多的女人,[美] 罗宾·诺伍德,北京联合出版公司,2011-11,28.00元,8.6,988,https://book.douban.com/subject/6957796/
心理学,做你自己，其他人都已经存在了,[德]乌尔丽克·尤赫曼,天津人民出版社,2025-11,55.00元,6.5,35,https://book.douban.com/subject/37824239/
心理学,童年的消逝,[美]尼尔·波兹曼（Neil Postman）、Neil Postman,中信出版社,2015-5,38.00元,8.0,6424,https://book.douban.com/subject/26319794/
心理学,共情的边界,[美]克里斯蒂娜·罗丝·埃勒,中国人民大学出版社,2021-8-1,55.00元,5.8,154,https://book.douban.com/subject/35576148/
心理学,认知心理学及其启示,[美] 约翰·R.安德森,人民邮电出版社,2012-1-1,88.00元,9.0,616,https://book.douban.com/subject/7067149/
心理学,生活中的心理学3：动机与行为,王垒,王垒,人民邮电出版社,2024-1-1,6.6,16,https://book.douban.com/subject/36736572/
心理学,不冒险就是最大的风险,[美] 纳特·西尔弗,中信出版集团,2026-4,98.00元,,10,https://book.douban.com/subject/38434870/
心理学,别独自用餐（十周年修订珍藏版）,[美] 基思•法拉奇（Keith Ferrazzi）、[美] 塔尔•雷兹（Tahl Raz）,北京时代华文书局,2016-9-1,46.00,7.5,991,https://book.douban.com/subject/26889370/
心理学,天生赢家,[美] Muriel James、[美] Dorothy Jongeward,清华大学出版社,2013-12,39.80元,8.9,54,https://book.douban.com/subject/25789610/
心理学,心理学讲义,李松蔚,新星出版社,2024-6-5,99.00元,8.8,754,https://book.douban.com/subject/36911178/
心理学,箭术与禅心,[德] 奥根·赫立格尔,云南人民出版社,2016-10,32.00元,8.7,3663,https://book.douban.com/subject/26869026/
心理学,隐藏的大脑,[美]尚卡尔·韦丹塔姆,中国人民大学出版社,2023-5,58.00元,7.8,162,https://book.douban.com/subject/36282700/
心理学,吾心可鉴,彭凯平,清华大学出版社,2016-7-1,88.00元,7.4,391,https://book.douban.com/subject/26821979/
心理学,吃掉那只青蛙,[美] 博恩·崔西,王璐,机械工业出版社,2017-8-14,7.6,2531,https://book.douban.com/subject/27130739/
心理学,人间游戏（万千心理）,（美）艾瑞克·伯恩（Eric Berne）,中国轻工业出版社,2022-2,72.00元,7.4,220,https://book.douban.com/subject/35755162/
心理学,人为什么会生病？,[英]达里安·利德、[英]戴维·科菲尔德,北京联合出版公司,2022-10,62.00元,7.6,182,https://book.douban.com/subject/36086309/
心理学,直面惊恐障碍,顾亚亮、史欣鹃,机械工业出版社,2021-10,59.00,6.7,28,https://book.douban.com/subject/35678474/
心理学,四千周,[英] 奥利弗·伯克曼（Oliver Burkeman）,贵州人民出版社,2022-9-20,58.00元,7.8,2545,https://book.douban.com/subject/36093214/
心理学,做食物链顶端的姐姐,郑昱旻,开明出版社,2026-3,59.8,8.2,41,https://book.douban.com/subject/38405565/
心理学,心理体能的刻意练习手册,[美] 托尼.罗斯莫尼尔、托尼·罗斯莫尼尔,中国轻工业出版社,2022-6,68.00元,8.1,14,https://book.douban.com/subject/35940052/
心理学,掌控边界,[美] 特里·科尔,机械工业出版社,2024-6,59.80元,8.3,451,https://book.douban.com/subject/36948750/
心理学,亲密关系：通往灵魂的桥梁,[加]克里斯多福•孟,湖南文艺出版社,2015-4,35.00,7.6,17688,https://book.douban.com/subject/26363229/
心理学,好的家庭教育,李笑来,广东经济出版社,2026-3-30,58.00,7.4,173,https://book.douban.com/subject/38204411/
心理学,做对“懒”爸妈 养出省心娃,沈奕斐,中信出版社,2020-3,52.00元,8.7,650,https://book.douban.com/subject/34952677/
心理学,沙盘游戏疗法手册（万千心理）,特纳 BarbaraTurner,中国轻工业出版社,2016-4,88.00,8.6,50,https://book.douban.com/subject/26777559/
心理学,占有还是存在,艾里希·弗洛姆,上海译文出版社,2021-10,55,8.7,1917,https://book.douban.com/subject/35574976/
心理学,和另一个自己谈谈心,武志红,中国友谊出版公司,2021-1,59.00元,7.6,1900,https://book.douban.com/subject/35327676/
心理学,我们内心的冲突,卡伦·霍妮,中华工商联合出版社,2018-6,39.80元,8.4,804,https://book.douban.com/subject/30224133/
心理学,爱灵魂自我教程,庞思奋（Stephen R. Palmquist）,广西师范大学出版社,2010-12,35.00元,8.9,90,https://book.douban.com/subject/5398881/
心理学,时间与自由意志,[法] 柏格森,商务印书馆,1958-8,15.00元,8.5,1563,https://book.douban.com/subject/1255584/
心理学,学会据理力争,[英] 乔纳森·赫林,机械工业出版社,2023-11,79.00元,8.2,93,https://book.douban.com/subject/36649294/
心理学,Psycho-Cybernetics,Maxwell Maltz,Simon & Schuster (Paper),1960-6,USD 8.95,9.2,33,https://book.douban.com/subject/3308509/
心理学,猫的哲学,[英] 约翰·格雷,四川人民出版社,2025-10,58.00,7.8,235,https://book.douban.com/subject/37373656/
心理学,你的潜能,[美] 麦克斯威尔·马尔茨,中国工人出版社,1987-10,1.45元,8.1,58,https://book.douban.com/subject/3196088/
心理学,身份的焦虑,[英]阿兰·德波顿,上海译文出版社,2018-6,48.00,8.1,1545,https://book.douban.com/subject/27625550/
心理学,人格心理学(第八版),Jerry M·Burger,中国轻工业出版社,2014-9,68.00元,9.1,710,https://book.douban.com/subject/26004131/
心理学,幸福是一段旅程而非终点,[英]史蒂芬·约瑟夫,浙江科学技术出版社,2026-4,79.9,,10,https://book.douban.com/subject/38401312/
心理学,拉康论爱,[美] 布鲁斯·芬克,东方出版中心,2024-9,75.00,8.4,378,https://book.douban.com/subject/36897177/
心理学,心灵的面具,（美）布莱克曼,华东师范大学出版社,2011-9-1,29.80元,8.3,1096,https://book.douban.com/subject/6861142/
心理学,能量自愈,[美]艾米·B.舍尔（Amy B.Scher）,北京科学技术出版社,2025-11,99.00元,8.5,30,https://book.douban.com/subject/37662590/
心理学,性学三论与爱情心理学,[奥]西格蒙德·弗洛伊德,武汉出版社,2013-12-1,29.80元,7.7,661,https://book.douban.com/subject/25805027/
心理学,女性与性别心理学,[美] 玛格丽特·马特林、[美] 丽贝卡·福谢,中国人民大学出版社,2026-1,168元,,10,https://book.douban.com/subject/37808360/
心理学,撬动幸福,奚恺元,中信出版社,2008-3-1,36.00元,7.9,141,https://book.douban.com/subject/3013502/
心理学,经典中医启蒙,李辛,中医古籍出版社,2018-5-1,CNY 68.00,9.3,5559,https://book.douban.com/subject/30230380/
心理学,少年发声,陈瑜,中信出版集团,2021-7,48.00元,8.7,1095,https://book.douban.com/subject/35517028/
心理学,为何家会伤人（2018百万畅销纪念版）,武志红,北京联合出版公司,2018-11,58.00元,7.6,3499,https://book.douban.com/subject/30359352/
心理学,精神分析中的具身,[挪威] 乔恩·斯莱特沃德,上海社会科学院出版社,2021-6,58.00元,8.9,52,https://book.douban.com/subject/35513095/
心理学,内心知道答案：用OH卡读懂你的潜意识,陈伯炜,中国人民大学出版社,2026-5-6,89.90元,,,https://book.douban.com/subject/38438248/
心理学,谁会认错,卡罗尔·塔夫里斯、艾略特·阿伦森,华东师范大学出版社,2008-11,29.00元,8.2,370,https://book.douban.com/subject/3312040/
心理学,爱的流动,［美］克里希那南达、［美］阿曼娜,北京联合出版公司,2024-11,59,7.7,168,https://book.douban.com/subject/37139075/
心理学,博尔赫斯谈佛教,[阿根廷] 豪尔赫•路易斯•博尔赫斯、阿莉西亚·胡拉多,上海译文出版社,2026-4-10,56.00,7.2,64,https://book.douban.com/subject/38362291/
心理学,舆论,[美国] 沃尔特·李普曼,北京大学出版社,2018-4,66.00元,9.2,5444,https://book.douban.com/subject/27662713/
心理学,世俗时代,[加拿大] 查尔斯·泰勒,上海三联书店,2016-12,158.00元,9.1,526,https://book.douban.com/subject/26718544/
心理学,适度的防御,曾奇峰,北京联合出版公司,2022-8,68.00,8.1,402,https://book.douban.com/subject/36021327/
心理学,人生设计课,[美] 比尔·博内特、[美] 戴夫·伊万斯,中信出版社,2022-3-25,68.00元,7.5,1223,https://book.douban.com/subject/35812149/
心理学,失控的同理心,Paul Bloom 保羅‧布倫,商周,2017-9-2,NT$360,6.3,20,https://book.douban.com/subject/27117648/
心理学,正念,[美] 乔·卡巴金,机械工业出版社,2015-5,35.00元,8.0,1590,https://book.douban.com/subject/26384262/
心理学,我们时代的神经症人格,卡伦·霍尼,译林出版社,2011-5,18.00元,8.9,9324,https://book.douban.com/subject/6511362/
心理学,读懂恋人心,〔美〕阿米尔•莱文　雷切尔•S.F.海勒,广东人民出版社,2012-8,32.00元,8.5,1316,https://book.douban.com/subject/11442509/
心理学,爆笑吧！心理学大神来了,迟毓凯,北京联合出版公司,2020-7-1,69.90,7.2,554,https://book.douban.com/subject/35117072/
心理学,掌控多巴胺,【澳】安娜斯塔西娅·赫罗尼斯（Anastasia Hronis）,陆霓,机械工业出版社,2025-9-1,8.6,93,https://book.douban.com/subject/37532970/
心理学,心理物理学纲要/西方心理学大师经典译丛,古斯塔夫·费希纳,中国人民大学出版社,2015-1-1,CNY 39.90,9.3,50,https://book.douban.com/subject/26377029/
心理学,快乐是头等大事,徐慢慢心理话,浙江文艺出版社,2026-5-8,49.80,8.4,12,https://book.douban.com/subject/38451226/
心理学,当大脑坠入爱河,斯蒂芬妮·卡乔波,浙江科学技术出版社,2024-8-1,99.90,6.5,87,https://book.douban.com/subject/36988990/
心理学,我们为什么会抑郁,[英]达里安·利德,东方出版中心,2023-10-10,49.00,8.3,143,https://book.douban.com/subject/36471331/
心理学,如何让你爱的人爱上你,[美] 莉尔·朗兹,新世界出版社,2011-6,38.50元,7.4,8226,https://book.douban.com/subject/6507262/
心理学,Things in Nature Merely Grow,Yiyun Li,Yiyun Li,HarperCollins Publishers,2025-5-22,8.9,384,https://book.douban.com/subject/37257116/
心理学,心理咨询不是你想的那样,[美] 詹姆斯·F.T.布根塔尔,机械工业出版社,2022-7,79.00元,9.0,82,https://book.douban.com/subject/36018999/
心理学,正午之魔,[美,上海三联书店,2020-10,116.00,8.9,2622,https://book.douban.com/subject/35217266/
心理学,神圣的你,杨定一,华龄出版社,2019,78.00元,9.0,187,https://book.douban.com/subject/34735921/
心理学,辞职上山,李闯,新星出版社,2026-5,59.00元,8.5,340,https://book.douban.com/subject/38431712/
心理学,荣格心理学,[匈] 约兰德·雅各比,生活·读书·新知三联书店,2026-5,53.00元,,10,https://book.douban.com/subject/38377329/
心理学,现在一切都说得通了,[美] 梅雷迪斯·卡德,北京科学技术出版社,2025-11,69.00元,7.4,124,https://book.douban.com/subject/37830884/
心理学,打破焦虑循环（原书第2版）,[英]海伦·肯纳利（Helen Kennerley）,机械工业出版社,2023-1-1,79.00元,8.4,64,https://book.douban.com/subject/36194611/
心理学,被困住的聪慧,[美] 托马斯. E. 布朗,北京大学医学出版社,2020-10,80.00,8.5,402,https://book.douban.com/subject/35247509/
心理学,谢谢，下一个,约翰金,乙霖,国际文化出版公司、国文出版社,2026-1-1,7.3,68,https://book.douban.com/subject/38229345/
心理学,精神病学霸权,布鲁斯·M·Z·科恩,布鲁斯·M·Z·科恩,十二春,2026-5-13,,10,https://book.douban.com/subject/38461940/
心理学,KO！再见，边缘型人格！,[日] 冈田尊司,现代出版社,2023-1,49.80元,8.1,319,https://book.douban.com/subject/36204868/
心理学,太好玩了，没想到这就是心理学,朱广思,广东人民出版社,2026-6,68.00,,10,https://book.douban.com/subject/38451411/
心理学,必要的丧失,朱迪思·维奥斯特（Judith Viorst）,江苏人民出版社,2012-6-1,35.00元,8.1,773,https://book.douban.com/subject/10571219/
心理学,人性实验,库尔特•P.弗雷（Kurt P. Frey）、库尔特·P.弗雷、艾登·P.格雷格,中国人民大学出版社,2021-3,99.00元,7.6,391,https://book.douban.com/subject/35377601/
心理学,定,楊定一、編者： 陳夢怡、繪者： 施智騰(Simon),天下生活,2017-11-22,NT295,9.2,114,https://book.douban.com/subject/27203496/
心理学,为什么学生不喜欢上学? (第2版),[美] 丹尼尔·T.威林厄姆,中国青年出版社,2023-1,59.90元,8.2,566,https://book.douban.com/subject/36211119/
心理学,生命，请回答：写给年轻人的9堂人生体验课,陆可心、臧蓓华、姚玉红,中国人民大学出版社,2026-5-6,79.90元,,10,https://book.douban.com/subject/38450999/
心理学,行为金融与投资心理学（原书第6版）,约翰 R. 诺夫辛格,机械工业出版社,2019-4,59,7.1,230,https://book.douban.com/subject/33392183/
心理学,身份的焦虑,[英] 阿兰·德波顿,上海译文出版社,2007-3,24.00元,8.1,17293,https://book.douban.com/subject/2033081/
心理学,抱持与解释,唐纳德·W.温尼科特 (D.W.Winnicott),北京师范大学出版社,2016-6-1,CNY 45.00,8.4,90,https://book.douban.com/subject/26841720/
心理学,道德动物,[美] 罗伯特·赖特,中信出版集团,2022-7,88元,8.0,386,https://book.douban.com/subject/35976480/
心理学,金刚经说什么,南怀瑾,复旦大学出版社,2016-3,42,9.2,3469,https://book.douban.com/subject/26785340/
心理学,行若无山,侯海荣,现代出版社,2026-5,78,,18,https://book.douban.com/subject/38193232/
心理学,组织行为学（第18版）,[美] 斯蒂芬·罗宾斯、[美] 蒂莫西·贾奇,中国人民大学出版社,2020-11,95.00元,8.9,201,https://book.douban.com/subject/35234125/
心理学,手的精神史,[英] 达里安·利德,北京联合出版公司,2022-10,45.00元,7.5,137,https://book.douban.com/subject/36071736/
心理学,薛定谔的猫,何圣君,光明日报出版社,2024-4,49.80,5.4,114,https://book.douban.com/subject/37077317/
心理学,你好百忧解,陈百忧,安徽文艺出版社,2026-5,59.8,,12,https://book.douban.com/subject/38462067/
心理学,津巴多普通心理学,[美] 菲利普·津巴多、[美] 罗伯特·约翰逊、[美] 安·韦伯,中国人民大学出版社,2008-7,98.00元,9.3,2571,https://book.douban.com/subject/3143537/
心理学,如何从烦恼中获益,[美] 阿兰·瓦兹,北京联合出版公司,2025-10-30,49.80,6.7,20,https://book.douban.com/subject/37523836/
心理学,穿越焦虑和抑郁,【加】安德烈娅·格拉博瓦茨、【澳】布鲁诺·卡尤恩,中国人民大学出版社,2026-5,69.00元,,,https://book.douban.com/subject/38432987/
心理学,流动的心灵,【美】马修·布恩、【美】珍妮弗·格雷格,中国人民大学出版社,2026-5,69.00元,,10,https://book.douban.com/subject/38433284/
心理学,性、生态、灵性,[美]肯·威尔伯,中国人民大学出版社,2009-6-1,88.00元,8.8,485,https://book.douban.com/subject/3823020/
心理学,生死之歌,（美）斯蒂芬・雷文,东方出版社,1998-12,20.30,7.2,38,https://book.douban.com/subject/1060855/
心理学,自体心理学入门（万千心理）,徐钧,中国轻工业出版社,2026-5,62.00元,,10,https://book.douban.com/subject/38197677/
心理学,情绪化进食,（美）艾米·沙阿博士 著,中译出版社,2026-5-1,68.00元,,10,https://book.douban.com/subject/38454026/
心理学,拉康式主体,[美]布鲁斯·芬克,上海文艺出版社,2024-10,62.00元,8.7,340,https://book.douban.com/subject/37004052/
心理学,微光时刻,[英] 纳迪娅·纳拉因、[英] 卡蒂娅·纳拉因·菲利普斯,中国社会科学出版社,2026-5,78.00元,,10,https://book.douban.com/subject/38431139/
心理学,进化心理学,[美] 戴维·巴斯,张勇、蒋柯,商务印书馆,2026-5,,10,https://book.douban.com/subject/38407136/
心理学,镜中的自我,[英]西蒙·布莱克本,上海文艺出版社,2026-6-1,68.00元,,14,https://book.douban.com/subject/38370481/
心理学,心理学原理,威廉·詹姆斯,北京师范大学出版社,2019-3,298.00元,8.4,66,https://book.douban.com/subject/33460908/
心理学,全脑教养法（新修版）,丹尼尔·西格尔 (Daniel J. Siegel)、蒂娜·佩恩·布赖森 (Tina Payne Bryson),北京联合出版公司,2020-12,CNY 69.90,8.4,299,https://book.douban.com/subject/26949239/
心理学,第七感,丹尼尔·西格尔,浙江人民出版社,2013-5,49.90元,7.9,332,https://book.douban.com/subject/23160215/
心理学,穿越抑郁的正念之道,[英] 马克·威廉姆斯、[英] 约翰·蒂斯代尔、[加] 辛德尔·西格尔、[美] 乔·卡巴金,童慧琦、张娜,机械工业出版社,2015-4,8.0,537,https://book.douban.com/subject/26369365/
心理学,数字倦怠,[美] 胡彤晖,于是,中信出版社,2026-4-1,,11,https://book.douban.com/subject/37382124/
心理学,欲望的新科学,[加] 保罗·布卢姆,光子,中国纺织出版社,2023-8,6.9,37,https://book.douban.com/subject/36489372/
心理学,重要的“性”,[日]村瀬幸浩,浙江人民出版社,2023-12-20,58.00,7.2,426,https://book.douban.com/subject/36522022/
心理学,寻求灵魂的现代人,卡尔·古斯塔夫·荣格,东方出版中心,2022-1,55.00,9.2,42,https://book.douban.com/subject/35727752/
心理学,马斯克原理,[美] 埃里克·乔根森,中信出版集团,2026-5,69.00元,8.6,68,https://book.douban.com/subject/38446077/
心理学,心智生活,[美] 汉娜·阿伦特,九州出版社,2026-5,98.00,7.6,13,https://book.douban.com/subject/38437115/
心理学,自在的心,史蒂文·C.海斯（Steven C.Hayes）、斯蒂文·海耶斯,机械工业出版社,2024-1,89.00元,8.4,42,https://book.douban.com/subject/36721731/
心理学,影响力,[美] 罗伯特·B. 西奥迪尼,中国社会科学出版社,2001-12,38.00元,8.9,5720,https://book.douban.com/subject/1005576/
心理学,四周,奥利弗·伯克曼(Oliver Burkeman),湖南文艺出版社,2026-2-1,49.00元,7.8,44,https://book.douban.com/subject/38215632/
心理学,人我之间,[美]N.格雷戈里·汉密尔顿,赵晓旭、严和来,中国人民大学出版社,119.90元,,16,https://book.douban.com/subject/38384992/
心理学,利他的代价,[英] 大卫·埃德蒙兹,国文出版社,2026-6-9,59,,19,https://book.douban.com/subject/38425065/
心理学,不止追星,沈奕斐,沈奕斐,社会科学文献出版社,2026-4,8.1,66,https://book.douban.com/subject/38406560/
心理学,身体知道答案,武志红,北京联合出版公司,2016-11-1,45.00元,7.7,988,https://book.douban.com/subject/26929199/
心理学,情绪的本质,【美】大卫·J.安德森（David J. Anderson）著,浙江教育出版社,2026-6,109.90,,,https://book.douban.com/subject/38491612/
心理学,梦的解析,[奥] 弗洛伊德,湖南文艺出版社,2015-6-1,35,7.6,583,https://book.douban.com/subject/26472167/
心理学,认知心理学（第4版）,大卫·格鲁姆,人民邮电出版社,2026-5,148,,51,https://book.douban.com/subject/38462750/
心理学,行为科学统计,[美] Frederick J Gravetter、[美] Larry B. Wallnau,机械工业出版社,2023-1,99.00元,9.9,108,https://book.douban.com/subject/36140702/
心理学,谈论中年,[德] 卡特娅·比加尔克、[德] 玛丽塔·舒瓦茨,南京大学出版社,2026-6,68.00,,10,https://book.douban.com/subject/37245450/
心理学,我身体里的陌生人,[美] 蕾切尔·阿维夫,译林出版社,2026-5,78.00元,,,https://book.douban.com/subject/37280861/
心理学,直视骄阳,[美] 欧文·亚隆 Irvin D·Yalom,张亚,中国轻工业出版社,2015-3,8.6,2653,https://book.douban.com/subject/26660579/
心理学,超图解心理学与生活,《图解经典》编辑部,紫图图书,2018-6,79.90元,9.0,67,https://book.douban.com/subject/30246812/
心理学,残酷的乐观主义,[美]劳伦·贝兰特,中国工人出版社,2023-7-1,78.00元,8.6,299,https://book.douban.com/subject/36446191/
心理学,教父3,[美] 马里奥·普佐,江苏文艺出版社,2014-4-1,54.00元,8.5,6296,https://book.douban.com/subject/25762005/
心理学,移情心理学,[瑞士] 卡尔·荣格,译林出版社,2019-10,45.00元,8.7,169,https://book.douban.com/subject/34826161/
心理学,獅子追蹤師的生命指南,蔡世偉,方智,2020-1-1,NT$280,,11,https://book.douban.com/subject/34930576/
心理学,我懂你的心,李元榕,中国财富出版社,2016-7-1,35,8.1,17,https://book.douban.com/subject/30302143/
心理学,实用心理诊断100例,[美]詹姆斯·莫里森,四川科学技术出版社,2019-10,128,9.1,72,https://book.douban.com/subject/34878612/
心理学,司汤达论爱情,司汤达,团结出版社,2005-8,58.00元,7.4,144,https://book.douban.com/subject/1434921/
心理学,造物之脑,[荷]迪克·斯瓦伯,包爱民,上海科学技术文献出版社,2023-12,7.8,21,https://book.douban.com/subject/36558995/
心理学,灵性开悟,杰德·麦肯纳,华夏出版社,2013-1,39.90元,8.7,708,https://book.douban.com/subject/21329705/
心理学,人类和动物的表情,达尔文,北京大学出版社,2009-11,39.00元,8.5,150,https://book.douban.com/subject/4100363/
心理学,Positive Psychotherapy: Clinician Manual,Tayyab Rashid、Martin P. Seligman,Oxford University Press,2018-8-17,USD 49.95,,,https://book.douban.com/subject/30454283/
心理学,解体概要,[法] 萧沆,浙江大学出版社,2010-9,35.00元,9.0,4251,https://book.douban.com/subject/4766921/
心理学,爱的五种语言,盖瑞·查普曼,中国轻工业出版社,2006-8,20.00元,8.7,6408,https://book.douban.com/subject/1444900/
心理学,心理学的故事,墨顿·亨特,海南出版社,2006,49.80元,8.1,997,https://book.douban.com/subject/1007667/
心理学,心理治疗中的依恋访谈,[英] 克拉克·拜姆、[英] 托尼·莫里森,[英] 克拉克·拜姆、[英] 托尼·莫里森,人民邮电出版社,2024-4,8.7,13,https://book.douban.com/subject/36865768/
心理学,为什么你总是缺乏安全,【美】丹尼尔·A. 休斯 博士,华夏出版社,2022-7-7,59.00,8.0,32,https://book.douban.com/subject/36059377/
心理学,自下而上,[英] 马特·里德利,机械工业出版社,2017-7,79.00,7.6,1012,https://book.douban.com/subject/27000191/
心理学,太乙金华宗旨,华胥子,华龄出版社,2023-5-1,86.00,9.6,194,https://book.douban.com/subject/36579876/
心理学,性心理学,[英] 霭理士,浙江文艺出版社,2018-4,88.00元,8.3,253,https://book.douban.com/subject/30168442/
心理学,被伤害与侮辱的人们,[俄] 陀思妥耶夫斯基,上海译文出版社,2015-1,52.00元,9.2,11210,https://book.douban.com/subject/25887930/
心理学,如轼：苏东坡的后半生（苏轼与“小人物”的温暖交往之书）,刘墨,人民文学出版社,2026-1-1,98.00,,18,https://book.douban.com/subject/38227420/
心理学,俄狄浦斯情结：精神分析最关键的概念（万千心理）,J.-D. Nasio,中国轻工业出版社,2017-1,25.00,8.3,384,https://book.douban.com/subject/26938732/
心理学,大学小课,韩毓海,人民文学出版社,2024-9-1,59,7.0,42,https://book.douban.com/subject/37121075/
心理学,24/7:晚期资本主义与睡眠的终结,[美] 乔纳森·克拉里,南京大学出版社,2021-5,48.00元,7.6,1378,https://book.douban.com/subject/35462974/
心理学,论灵魂的伟大,[古罗马] 奥古斯丁,中国社会科学出版社,2019-12,98.00,9.2,26,https://book.douban.com/subject/35019137/
心理学,何以为父,[美] 迈克尔·J.戴蒙德,机械工业出版社,2024-1-1,69.00元,8.1,1166,https://book.douban.com/subject/36725588/
心理学,攻克青春期烦恼(漫画版),[日]道山启,人民邮电出版社,2026-4,59.80元,,10,https://book.douban.com/subject/38381225/
心理学,尋找生命的定位,梅蘭妮．瑞哈特、Melanie Reinhart,陳燕慧、蒔琳,春光,2018-4,8.6,36,https://book.douban.com/subject/30196485/
心理学,璀璨的暗夜之旅,阿瑪斯,林群華,心靈工坊,2012-12,9.2,19,https://book.douban.com/subject/21766026/
心理学,昨日的天空,斯蒂芬•福里斯特、Steven Forrest,Lucia,北京立品图书有限公司,2015,8.8,374,https://book.douban.com/subject/26838795/
心理学,小实验,[法]安妮-洛尔·勒坎夫,中译出版社,2026-1,68.00元,7.9,67,https://book.douban.com/subject/38219474/
心理学,The Man Who Would Be Queen,J. Michael Bailey,Joseph Henry Press,2003-04-16,USD 24.95,,10,https://book.douban.com/subject/2907931/
心理学,如何做出正确决定,[美] 乔纳·莱勒,中信出版社,2018-10,49.00元,7.5,194,https://book.douban.com/subject/30351469/
心理学,Naming Nature,Carol Kaesuk Yoon,W. W. Norton & Company,2009-8-24,USD 27.95,,10,https://book.douban.com/subject/4480247/
心理学,每日斯多葛,莱恩· 霍利得，史提芬·汉赛蒙,中国青年出版社,2022-5-1,69.00,8.0,185,https://book.douban.com/subject/35933419/
心理学,身体不说谎,[德] 爱丽丝·米勒,中国青年出版社,2020-5,69.00元,7.5,216,https://book.douban.com/subject/35009897/
心理学,Whistling Vivaldi,Claude M. Steele,W. W. Norton & Company,2011-4-4,USD 15.95,7.3,35,https://book.douban.com/subject/6441662/
心理学,中西哲学之会通十四讲,牟宗三,吉林出版集团,2010年1月,25.00元,9.4,92,https://book.douban.com/subject/4252064/
心理学,周易表解,潘雨廷,上海古籍出版社,2017-6,68.00元,9.6,53,https://book.douban.com/subject/27039530/
心理学,你的脆弱很正常,索达吉,民主与建设出版社,2026-2-1,58.00元,9.2,27,https://book.douban.com/subject/38351734/
心理学,周易导读,谷继明,四川人民出版社,2019-12,58.00元,9.3,145,https://book.douban.com/subject/34931738/
心理学,周易正解,霍斐然,华龄出版社,2009-3,58.00元,9.4,39,https://book.douban.com/subject/3576060/
心理学,全本周易导读本,寇方墀 著,中华书局,2018-3-30,69.00,8.5,32,https://book.douban.com/subject/30183593/
心理学,细说易经六十四卦（上下）,徐芹庭,中国书店,1999-2,45.00元,8.7,26,https://book.douban.com/subject/1088815/
心理学,周易正宗,马恒君,华夏出版社,2007-4,39.00元,8.9,92,https://book.douban.com/subject/2216582/
心理学,她的反击,[英] 乔安娜·焦布罗诺威克兹,北京联合出版公司,2026-2,59.00元,8.5,23,https://book.douban.com/subject/38226556/
心理学,万智有灵,(荷) 弗兰斯·德·瓦尔,湖南科学技术出版社,2019-9,68.00元,8.1,222,https://book.douban.com/subject/34835160/
心理学,周易,马恒君 注释,华夏出版社,2001-1,8.00元,9.2,107,https://book.douban.com/subject/1396360/
心理学,老子庄子,傅云龙、陆钦,华夏出版社,2000-5-1,12.00,9.4,101,https://book.douban.com/subject/1058007/
心理学,周易本义,朱熹,中华书局,2009年,28.00元,9.1,336,https://book.douban.com/subject/4190480/
心理学,童年的隐忧,甘肃人民出版社,,甘肃人民出版社,25.00元,,,https://book.douban.com/subject/10863392/
心理学,家风与成事,徐志频,中国经济出版社,2025-1,128.00元,,10,https://book.douban.com/subject/37119625/
心理学,北岛集,北岛,生活·读书·新知三联书店,2016-1,502.00元,9.5,335,https://book.douban.com/subject/26739163/
心理学,沟通的艺术（插图修订第15版）,[美] 罗纳德·B·阿德勒、拉塞尔·F·普罗科特,北京联合出版公司,2017-10,88.00元,8.8,3252,https://book.douban.com/subject/27117578/
心理学,精神的田园 东方之子访谈录.艺术家卷,时间，张光途主编,华夏出版社,2000-01,19.80元,,10,https://book.douban.com/subject/1065390/
心理学,独立动画导演手册,张鹏,清华大学出版社,2017-1,46,,10,https://book.douban.com/subject/27046706/
心理学,火星编年史,[美] 雷·布拉德伯里,上海译文出版社,2017-7,45.00元,8.5,3036,https://book.douban.com/subject/27077127/
心理学,水死,(日) 大江健三郎,金城出版社,2013-5,45.00元,7.5,158,https://book.douban.com/subject/21340707/
心理学,内在觉察,吴在天,江苏凤凰文艺出版社,2021-12,49.80元,7.6,238,https://book.douban.com/subject/35747757/
心理学,躺椅和舞台,[美]Robert J. Landy,华东师范大学出版社,2012-4,34.80元,8.1,38,https://book.douban.com/subject/10530999/
心理学,人格面具與表演,[美]Robert J. Landy,[美]Robert J. Landy,張雅淨、張曉華、王秋絨、洪素珍、蘇慶元、陳永菁、林邦文、鍾明倫、蘇子中,2016-4-1,,10,https://book.douban.com/subject/35088373/
心理学,戏剧治疗,Rovert J. Landy、校阅:王秋绒、吴芝仪,李百麟、吴士宏、吴芝仪、洪光远、曾蕙瑜,心理出版社,1998-12,,10,https://book.douban.com/subject/11507007/
心理学,精神分析的新方法,[美]卡伦·霍妮（Karen Horney）,台海出版社,2019-1,39.80元,7.5,19,https://book.douban.com/subject/30438795/
心理学,每个孩子都需要被看见,[加] 戈登·诺伊费尔德、[加] 加博尔·马泰,北京联合出版公司,2019-6,42.00元,8.1,558,https://book.douban.com/subject/33457142/
心理学,格林斯潘心理育儿0-5岁,（美）斯坦利•格林斯潘、（美）南希•布鲁斯劳•刘易斯,华夏出版社,2014-1-1,49.00,8.2,41,https://book.douban.com/subject/25894639/
心理学,海蒂,[瑞士] 约翰娜·斯比利,译林出版社,2024-9,35.00元,8.6,161,https://book.douban.com/subject/37042686/
心理学,你相信魔法吗？,[美] 保罗·奥菲特,上海译文出版社,2025-5,58,7.6,123,https://book.douban.com/subject/37331938/
心理学,When the Body Says No,Gabor Maté,Vintage Canada,2004-2-3,CAD 24.00,,10,https://book.douban.com/subject/36473949/
心理学,美貌的神话,[英] 娜奥米·沃尔夫（Naomi Wolf）,民主与建设出版社,2025-5,82元,7.4,358,https://book.douban.com/subject/37321300/
心理学,心理界限,杨嘉玲,北京联合出版公司,2018-4,45.00元,7.8,219,https://book.douban.com/subject/30173720/
心理学,整合系统治疗,[美] 威廉·M.平索夫、[美] 道格拉斯·C.布瑞林、[美] 威廉·P.罗素、[美] 杰伊·L.勒博、[美] 谢丽尔·兰佩琪、[美] 安东尼·L.钱伯斯,中国轻工业出版社,2023-3,120.00元,8.2,31,https://book.douban.com/subject/36234543/
心理学,教育心理学：激发自主学习的兴趣（原书第2版）,[美] 莉萨o博林（Lisa Bohlin）、谢里尔o西塞罗o德温（Cheryl Cisero Durwin）、马拉o里斯-韦伯（Marla Reese-Weber）,机械工业出版社,2018-7,110.00,,10,https://book.douban.com/subject/30289879/
心理学,做自己的内在父母,【德】斯蒂芬妮·斯塔尔,人民邮电出版社,2024-12,52.8,7.9,51,https://book.douban.com/subject/37142226/
心理学,别相信他的脸,[美]亚历山大•托多罗夫,中信出版社,2018-4-1,CNY 48.00,6.8,44,https://book.douban.com/subject/30210568/
心理学,寻找百忧解,陈百忧,台海出版社,2023-2,59.80元,8.2,7156,https://book.douban.com/subject/36247470/
心理学,时间的悖论,[美] 菲利普·津巴多、[美] 约翰·博伊德,中信出版社,2018-4,49.00元,7.3,802,https://book.douban.com/subject/30155297/
计算机,深入理解计算机系统 (第3版),Randal E. Bryant、David O'Hallaron,机械工业出版社,2016-12,139.00元,9.7,2623,https://book.douban.com/subject/26912767/
计算机,从零构建大模型,[美]塞巴斯蒂安·拉施卡,人民邮电出版社,2025-4,109.00元,9.3,256,https://book.douban.com/subject/37305124/
计算机,AI工程,[越] 奇普·萱,人民邮电出版社,2026-2-2,159.80元,8.4,62,https://book.douban.com/subject/38236657/
计算机,编码,[美] Charles Petzold,电子工业出版社,2010-5,55.00元,9.3,5820,https://book.douban.com/subject/4822685/
计算机,汇编语言 (第4版）,王爽,清华大学出版社,2020-1,49.00,9.6,384,https://book.douban.com/subject/35038473/
计算机,数据密集型应用系统设计,Martin Kleppmann,中国电力出版社,2018-9-1,128,9.6,1929,https://book.douban.com/subject/30329536/
计算机,芯片通识课,赵秋奇,人民邮电出版社,2025-1,89.80元,7.5,80,https://book.douban.com/subject/37202184/
计算机,大模型技术30讲,［美］塞巴斯蒂安·拉施卡（Sebastian Raschka）、塞巴斯蒂安·拉施卡,人民邮电出版社,2025-2-27,69.8元,7.1,46,https://book.douban.com/subject/37258887/
计算机,深度学习入门5,[日] 斋藤康毅,人民邮电出版社,2025-6-12,109.8,9.8,34,https://book.douban.com/subject/37383541/
计算机,Linux/UNIX系统编程手册,Michael Kerrisk、孙剑,人民邮电出版社,2014-1,158,9.5,492,https://book.douban.com/subject/25809330/
计算机,预测算法,[英]安迪·克拉克,机械工业出版社,2020-9,188元,8.7,118,https://book.douban.com/subject/35275597/
计算机,Agentic Design Patterns,Antonio Gullí,Antonio Gullí,Springer Nature,2025-12,,52,https://book.douban.com/subject/37515819/
计算机,软件设计的哲学,[美]约翰·奥斯特豪特（John Ousterhout）,人民邮电出版社,2024-11,69.80元,9.0,181,https://book.douban.com/subject/37119755/
计算机,普林斯顿计算机公开课 (原书第2版),[加] Brian W. Kernighan,机械工业出版社,2023-4,79.00元,9.2,111,https://book.douban.com/subject/36346586/
计算机,Rust程序设计 (第2版),[美]吉姆·布兰迪（Jim Blandy）、[美]贾森 • 奥伦多夫（Jason Orendorff）、[美]莉奥诺拉 • F. S. 廷德尔（Leonora F. S. Tindall）,人民邮电出版社,2023-9-5,179.8元,9.2,97,https://book.douban.com/subject/36547630/
计算机,大教堂与集市,[美] Eric S. Raymond,机械工业出版社,2014-5,59.00元,8.5,1307,https://book.douban.com/subject/25881855/
计算机,上善AI：有温度的人工智能治理,王江平,人民邮电出版社,2026-4,98.00元,8.6,31,https://book.douban.com/subject/38423722/
计算机,Vibe Coding：AI 编程时代的认知重构,张昕东,人民邮电出版社,2025-11,89.80元,7.1,48,https://book.douban.com/subject/37843835/
计算机,我的第一本算法书,[日] 石田保辉、[日] 宮崎修一,人民邮电出版社,2018-11,69.00元,8.0,694,https://book.douban.com/subject/30357170/
计算机,深入浅出神经网络与深度学习,[澳]迈克尔·尼尔森（Michael Nielsen）,人民邮电出版社,2020-8-17,89.00元,8.9,127,https://book.douban.com/subject/35128111/
计算机,计算机组成与设计（原书第5版）,戴维 A.帕特森 (David A.Patterson)、约翰 L.亨尼斯 (John L.Hennessy),机械工业出版社,2015-7-1,99.00元,9.3,439,https://book.douban.com/subject/26604008/
计算机,Linux命令行与shell脚本编程大全（第4版）,[美] 理查德·布卢姆（Richard Blum）、[美] 克里斯蒂娜·布雷斯纳汉（Christine Bresnahan）,人民邮电出版社,2022-6-14,129.80元,9.2,108,https://book.douban.com/subject/35933905/
计算机,大模型应用开发 RAG实战课,黄佳,人民邮电出版社,2025-5,99.80元,9.0,34,https://book.douban.com/subject/37363743/
计算机,解构大语言模型,唐亘,电子工业出版社,2024-5,159,9.2,26,https://book.douban.com/subject/36873291/
计算机,程序员的思维修炼,Andy Hunt,人民邮电出版社,2010-12-10,39.00元,8.4,2079,https://book.douban.com/subject/5372651/
计算机,Windows PowerShell实战指南（第3版）,Don Jones（道·琼斯）、Jeffery Hicks（杰弗瑞·希克斯）,宋沄剑,人民邮电出版社,2017-12,8.4,27,https://book.douban.com/subject/27202653/
计算机,PowerShell实战,[美] 亚当·伯特伦（Adam Bertram）,安道,人民邮电出版社,2022-5-24,,10,https://book.douban.com/subject/35934564/
计算机,UNIX环境高级编程（第3版）,史蒂文斯 (W.Richard Stevens)、拉戈 (Stephen A.Rago),人民邮电出版社,2014-6-1,128.00元,9.7,660,https://book.douban.com/subject/25900403/
计算机,数据分析咖哥十话 从思维到实践促进运营增长,黄佳,人民邮电出版社,2022-8,89.90元,8.5,48,https://book.douban.com/subject/36059516/
计算机,秒懂算法,[美] 杰伊·温格罗,人民邮电出版社,2022-9-8,99.80元,9.1,27,https://book.douban.com/subject/36085052/
计算机,人月神话（纪念典藏版）,"【美】小弗雷德里克·P.布鲁克斯（Frederick P.Brooks, Jr.）",清华大学出版社,2023-6,98,7.2,217,https://book.douban.com/subject/36459444/
计算机,通信的数学理论,[美]克劳德·E.香农（Claude Elwood Shannon）、沃伦·韦弗（Warren Weaver）,人民邮电出版社,2025-12,59.80元,9.5,15,https://book.douban.com/subject/37225528/
计算机,深入剖析Kubernetes,张磊,人民邮电出版社,2021-3-29,99.00,9.4,287,https://book.douban.com/subject/35424872/
计算机,经典算法的起源,[希] 帕诺斯·卢里达斯（Panos Louridas）,机械工业出版社,2022-11,79.00,,10,https://book.douban.com/subject/36081531/
计算机,高伸缩性系统,【英】Francesco Cesarini、【美】Steve Vinoski,电子工业出版社,2018-6,115,9.1,20,https://book.douban.com/subject/30262041/
计算机,程序员修炼之道 (第2版),[美] David Thomas、[美] Andrew Hunt,电子工业出版社,2020-4-1,89.00元,9.0,840,https://book.douban.com/subject/35006892/
计算机,计算机网络（第8版）,谢希仁,电子工业出版社,2021-6,59.80,9.3,240,https://book.douban.com/subject/35498120/
计算机,大模型核心技术与应用,薛鹏,,薛鹏,清华大学出版社,,10,https://book.douban.com/subject/37442683/
计算机,Python深度学习,[美] 弗朗索瓦·肖莱,人民邮电出版社,2018-8,119.00元,9.5,1063,https://book.douban.com/subject/30293801/
计算机,流畅的Python,[巴西] Luciano Ramalho,人民邮电出版社,2017-5-15,139元,9.4,1260,https://book.douban.com/subject/27028517/
计算机,图解计算机科学数学基础（原书第3版）,机械工业出版社,,,,,,https://book.douban.com/subject/38219671/
计算机,机器学习与深度学习算法基础,贾壮,北京大学出版社,2020-9,89.00元,9.1,18,https://book.douban.com/subject/35218628/
计算机,计算的本质,[英] Tom Stuart,人民邮电出版社,2014-11,69.00元,8.8,260,https://book.douban.com/subject/26148763/
计算机,代码的文明：编程语言如何改变世界,李杨,电子工业出版社,2026-3-1,98.00元,,10,https://book.douban.com/subject/38396804/
计算机,重构（第2版）,[美] Martin Fowler,人民邮电出版社,2019-3,168.00元,9.2,620,https://book.douban.com/subject/30468597/
计算机,性能之巅（第2版）,【美】Brendan Gregg,电子工业出版社,2022-7,238,9.6,49,https://book.douban.com/subject/35934902/
计算机,计算机之书,西姆森·L. 加芬克尔、雷切尔·H. 格伦斯潘,重庆大学出版社,2024-6-1,88.00元,7.8,12,https://book.douban.com/subject/36913892/
计算机,正则表达式必知必会（修订版）,福达 (Ben Forta)、本·福达,人民邮电出版社,2015-1-1,29.00元,9.0,406,https://book.douban.com/subject/26285406/
计算机,哥德尔、艾舍尔、巴赫,[美]侯世达,商务印书馆,2021-3,168.00,9.4,289,https://book.douban.com/subject/34902719/
计算机,这就是ChatGPT,[美] 斯蒂芬·沃尔弗拉姆（Stephen Wolfram）,人民邮电出版社,2023-7,59.80元,7.4,1734,https://book.douban.com/subject/36449803/
计算机,智能时代,吴军,中信出版社,2016-8,68.00元,8.4,7635,https://book.douban.com/subject/26838557/
计算机,人工智能之不能,马兆远,中信出版集团,2020-3,58.00元,7.4,92,https://book.douban.com/subject/34977009/
计算机,A Philosophy of Software Design,John Ousterhout,Yaknyam Press,2018-4-6,GBP 14.21,9.2,487,https://book.douban.com/subject/30218046/
计算机,芯片战争,余盛,华中科技大学出版社,2022-1,59.80元,8.4,2806,https://book.douban.com/subject/35659418/
计算机,用Go语言自制解释器,[德] 索斯藤·鲍尔,人民邮电出版社,2022-6-1,99.80元,9.5,77,https://book.douban.com/subject/35909085/
计算机,数字电子技术基础,阎石、王红、清华大学电子学教研组,高等教育出版社,2016-4,49.30元,8.2,134,https://book.douban.com/subject/27664499/
计算机,愚蠢的鹦鹉，还是聪明的鸭子,克里斯托弗·萨默菲尔德,江生、于华,中信出版集团,2025-8,7.7,29,https://book.douban.com/subject/37494031/
计算机,嵌入式与实时操作系统,王孔啟,机械工业出版社,2020-9-1,139.00元,,10,https://book.douban.com/subject/35238677/
计算机,编码 (第2版),[美] 查尔斯·佩措尔德,机械工业出版社,2025-8-1,109.00元,8.2,64,https://book.douban.com/subject/37483245/
计算机,JavaScript权威指南 (原书第7版),[美] David Flanagan,机械工业出版社,2021-3-20,139.00元,9.4,259,https://book.douban.com/subject/35396470/
计算机,计算之魂,吴军,人民邮电出版社,2021-11,109,9.2,435,https://book.douban.com/subject/35641088/
计算机,Harness工程：从上下文管理到Agent系统构建,邢云阳,人民邮电出版社,2026-5,69.8元,6.6,11,https://book.douban.com/subject/38449791/
计算机,美丽的数学,[美]爱德华·沙伊纳曼（Edward Scheinerman）,湖南科学技术出版社,2020-6,58.00元,8.2,335,https://book.douban.com/subject/35058245/
计算机,计算机科学概论（第12版）,[美] J.Glenn Brookshear、[美] Dennis Brylow,人民邮电出版社,2017-1,69.00,9.5,217,https://book.douban.com/subject/26999520/
计算机,Deep Learning for Finance,Sofien Kaabar,Sofien Kaabar,"O'Reilly Media, Inc.",2024-1,,10,https://book.douban.com/subject/36727810/
计算机,Large Language Models: A Deep Dive,Uday Kamath、Kevin Keenan、Garrett Somers,Springer,2024-8-21,USD 86.00,,10,https://book.douban.com/subject/37162503/
计算机,计算机科学中的数学,[美] Eric Lehman、[美] F. Thomson Leighton、[美] Albert R. Meyer,电子工业出版社,2018-4,168.00元,7.7,68,https://book.douban.com/subject/33396340/
计算机,About Face 4: 交互设计精髓,[美] 艾伦·库伯、[美] 罗伯特·莱曼、[美] 戴维·克罗宁、[美] 克里斯托弗·诺埃塞尔,电子工出版社,2015-10,118.00元,8.5,1189,https://book.douban.com/subject/26642302/
计算机,计算机在化学化工中的应用(第4版河南省十四五普通高等教育规划教材),,,,,,,https://book.douban.com/subject/36970574/
计算机,Kubernetes Best Practices (2/e),Brendan Burns、Eddie Villalba、Dave Strebel、Lachlan Evenson,O'Reilly Media,2023-11-14,USD 45.81,,10,https://book.douban.com/subject/36648913/
计算机,Fluid Concepts And Creative Analogies,Douglas R. Hofstadter,Basic Books,1996-3-22,USD 24.00,,10,https://book.douban.com/subject/1982825/
计算机,大模型应用开发极简入门（第2版）,[比] 奥利维耶·卡埃朗（Olivier Caelen）、[法] 玛丽–艾丽斯·布莱特（Marie-Alice Blete）,人民邮电出版社,2025-3-24,79.8,7.3,11,https://book.douban.com/subject/37294589/
计算机,揭秘大模型：从原理到实战,文亮、江维,人民邮电出版社,2024-12,79.8元,8.3,35,https://book.douban.com/subject/37159677/
计算机,计算机与人脑,[美] 约·冯·诺意曼,商务印书馆,1965-3,7.00元,8.2,366,https://book.douban.com/subject/1116392/
计算机,工程师进阶之路,[爱尔兰] 塔尼娅·赖利（Tanya Reilly）,人民邮电出版社,2025-11,99.80元,8.5,37,https://book.douban.com/subject/37841244/
计算机,机器学习原理与Python编程实践,清华大学出版社,,,,,,https://book.douban.com/subject/35421079/
计算机,机器学习算法（原书第2版）,朱塞佩·博纳科尔索,机械工业出版社,2020-3-1,99.00元,,10,https://book.douban.com/subject/35019370/
计算机,精通区块链编程 (第3版),[美] 安德烈亚斯·M.安东诺普洛斯,机械工业出版社,2025-8,139.00元,,10,https://book.douban.com/subject/37473040/
计算机,深入理解LINUX内核(第三版),（美）博韦，西斯特,中国电力出版社,2007-10-01,98.00元,8.7,529,https://book.douban.com/subject/2287506/
计算机,深入Linux内核架构,Wolfgang Mauerer,人民邮电出版社,2010-5,149.00元,9.0,383,https://book.douban.com/subject/4843567/
计算机,Linux内核设计与实现(原书第3版),[美] Robert Love,机械工业出版社,2011-4-30,69.00元,8.5,677,https://book.douban.com/subject/6097773/
计算机,深度医疗,[美]埃里克·托普,河南科学技术出版社,2020-11-5,89.90元,7.3,151,https://book.douban.com/subject/35245625/
计算机,Python编程：从新手到高手,[美] 贾森·C.麦克唐纳（Jason C. McDonald）,人民邮电出版社,2025-7,119.80元,9.3,29,https://book.douban.com/subject/37454087/
计算机,人工智能芯片,机械工业出版社,,,,,,https://book.douban.com/subject/38196504/
计算机,组合数学(第2版),卢开澄,清华大学出版社,1991-10,14.00,,10,https://book.douban.com/subject/1025588/
计算机,离散数学及其应用,屈婉玲、耿素云、张立昂,高等教育出版社,2011-5,30.00元,,10,https://book.douban.com/subject/6535598/
计算机,并行计算与高性能计算,[美] 罗伯特·罗比(Robert Robey)、尤莉安娜·萨莫拉(Yuliana Zamora),清华大学出版社,2022-6,139,7.7,23,https://book.douban.com/subject/35947107/
计算机,利用Python进行数据分析 (第2版),[美] Wes McKinney,机械工业出版社,2018-7,119.00元,8.4,631,https://book.douban.com/subject/30283996/
计算机,AI系统,ZOMI酱(陈仲铭),科学出版社,2024-9-21,199,8.7,45,https://book.douban.com/subject/37043065/
计算机,AI造课：用DeepSeek快速开发好课程,邓世超,机械工业出版社,2025-5,68.00元,8.9,36,https://book.douban.com/subject/37374357/
计算机,动手构建大模型,[加]路易斯-弗朗索瓦·布沙尔、[英]路易·彼得斯,人民邮电出版社,2025-11,109.80元,8.9,37,https://book.douban.com/subject/37841387/
计算机,大模型算法,余昌叶,电子工业出版社,2025-5,109.00,8.9,91,https://book.douban.com/subject/37331056/
计算机,深度强化学习,王树森、黎彧君、张志华,人民邮电出版社,2022-11,129.8,9.6,90,https://book.douban.com/subject/36161659/
计算机,强化学习的数学原理,赵世钰,清华大学出版社,2025-4-1,108.00,9.8,231,https://book.douban.com/subject/37309451/
计算机,自动驾驶与机器人中的SLAM技术：从理论到实践,高翔,电子工业出版社,2023-8,179.00元,9.5,26,https://book.douban.com/subject/36477900/
计算机,深度学习推荐系统2.0（全彩）,王喆,电子工业出版社,2025-4,128.00,9.0,29,https://book.douban.com/subject/37286473/
计算机,Principles of Computer System Design,Jerome H. Saltzer、M. Frans Kaashoek,Morgan Kaufmann,2009-7-7,USD 82.95,9.5,83,https://book.douban.com/subject/3707841/
计算机,深度学习入门6,[日]斋藤康毅,O'Reilly,2026-6-29,USD 28.18,,,https://book.douban.com/subject/38372517/
计算机,Unix & Linux大学教程,哈恩(Harley Hahn),清华大学出版社,2010-1-1,98.00元,9.5,318,https://book.douban.com/subject/4253716/
计算机,区块链核心算法解析,【瑞士】Roger Wattenhofer（罗格.瓦唐霍费尔）,电子工业出版社,2017-8,59.00,7.6,67,https://book.douban.com/subject/27081206/
计算机,30天自制操作系统,[日] 川合秀实,人民邮电出版社,2012-8,99.00元,8.3,354,https://book.douban.com/subject/11530329/
计算机,Orange'S,于渊,电子工业出版社,2009-6,69.00元,8.8,477,https://book.douban.com/subject/3735649/
计算机,剑指Offer（专项突破版）,何海涛,电子工业出版社,2021-8,89.00元,9.2,103,https://book.douban.com/subject/35543447/
计算机,程序员代码面试指南（第2版）,左程云,电子工业出版社,2019-1-1,109.00元,9.1,130,https://book.douban.com/subject/30422021/
计算机,程序员的38堂成长课,Pete Goodliffe,人民邮电出版社,2021-12,109.80,8.2,27,https://book.douban.com/subject/35721095/
计算机,学电脑（Windows 11+WPS Office）从入门到精通（AI高效版）,李艳婷,人民邮电出版社,2024-6,79.90元,,10,https://book.douban.com/subject/36925152/
计算机,反入侵的艺术——黑客入侵背后的真实故事,"(美) 米特尼克(Mitnick, K. D.)、(美) 西蒙(Simon, W. L.)",清华大学出版社,2014-8-1,49.80元,7.0,69,https://book.douban.com/subject/25962826/
计算机,微机原理与接口技术,楼顺天  周佳社,高教分社,2006-8,38.00元,8.9,12,https://book.douban.com/subject/1896737/
计算机,Linux C与C++ 一线开发实践,朱文伟  李建英,朱文伟  李建英,清华大学出版社,129元,,10,https://book.douban.com/subject/30769323/
计算机,Windows PowerShell应用手册,霍麦斯,机械工业出版社,2009-4,89.00元,7.8,14,https://book.douban.com/subject/3519358/
计算机,Windows PowerShell自动化运维大全 赠送同步视频学习教程,徐鹏,,徐鹏,北京大学出版社,,10,https://book.douban.com/subject/36336510/
计算机,软件设计,张刚,人民邮电出版社,2022-7-10,99.80,9.0,75,https://book.douban.com/subject/35966115/
计算机,AI提问之道：DeepSeek提示工程入门与实践,夏禹、赖晖、李冰玉,夏禹、赖晖、李冰玉,北京大学出版社,2025-7,,10,https://book.douban.com/subject/37418137/
计算机,数据库查询优化器的艺术,李海翔,机械工业出版社,2014-1-1,89,7.7,66,https://book.douban.com/subject/25815707/
计算机,精通推荐算法：核心模块+经典模型+代码详解,谢杨易,电子工业出版社,2024-3,89,9.1,20,https://book.douban.com/subject/36828248/
计算机,现代推荐算法,赵致辰（水哥）,赵致辰（水哥）,电子工业出版社,2023-5,8.4,32,https://book.douban.com/subject/36427779/
计算机,计算机网络（原书第7版）,James F. Kurose、Keith W. Ross,机械工业出版社,2018-6,89.00元,9.2,954,https://book.douban.com/subject/30280001/
计算机,"Autotools, 2nd Edition",John Calcote,no starch press,2019-9-10,USD 49.95,,10,https://book.douban.com/subject/34429418/
计算机,SQL必知必会（第4版）,本·福达  (Ben Forta),人民邮电出版社,2013-5-1,29.00元,8.4,1893,https://book.douban.com/subject/24250054/
计算机,信息论、推理与学习算法,[英] David J.C. MacKay,高等教育出版社,2006-7,59.00元,9.1,70,https://book.douban.com/subject/1893050/
计算机,大数据架构和算法实现之路：电商系统的技术实战,黄申,黄申,机械工业出版社,2017-6,8.4,17,https://book.douban.com/subject/27066379/
计算机,大数据架构商业之路,[中] 黄申,机械工业出版社,2016-5-1,69.00元,7.9,98,https://book.douban.com/subject/26818024/
计算机,精通比特币 (第2版·影印版),Andreas M. Antonopoulos,东南大学出版社,2018-7-1,71.6,9.1,125,https://book.douban.com/subject/30280401/
计算机,P2P对等网络原理与应用,蔡康,蔡康,2011-6,60.00元,,10,https://book.douban.com/subject/6559494/
计算机,P2P网络技术原理与C++开发案例,2008-8,,2008-8,48.00元,6.6,13,https://book.douban.com/subject/3126375/
计算机,数字IC设计入门,白栎旸,清华大学出版社,2023-9-1,109.00元,9.2,12,https://book.douban.com/subject/36607576/
计算机,程序员的数学基础课,黄申,人民邮电出版社,2021-3,89.00元,9.2,10,https://book.douban.com/subject/35391675/
计算机,Build Your Own Z80 Computer,Steve Ciarcia,Computing Mcgraw-Hill,1981-10,USD 28.95,,10,https://book.douban.com/subject/19951329/
计算机,How to Build a Computer,"Bennoach, B., N.",Lightning Source Inc,2006-11,$ 11.29,,,https://book.douban.com/subject/2607455/
计算机,通灵芯片,[英] 丹尼尔·希利斯,上海科学技术出版社,2012-12,17.00元,8.7,58,https://book.douban.com/subject/21321691/
计算机,WebRTC音视频实时互动技术,李超,华章·机器工业出版社,2021-7-1,89,7.8,41,https://book.douban.com/subject/35543112/
计算机,Advanced FPGA Design,Steve Kilts,Wiley-IEEE Press,2007-06-29,USD 112.00,9.4,24,https://book.douban.com/subject/2878096/
计算机,Neural Networks and Deep Learning,Michael Nielsen,,Michael Nielsen,2016-1,9.5,262,https://book.douban.com/subject/26727997/
计算机,代码大全 (第2版),[美] 史蒂夫·麦康奈尔,清华大学出版社,2022-7-7,256.00,9.4,94,https://book.douban.com/subject/35972849/
计算机,Python机器学习（原书第3版）,［美］塞巴斯蒂安·拉施卡（Sebastian Raschka）、［美］瓦希德·米尔贾利利（Vahid Mirjalili）,机械工业出版社,2021-6,149.00元,,10,https://book.douban.com/subject/35485398/
计算机,计算机安全:原理与实践(原书第三版）,威廉·斯托林斯 (William Stallings）,威廉·斯托林斯 (William Stallings）,机械工业出版社,2016-3-1,8.4,15,https://book.douban.com/subject/26904835/
计算机,PostgreSQL修炼之道（第2版）,唐成,唐成,机械工业出版社,2020-9,8.3,42,https://book.douban.com/subject/35224053/
计算机,Rust Atomics and Locks,Mara Bos,"O'Reilly Media, Inc.",2023-2-7,USD 34.14,,34,https://book.douban.com/subject/35904892/
计算机,DTrace,Brendan Gregg、Jim Mauro、布伦丹·格雷格,Prentice Hall,2011-4-11,USD 54.99,8.8,11,https://book.douban.com/subject/5381810/
计算机,DirectX 12 3D 游戏开发实战,Frank D. Luna,人民邮电出版社,2019-1,148.00元,9.9,60,https://book.douban.com/subject/30426701/
计算机,设计模式与游戏完美开发,蔡升达,清华大学出版社,2017-1-1,89,8.7,43,https://book.douban.com/subject/26952185/
计算机,多智能体强化学习,机械工业出版社,,,,,10,https://book.douban.com/subject/37348694/
计算机,多智能体协同：强化学习方法,黄江涛 著,,黄江涛 著,国防工业出版社,,,https://book.douban.com/subject/36924590/
计算机,普通人打造AI小团队：通用智能体与企业级智能体搭建,金伟,机械工业出版社,2025-12,69.00元,,10,https://book.douban.com/subject/38178760/
计算机,皇帝新脑,[英] 罗杰•彭罗斯、[英国] 罗杰·彭罗斯,湖南科学技术出版社,2018-1,89.00,6.4,136,https://book.douban.com/subject/30171336/
计算机,大型网站技术架构,李智慧,电子工业出版社,2013-9-1,59.00元,7.8,1894,https://book.douban.com/subject/25723064/
计算机,深入理解神经网络,张觉非,人民邮电出版社,2019-9,89.00元,7.6,14,https://book.douban.com/subject/34814219/
计算机,解剖深度学习原理：从0编写深度学习库,董洪伟,电子工业出版社,2021-7,158,,10,https://book.douban.com/subject/35531451/
计算机,"Programming Massively Parallel Processors, 4th edition",Wen-mei W. Hwu、David B. Kirk、Izzat El Hajj,Wen-mei W. Hwu、David B. Kirk、Izzat El Hajj,Morgan Kaufmann,2022-8-1,,18,https://book.douban.com/subject/35703481/
计算机,从零开始学架构,李运华,电子工业出版社,2018-9-21,99,8.1,356,https://book.douban.com/subject/30335935/
计算机,Midjourney+Stable Diffusion+Photoshop平面设计从新手到高手（,,,,,,10,https://book.douban.com/subject/37090938/
计算机,计算机系统要素 (第2版),[以] 诺阿姆·尼桑、[以] 西蒙·朔肯,机械工业出版社,2025-5-13,79.00元,,10,https://book.douban.com/subject/37354204/
计算机,数据结构 (C++语言版·第3版),邓俊辉,清华大学出版社,2013-9,39.00元,9.3,560,https://book.douban.com/subject/25859528/
计算机,C语言程序设计：现代方法（第2版•修订版）,[美] K.N.金,图灵丨人民邮电出版社,2021-7,129.80元,9.6,173,https://book.douban.com/subject/35503091/
计算机,大数据治理,桑尼尔·索雷斯著，匡斌,清华大学出版社,2014-6-1,CNY 49.00,6.0,25,https://book.douban.com/subject/25926334/
计算机,大数据治理与服务,张绍华、潘蓉、宗宇伟,上海科学技术出版社,2016-1-1,CNY 65.00,,10,https://book.douban.com/subject/26723112/
计算机,前哨的进行,[美] 唐小兵,复旦大学出版社,2026-4,128,8.5,12,https://book.douban.com/subject/37374715/
计算机,MATLAB R2018a完全自学一本通,刘浩,电子工业出版社,2018-12,89.8元,,10,https://book.douban.com/subject/30762811/
计算机,控制之美 卷1,王天威,清华大学出版社,2022-7-1,69,8.6,104,https://book.douban.com/subject/35934779/
计算机,控制之美(卷2),王天威、黄军魁,清华大学出版社,2023-9,79.00元,9.1,32,https://book.douban.com/subject/36556895/
计算机,打开量化投资的黑箱 (第2版),[美] 里什·纳兰,机械工业出版社,2016-5-25,69.00元,7.6,389,https://book.douban.com/subject/26803274/
计算机,圖解合成器入門,松前公高,陳弘偉,易博士出版社,2020-11-5,,19,https://book.douban.com/subject/35571552/
计算机,圖解合成器音樂創作法,野崎貴朗,王意婷,易博士出版社,HKD 250,,10,https://book.douban.com/subject/37409849/
计算机,圖解樂風編曲入門,藤谷一郎,黃大旺,易博士出版社,2020-3-5,,14,https://book.douban.com/subject/35100414/
计算机,因果论 (原书第2版),[美] 朱迪亚·珀尔,刘礼、杨矫云、廖军、李廉,机械工业出版社,2022-4,9.2,63,https://book.douban.com/subject/35876639/
计算机,CPU眼里的C/C++,阿布编程,阿布编程,清华大学出版社,2023-9,6.1,34,https://book.douban.com/subject/36538646/
计算机,抽象代数基础教程,罗特曼,机械工业出版社,2008-1,65.00元,8.7,98,https://book.douban.com/subject/2338513/
计算机,计算理论导引（原书第3版）,[美] Michael Sipser,机械工业出版社,2015-8-1,69.00元,9.0,94,https://book.douban.com/subject/26631265/
计算机,电动力学导论,David J. Griffiths,机械工业出版社,2014-2-25,43.5元,9.4,125,https://book.douban.com/subject/25885591/
计算机,计算生物学导论,M.S.Waterman,科学出版社,2009-8-1,68.00元,,10,https://book.douban.com/subject/4012745/
计算机,大话计算机科学,商静波(著)、赵馨(著)、费赛尔(绘),商静波(著)、赵馨(著)、费赛尔(绘),清华大学出版社,2024-9-10,9.3,30,https://book.douban.com/subject/37042355/
计算机,计算机科学技术名词（第三版）,全国科学技术名词审定委员会,科学出版社,2018-12,298.00元,,,https://book.douban.com/subject/30774742/
计算机,矩阵计算,Gene H.Golub、Charles F.Van Loan,人民邮电出版社,2011-3-1,89.00元,9.4,63,https://book.douban.com/subject/5975393/
计算机,Spring AI in Action,Craig Walls,Manning Publications,2025-5,USD 47.99,,10,https://book.douban.com/subject/37098612/
计算机,"Deep Learning with Python, Third Edition",François Chollet,François Chollet,Manning,2025-11-18,,10,https://book.douban.com/subject/37314491/
计算机,Programming Massively Parallel Processors,David B. Kirk、Wen-mei W. Hwu,Nvidia,2010,USD 69.95,9.2,53,https://book.douban.com/subject/4265432/
计算机,算法导论（原书第3版）,Thomas H.Cormen、Charles E.Leiserson、Ronald L.Rivest、Clifford Stein,机械工业出版社,2012-12,128.00元,9.3,1571,https://book.douban.com/subject/20432061/
计算机,人工智能的边界,张军平,湖南科学技术出版社,2025-7,68.00元,8.4,15,https://book.douban.com/subject/37472817/
计算机,计算机体系结构,John L. Hennessy、David A. Patterson,机械工业出版社,2012-1,138.00元,9.6,145,https://book.douban.com/subject/7006537/
计算机,Probabilistic Reasoning in Intelligent Systems,Judea Pearl,Morgan Kaufmann,1988-09-15,USD 106.00,,10,https://book.douban.com/subject/2709185/
计算机,量化交易,欧内斯特·陈,东北财经大学出版社,2014-1-1,28,7.4,290,https://book.douban.com/subject/25878150/
计算机,图解大模型底层逻辑：大模型是怎么跑起来的,,,,,,,https://book.douban.com/subject/38383799/
计算机,Java Memory Management,Seán Kennedy,Packt Publishing,2022-11-25,USD 38.99,,,https://book.douban.com/subject/36235065/
计算机,The Effective Software Engineer,Addy Osmani,O'Reilly Media,2026-3-24,USD 39.99,,,https://book.douban.com/subject/38404930/
计算机,High Performance with Java,Edward D Lavieri Jr.,Packt Publishing,2024-7-30,USD 41.99,,10,https://book.douban.com/subject/38404931/
计算机,Hadoop基础教程,[英] Garry Turkington,人民邮电出版社,2014-1,65.00,8.0,21,https://book.douban.com/subject/25794620/
计算机,Hadoop权威指南:大数据的存储与分析(第4版)(修订版)(升级版),Tom White,清华大学出版社,2017-7,148.00元,7.8,166,https://book.douban.com/subject/27115351/
计算机,数据分析原理：6步解决业务分析难题,周文全、黄怡媛、马炯雄,电子工业出版社,2023-1,89,6.4,24,https://book.douban.com/subject/36157155/
计算机,精通正则表达式（第3版）,[美] Jeffrey E. F. Friedl,电子工业出版社,2012-7,89.00元,8.9,73,https://book.douban.com/subject/11589967/
计算机,设计机器学习系统（影印版）,Chip Huyen,Chip Huyen,东南大学出版社,2022-10,,10,https://book.douban.com/subject/36103388/
计算机,从零构建向量数据库,罗云,人民邮电出版社,2024-8-9,69.8元,7.0,17,https://book.douban.com/subject/36991435/
计算机,NoSQL精粹,[美]Pramod J. Sadalage、[美]Martin Fowler,机械工业出版社,2013-8,49.00元,8.1,336,https://book.douban.com/subject/25662138/
计算机,图解电子元器件,[美] 埃里克•斯莱普菲尔（Eric Schlaepfer）、[美]  温德尔•H. 奥斯卡伊（Windell H. Oskay）,人民邮电出版社,2023-2,199.00元,8.7,47,https://book.douban.com/subject/36206879/
计算机,数字身份认证技术与实践,田杰,田杰,清华大学出版社,2024-4,,10,https://book.douban.com/subject/36871723/
计算机,软件架构设计,余春龙,电子工业出版社,2019-2,79,8.9,269,https://book.douban.com/subject/30443578/
计算机,UNIX编程艺术,Eric S. Raymond,电子工业出版社,2006-2,59.00元,9.0,2301,https://book.douban.com/subject/1467587/
计算机,面向对象分析与设计,[美] Grady Booch、[美] Robert A.Maksimchuk、[美] Michael W.Engle、[美] Bobbi J.Young,电子工业出版社,2012-7,99.00元,9.2,87,https://book.douban.com/subject/11509672/
计算机,"Optimizing Cloud Native Java, 2nd Edition",Benjamin J. Evans、James Gough,,Benjamin J. Evans、James Gough,O'Reilly Media,,10,https://book.douban.com/subject/37072034/
计算机,"Java Performance: In-Depth Advice for Tuning and Programming Java 8, 11, and Beyond",Scott Oaks,O'Reilly Media,2020-2-18,USD 59.99,,10,https://book.douban.com/subject/34776993/
计算机,BPF Performance Tools,Brendan Gregg、布伦丹·格雷格,Addison Wesley,2019-11-4,USD 69.99,8.6,35,https://book.douban.com/subject/34467459/
计算机,Causality,Judea Pearl,Cambridge University Press,2009-9-14,USD 50.00,9.6,78,https://book.douban.com/subject/3677371/
计算机,整洁代码的艺术,[德] 克里斯蒂安·迈尔,人民邮电出版社,2023-6-15,79.80元,9.1,27,https://book.douban.com/subject/36421158/
计算机,结网,王坚,人民邮电出版社,2010-12-10,59.00元,8.1,1741,https://book.douban.com/subject/5376384/
计算机,操作系统（第3版）,电子工业出版社,,电子工业出版社,37.50元,,10,https://book.douban.com/subject/30602224/
计算机,架构即未来,Martin L. Abbott、Michael T. Fisher,机械工业出版社,2016-4,99.00元,8.0,325,https://book.douban.com/subject/26765979/
计算机,理想,[加]维塔利克·布特林,科学出版社,2019-5-1,128,,10,https://book.douban.com/subject/34448906/
计算机,SRE,[美] Betsy Beyer、[美] Chris Jones、[美] Jennifer Petoff、[美] Niall Richard Murphy,电子工业出版社,2016-10-1,CNY 108.00,8.8,643,https://book.douban.com/subject/26875239/
计算机,分布式系统模式,Unmesh Joshi,Unmesh Joshi,机械工业出版社,2025-3,,10,https://book.douban.com/subject/37312797/
计算机,分布式系统原理与工程实践,易哥,电子工业出版社,2021-11,90.00,,10,https://book.douban.com/subject/35756568/
计算机,数据库系统内幕,[美] 亚历克斯·彼得罗夫,机械工业出版社,2020-6-1,119.00元,7.9,168,https://book.douban.com/subject/35078474/
计算机,被AI控制的潜意识,[奥地利]诺思坦(Rostam Josef Neuwirth),上海人民出版社,2024-8,68,,10,https://book.douban.com/subject/36780604/
计算机,Scala函数式编程,[美] Paul Chiusano、[美] Rúnar Bjarnason,电子工业出版社,2016-3-1,69.00元,8.6,113,https://book.douban.com/subject/26772149/
计算机,The Code Book,Simon Singh,Anchor,2000-8-29,USD 17.00,9.1,90,https://book.douban.com/subject/1395568/
计算机,FFmpeg入门详解——命令行与音视频特效原理及应用,梅会东,,梅会东,清华大学出版社,,10,https://book.douban.com/subject/36437767/
计算机,"iOS 26 Programming for Beginners, 10th Edition",Ahmad Sahar,Packt Publishing,2025-11-27,USD 44.99,,,https://book.douban.com/subject/38410920/
计算机,图解设计模式,结城浩,人民邮电出版社,2017-1-1,CNY 79.00,8.9,276,https://book.douban.com/subject/26933281/
计算机,Java设计模式,刘伟,清华大学出版社,2018-3-1,69.50,8.8,45,https://book.douban.com/subject/30173863/
计算机,Head First 设计模式（中文版）,Elisabeth Freeman、,中国电力出版社,2007-9,98.00元,9.2,3575,https://book.douban.com/subject/2243615/
计算机,架构思维：从程序员到CTO,郭东白,人民邮电出版社,2024-3,89.80元,9.0,78,https://book.douban.com/subject/36804982/
计算机,构建之法（第三版）,邹欣,人民邮电出版社,2017-6,69.00元,8.9,320,https://book.douban.com/subject/27069503/
计算机,计算机怎样解几何题,张景中,暨南大学出版社,2000-01-01,15.00元,8.6,12,https://book.douban.com/subject/1511494/
计算机,计算机网络,（荷)）Andrew S. Tanenbaum、（美）David J. Wetherall,机械工业出版社,2011-10,99.00元,9.3,148,https://book.douban.com/subject/6850128/
计算机,复杂,梅拉妮·米歇尔,湖南科学技术出版社,2011-8-1,38.00元,9.0,3473,https://book.douban.com/subject/6749832/
计算机,文明之光（第二册）,吴军,人民邮电出版社,2014-6,59.00元,8.9,3272,https://book.douban.com/subject/25902222/
计算机,Spring Boot源码解读与原理剖析,LinkedBear,人民邮电出版社,2023-2-1,128.80元,9.1,41,https://book.douban.com/subject/36244230/
计算机,OAuth 2实战,[美] 贾斯廷·里彻、[瑞士] 安东尼奥·桑索,人民邮电出版社,2019-4,89.00元,8.4,42,https://book.douban.com/subject/30487753/
计算机,The Design of Everyday Things,Don Norman,Basic Books,2013-11-5,USD 17.99,8.9,366,https://book.douban.com/subject/21983611/
计算机,The Structure of Typed Programming Languages (Foundations of Computing),David A. Schmidt,The MIT Press,1994-03-01,USD 80.00,,10,https://book.douban.com/subject/1949077/
计算机,"Lectures on the Curry-Howard Isomorphism, Volume 149",Morten Heine Sørensen M.Sc  Ph.D、Pawel Urzyczyn prof. dr hab.,Elsevier Science,2006-9-28,USD 170.00,,10,https://book.douban.com/subject/2607540/
计算机,Foundations of Machine Learning,Mehryar Mohri、Afshin Rostamizadeh、Ameet Talwalkar,MIT Press,2012-8-17,GBP 58.00,,13,https://book.douban.com/subject/30374886/
计算机,AI通识课12讲：走进人工智能,包坤,清华大学出版社,2025-5-1,79.8,7.5,46,https://book.douban.com/subject/37363247/
计算机,深入浅出React开发指南,赵林林  著,,赵林林  著,机械工业出版社,,10,https://book.douban.com/subject/36428907/
计算机,现代JavaScript库开发：原理、技术与实战,颜海镜、侯策,电子工业出版社,2023-1,108,7.6,32,https://book.douban.com/subject/36162488/
计算机,计算机不能做什么,[美] 休伯特·德雷福斯,生活·读书·新知三联书店,1986,2.25元,8.2,61,https://book.douban.com/subject/2253565/
计算机,stata数据管理教程,许琪,北京大学出版社,2021-10,56.00元,9.4,37,https://book.douban.com/subject/35654108/
计算机,"Cracking the Coding Interview, Fourth Edition",Gayle Laakmann,CreateSpace,2008-10-15,USD 40.00,8.6,224,https://book.douban.com/subject/4941558/
计算机,Java语言程序设计,（美）  Y. Daniel Liang,机械工业出版社,2011-6,75.00元,8.7,300,https://book.douban.com/subject/6529833/
计算机,Oracle9i,莫菲,清华大学出版社,2005-1-1,63.0,,10,https://book.douban.com/subject/1220731/
计算机,Ruby语言入门,Yugui,东南大学出版社,2010 年4月,32.00元,6.8,71,https://book.douban.com/subject/4833653/
计算机,Shell脚本专家指南,彼得,人民邮电出版社,2010-8,39.00元,7.9,42,https://book.douban.com/subject/4935288/
计算机,推荐系统实践,项亮,人民邮电出版社,2012-6-1,49.00元,8.1,2366,https://book.douban.com/subject/10769749/
计算机,数据库系统基础教程,Jeffrey D.Ullman、Jennifer Widom,机械工业出版社,2003-12-1,32.00元,7.9,20,https://book.douban.com/subject/1128305/
计算机,机器学习,周志华,清华大学出版社,2016-1-1,88.00元,8.6,3835,https://book.douban.com/subject/26708119/
计算机,计算广告 (第2版),刘鹏、王超,人民邮电出版社,2019-9,89.00元,8.7,502,https://book.douban.com/subject/34804492/
计算机,C程序设计试题汇编,清华大学出版社,清华大学出版社,2012-4,35.00元,,10,https://book.douban.com/subject/10607802/
计算机,动手学深度学习（PyTorch版）,阿斯顿·张（Aston Zhang）、[美] 扎卡里·C. 立顿（Zachary C. Lipton）、李沐（Mu Li）、[德] 亚历山大·J. 斯莫拉（Alexander J. Smola）,何孝霆（Xiaoting He）、瑞潮儿·胡（Rachel Hu）,人民邮电出版社,2023-2,9.3,379,https://book.douban.com/subject/36142067/
计算机,计算广告 (第3版),刘鹏、王超,人民邮电出版社,2022-8,99.80元,8.8,166,https://book.douban.com/subject/36086460/
计算机,华为数据之道,华为公司数据管理部,机械工业出版社,2020-11-1,89.00,8.1,578,https://book.douban.com/subject/35228141/
计算机,C语言接口与实现,（美）David R.Hanson,机械工业出版社,2004-1,35.00元,8.2,135,https://book.douban.com/subject/1230040/
计算机,JavaScript算法：基本原理与代码实现,司徒正美 李晓晨,人民邮电出版社,2023-4-17,99.8元,,10,https://book.douban.com/subject/36368013/
计算机,JVM性能调优：深入理解OpenJDK和HotSpot,Monica Beckwith,,Monica Beckwith,清华大学出版社,,,https://book.douban.com/subject/38389804/
计算机,计算机网络,,,,,,10,https://book.douban.com/subject/36490576/
计算机,Effective C++,Scott Meyers,Addison-Wesley Professional,1997-09-02,USD 39.95,9.3,40,https://book.douban.com/subject/1846974/
计算机,RISC-V开放架构设计之道,（美）David Patterson（大卫·帕特森） 、 Andrew Waterman（安德鲁·沃特曼）,电子工业出版社,2024-1,89,7.6,12,https://book.douban.com/subject/36660934/
计算机,Concrete Mathematics,Ronald L. Graham、Donald E. Knuth、Oren Patashnik,Addison-Wesley Professional,1994-3-10,USD 89.99,9.8,149,https://book.douban.com/subject/1390010/
计算机,设计心理学1,[美] 唐纳德·A·诺曼,中信出版社,2015-5-15,42.00元,8.3,2352,https://book.douban.com/subject/26102860/
计算机,C++新经典:对象模型,王健伟,清华大学出版社,2020-6-20,79.00元,8.3,39,https://book.douban.com/subject/35117013/
计算机,Cursor与Copilot开发实战,未来智能实验室 代晶,人民邮电出版社,2025-6,99.8元,7.0,21,https://book.douban.com/subject/37364741/
计算机,计算机科学概论,(美)Nell Dale、John Lewis,机械工业出版社,2009-2,49.00元,9.1,216,https://book.douban.com/subject/1435554/
计算机,自动机理论、语言和计算导论(英文版.第3版),John E. Hopcroft、Rajeev Motwani、Jeffrey D. Ullman,机械工业出版社,2008-1,59.00元,9.2,77,https://book.douban.com/subject/2274854/
计算机,Understanding Computation,Tom Stuart,O'Reilly Media,2013-6-3,USD 39.99,9.0,33,https://book.douban.com/subject/19992840/
计算机,斯特朗线性代数,[美] 吉尔伯特·斯特朗（Gilbert Strang）,陈学勇、刘伟安,人民邮电出版社,2025-11,8.3,17,https://book.douban.com/subject/37821428/
计算机,线性代数 (第6版),[美] Gilbert Strang,清华大学出版社,2024-7,108.00,,10,https://book.douban.com/subject/37022240/
计算机,AIGC高效编程：Python从入门到高手,,,,,,10,https://book.douban.com/subject/37807684/
计算机,Ideas That Created the Future,Harry R. Lewis,Harry R. Lewis,MIT Press,2021-2-2,,10,https://book.douban.com/subject/35361700/
计算机,Git学习指南,René Preißel（普莱贝尔）、Bjørn Stachmann（斯拉赫曼）,凌杰,人民邮电出版社,2016-12,6.4,48,https://book.douban.com/subject/26967729/
计算机,最优化：建模、算法与理论,文再文、刘浩洋、户将、李勇锋,高等教育出版社,2026-3-2,78.00元,,,https://book.douban.com/subject/38382589/
计算机,技术为径,[美] Camille Fournier,电子工业出版社,2023-5,79,9.0,186,https://book.douban.com/subject/36432906/
计算机,C++ Primer 中文版（第 5 版）,[美] Stanley B. Lippman、[美] Josée Lajoie、[美] Barbara E. Moo,电子工业出版社,2013-9-1,128.00元,9.4,2999,https://book.douban.com/subject/25708312/
计算机,编译原理,Alfred V. Aho、Monica S.Lam、Ravi Sethi、Jeffrey D. Ullman,机械工业出版社,2008年12月,89.00元,9.0,1106,https://book.douban.com/subject/3296317/
计算机,心智社会,[美] 马文·明斯基,机械工业出版社,2016-12,99.00元,7.9,279,https://book.douban.com/subject/26919830/
计算机,Extenics in Higher Dimensions,Florentin Smarandache,Florentin Smarandache,Education Publisher,2012,,10,https://book.douban.com/subject/38434419/
计算机,可拓学,科学出版社,科学出版社,2013-3,118.00元,,10,https://book.douban.com/subject/22855088/
计算机,大模型应用开发 动手做AI Agent,黄佳,人民邮电出版社,2024-5,89.8元,7.0,246,https://book.douban.com/subject/36884058/
计算机,数值最优化,Jorge Nocedal、Stephen Wright,科学出版社,2006年01月,98.0,9.8,71,https://book.douban.com/subject/1734231/
计算机,Python编程快速上手——让烦琐工作自动化（第3版）,阿尔·斯维加特（Al Sweigart）,人民邮电出版社,2025-11,109.8元,9.1,24,https://book.douban.com/subject/37870127/
计算机,Programming Kubernetes,Michael Hausenblas、Stefan Schimanski,O'Reilly Media,2019-9-4,USD 59.99,8.9,43,https://book.douban.com/subject/33393681/
计算机,"Spring Security in Action, Second Edition",Laurentiu Spilca,Laurentiu Spilca,Manning,USD 59.99,,10,https://book.douban.com/subject/36897583/
计算机,领域驱动设计,埃文斯,人民邮电出版社,2010-11,69.00元,9.1,312,https://book.douban.com/subject/5344973/
计算机,Mathematica实用编程指南,[美] 克里夫·黑斯廷斯,科学出版社,2018-7,198.00,8.7,15,https://book.douban.com/subject/30297857/
计算机,大话处理器,万木杨,清华大学出版社,2011-10,36.00元,7.3,290,https://book.douban.com/subject/6809087/
计算机,深入理解计算机系统（英文版·第2版）,[美] Randal E. Bryant、[美] David R. O'Hallaron,机械工业出版社,2011-1,128.00元,9.7,289,https://book.douban.com/subject/5407246/
计算机,计算机是如何工作的,[美] 马修·贾斯蒂斯,贺莲,机械工业出版社,2023-11,7.5,14,https://book.douban.com/subject/36688780/
计算机,大数据处理框架Apache Spark设计与实现（全彩）,许利杰、方亚芬,电子工业出版社,2020-8,106,9.1,122,https://book.douban.com/subject/35140409/
计算机,计算机科学技术大辞典,盛焕烨  主编,,盛焕烨  主编,上海辞书出版社,,10,https://book.douban.com/subject/36273989/
计算机,搜索引擎技术与发展,电子工业出版社,,电子工业出版社,2020-10,,10,https://book.douban.com/subject/35241586/
计算机,大模型工程师面试：算法原理、开发实践与系统部署,苏宏博、温智凯,清华大学出版社,2025-10-1,119,,10,https://book.douban.com/subject/37807857/
计算机,如何提出一个好问题,[英] 沃伦·贝格尔（Warren Berger）,天津科学技术出版社,2022-3,53.90元,6.7,112,https://book.douban.com/subject/35834993/
计算机,性能之巅,Brendan Gregg、布伦丹·格雷格,电子工业出版社,2015-8-15,128,8.7,367,https://book.douban.com/subject/26586598/
计算机,bash shell脚本编程经典实例（第2版）,Carl Albing、JP Vossen、Cameron Newham,人民邮电出版社,2021-1,159元,8.2,17,https://book.douban.com/subject/35301381/
计算机,通灵芯片,Daniel Hillis,上海世纪出版集团,2009-1,19.80元,8.6,309,https://book.douban.com/subject/3423021/
计算机,图解语音识别,[日] 荒木雅弘,[日] 荒木雅弘,陈舒扬、杨文刚,2020-4,6.7,19,https://book.douban.com/subject/35025430/
计算机,硅谷之谜,吴军,人民邮电出版社,2015-12-1,59.00元,8.5,2673,https://book.douban.com/subject/26665230/
计算机,Computer Systems (3/e),Randal E. Bryant、David R. O'Hallaron,Randal E. Bryant、David R. O'Hallaron,Pearson India Education Services Pvt. ltd,2016-1,,10,https://book.douban.com/subject/35699162/
计算机,深入理解计算机系统,[美] Randal E. Bryant、[美] David R. O'Hallaron,机械工业出版社,2017-4,239.00元,9.8,148,https://book.douban.com/subject/27000879/
计算机,"The Art of Computer Programming, Volumes 1-4A Boxed Set",Donald E. Knuth,Addison-Wesley Professional,2011-3-3,USD 259.99,,10,https://book.douban.com/subject/5362400/
计算机,计算机程序设计艺术卷1：基本算法(英文版.第3版),Donald E.Knuth,人民邮电出版社,2010-10,119.00元,9.8,40,https://book.douban.com/subject/5258931/
计算机,无敌马云,高大,中国商业出版社,2014-1,35.00元,,10,https://book.douban.com/subject/27611320/
计算机,卷积神经网络与计算机视觉,Salman Khan,机械工业出版社,2019-4,99.00,,10,https://book.douban.com/subject/33416217/
计算机,深入解析计算机系统,[美] 苏珊娜·J.马修斯、[美] 蒂亚·纽霍尔、[美] 凯文·C.韦布,人民邮电出版社,2026-1,179.80元,,10,https://book.douban.com/subject/38240010/
计算机,Ruby Under a Microscope,Pat Shaughnessy,No Starch Press,2013-11,USD 39.95,9.4,38,https://book.douban.com/subject/24718740/
计算机,Metaprogramming Ruby (2nd edition),Paolo Perrotta,Pragmatic Bookshelf,2014-6-15,USD 38.00,9.6,42,https://book.douban.com/subject/25845930/
计算机,Eloquent Ruby,Russ Olsen,Addison-Wesley,2011-2,USD 39.99,9.3,65,https://book.douban.com/subject/6052175/
计算机,Programming Ruby 1.9 & 2.0,Dave Thomas、Andy Hunt、Chad Fowler、安德鲁·亨特,The Pragmatic Bookshelf,2013-2-21,USD 33.00,8.9,41,https://book.douban.com/subject/24298521/
计算机,Confident Ruby,Avdi Grimm,Avdi Grimm,2013-10-22,USD 35.00,,11,https://book.douban.com/subject/25751838/
计算机,Hands-On Large Language Models,Jay Alammar、Maarten Grootendorst,O'Reilly Media,2024-10-15,USD 61.09,,53,https://book.douban.com/subject/36664818/
计算机,睡鼠说,约翰·马科夫 (John Markoff),电子工业出版社,2015-7-1,CNY 68.00,8.0,75,https://book.douban.com/subject/26574203/
计算机,Async Rust,Maxwell Flitton、Caroline Morton,O'Reilly Media,2025-1-28,USD 56.99,,10,https://book.douban.com/subject/36942306/
计算机,深入高可用系统原理与设计,王伟峰,清华大学出版社,2025-8-1,79,,10,https://book.douban.com/subject/37523039/
计算机,架构设计2.0：大型分布式系统架构方法论与实践,余春龙,电子工业出版社,2022-1,105,7.5,20,https://book.douban.com/subject/35731315/
计算机,平台工程,[美] 卡米尔·富尔涅、[澳] 伊恩·诺兰德,,[美] 卡米尔·富尔涅、[澳] 伊恩·诺兰德,茹炳晟、徐德晨,,10,https://book.douban.com/subject/37503226/
计算机,计算机与人脑,[美]约翰·冯·诺伊曼（John von Neumann）,商务印书馆,2021-9,28.00元,8.2,10,https://book.douban.com/subject/35619869/
计算机,无处不在的算法,[德] 贝特霍尔德·弗金,[德] 贝特霍尔德·弗金,机械工业出版社,2025-5,,,https://book.douban.com/subject/37367085/
计算机,游戏编程模式,Robert Nystrom,人民邮电出版社,2016-9-1,61.4,8.8,238,https://book.douban.com/subject/26880704/
计算机,Flask开发Web搜索引擎入门与实战,罗刚,罗刚,清华大学出版社,2022,,10,https://book.douban.com/subject/35929963/
计算机,扣子（Coze） Skills+OpenClaw 实战：零基础玩转AI智能体,邢云阳,人民邮电出版社,2026-3,69.8元,6.9,28,https://book.douban.com/subject/38380721/
计算机,嵌入式系统体系原理与设计(第2版计算机系列教材),,,,,,10,https://book.douban.com/subject/36736551/
计算机,神经科学的数学基础,G. Bard Ermentrout、David H. Terman,高等教育出版社,2018-12-24,79元,9.6,15,https://book.douban.com/subject/30854427/
计算机,Linux 内核完全注释 (第2版),赵炯,赵炯,机械工业出版社,2024-1,,10,https://book.douban.com/subject/36737745/
计算机,OpenClaw：从入门到精通应用操作大全,乔剑、林知远、刘源 著,,乔剑、林知远、刘源 著,东方出版社,,10,https://book.douban.com/subject/38395242/
计算机,计算机组成与设计（MIPS版·原书第6版）,David A. Patterson、John L. Hennessy,机械工业出版社,2022-7,149.00,9.4,11,https://book.douban.com/subject/35998323/
计算机,计算机组成与设计：硬件/软件接口,David A. Patterson、John L. Hennessy,机械工业出版社,2020-6,169,7.6,49,https://book.douban.com/subject/35088440/
计算机,计算机组成与设计：硬件/软件接口  RISC-V版（原书第2版）,[美]戴维·A. 帕特森 [美]约翰·L. 亨尼斯,[美]戴维·A. 帕特森 [美]约翰·L. 亨尼斯,机械工业出版社,2023-6,8.7,16,https://book.douban.com/subject/36490912/
计算机,PyTorch深度学习入门与技术实践（人工智能与大数据系列）,,,,,,10,https://book.douban.com/subject/37304045/
计算机,密码朋克,[澳] 朱利安·阿桑奇,中信出版社,2017-10,42.00元,7.7,449,https://book.douban.com/subject/27054249/
计算机,Java中文文本信息处理,罗刚,罗刚,清华大学出版社,2017-5,,10,https://book.douban.com/subject/30487830/
计算机,Logic in Computer Science,Michael Huth、Mark Ryan,Cambridge University Press,2004-08-30,USD 72.00,9.0,41,https://book.douban.com/subject/1764668/
计算机,Readings in Database Systems,Joseph M. Hellerstein、Michael Stonebraker,The MIT Press,2005-1-7,USD 68.00,9.5,47,https://book.douban.com/subject/2256069/
计算机,自制编译器,[日] 青木峰郎,人民邮电出版社,2016-6,99.00元,7.9,81,https://book.douban.com/subject/26806041/
计算机,史蒂夫·乔布斯传（修订版）,[美] 沃尔特·艾萨克森,中信出版社,2014-1,68.00元,9.2,12998,https://book.douban.com/subject/25810506/
计算机,因计算机而强大,[美] 西摩 佩珀特,新星出版社,2019-1,38,8.6,491,https://book.douban.com/subject/30418117/
计算机,An Artificial History of Natural Intelligence,David W. Bates,University of Chicago Press,2024-4,$45.00,,13,https://book.douban.com/subject/36613204/
计算机,Python编程 ：从入门到实践(第3版),[美] 埃里克 • 马瑟斯（Eric Matthes）,人民邮电出版社,2023-5,109.80元,9.2,707,https://book.douban.com/subject/36365320/
计算机,粗糙集理论与方法,张文修,科学,2001-1,22.00元,,10,https://book.douban.com/subject/1237555/
计算机,编译器设计实战：基于Python的增量式设计,[美] 杰里米·G. 希克(Jeremy G. Siek),李文生 刘晓鸿,机械工业出版社,2025-9,,10,https://book.douban.com/subject/37569210/
计算机,大话存储Ⅱ,张冬,清华大学出版社,2011-5,99.00元,7.6,124,https://book.douban.com/subject/6087548/
计算机,程序员学Python,裘宗燕,人民邮电出版社,2019-9,89.00元,8.8,11,https://book.douban.com/subject/30310942/
计算机,编程卓越之道,Hyde R,电子工业出版社,2006-4-1,49.80,8.4,175,https://book.douban.com/subject/1760738/
计算机,CPython Internals,Anthony Shaw,Anthony Shaw,2021-5-5,USD 54.99,,12,https://book.douban.com/subject/35405785/
计算机,自己动手写Python虚拟机,海纳,北京航空航天大学出版社,2019-6,79.00,7.0,14,https://book.douban.com/subject/34442805/
计算机,矩阵力量,姜伟生,清华大学出版社,2023-6-1,258元,9.4,117,https://book.douban.com/subject/36424128/
计算机,Handbook of Granular Computing,"Pedrycz, Witold (EDT)","Kreinovich, Vladik (EDT)",2008-9,2617.00元,,10,https://book.douban.com/subject/4379816/
计算机,操作系统设计与实现（上册）,Andrew S. Tanenbaum、Albert S. Woodhull,电子工业出版社,2007-3,49.80元,9.0,250,https://book.douban.com/subject/2044818/
计算机,KVM实战：原理、进阶与性能调优,任永杰、程舟,机械工业出版社,2019-3,89.00元,8.1,34,https://book.douban.com/subject/30544350/
计算机,On Java 中文版 基础卷,[美] Bruce Eckel,人民邮电出版社,2022-3-20,129.8,8.7,194,https://book.douban.com/subject/35751619/
计算机,自然语言处理与Java语言实现,罗刚,人民邮电出版社,2020-8-1,69.8,,10,https://book.douban.com/subject/35285777/
计算机,Vue.js设计与实现,霍春阳,人民邮电出版社,2022-2-10,119.80元,9.6,256,https://book.douban.com/subject/35768338/
计算机,设计原本,"Frederick P. Brooks, Jr.",机械工业出版社,2011-1-1,55.00元,7.8,401,https://book.douban.com/subject/5406042/
计算机,计算机体系结构基础（第3版）,胡伟武 等,机械工业出版社,2021-12-1,79.00,8.4,47,https://book.douban.com/subject/35677808/
计算机,决胜B端：驱动数字化转型的产品经理（第2版）,杨堃,电子工业出版社,2023-6,100.00元,8.3,133,https://book.douban.com/subject/36436108/
计算机,开发者思维,[美] 杰夫·劳森,中信出版社,2022-4,68.00,7.9,40,https://book.douban.com/subject/35892265/
计算机,量子计算公开课,[美] 斯科特·阿伦森,图灵｜人民邮电出版社,2021-7,119.80元,8.3,76,https://book.douban.com/subject/35467917/
计算机,生成对抗网络入门指南（第2版）,史丹青,机械工业出版社,2021-6,89.00元,,10,https://book.douban.com/subject/35508563/
计算机,应用最优化方法及MATLAB实现,刘兴高、胡云卿,刘兴高、胡云卿,科学出版社,95.00,,10,https://book.douban.com/subject/26614021/
计算机,计算机视觉中的多视图几何,哈特利,安徽大学出版社,2002年08月,50.0,9.6,88,https://book.douban.com/subject/1711231/
计算机,机器人学、机器视觉与控制,[澳] Peter Corke（彼得 科克）,电子工业出版社,2016-5-1,99,9.1,38,https://book.douban.com/subject/26915869/
计算机,生成式AI入门与AWS实战,[美] 克里斯·弗雷格利（Chris Fregly）、[德] 安特耶·巴特（Antje Barth）、[美] 舍尔比·艾根布罗德（Shelbee Eigenbrode）,人民邮电出版社,2024-5,99.80元,8.8,38,https://book.douban.com/subject/36906611/
计算机,人件（原书第3版）,[美] Tom DeMarco、[美] Timothy Lister,机械工业出版社,2014-8,69.00元,8.5,505,https://book.douban.com/subject/25956450/
计算机,设计数据密集型应用（影印版）,Martin Kleppmann,东南大学出版社,2017-10-1,99.00元,9.8,270,https://book.douban.com/subject/27154352/
计算机,密码学原理,,,,,,10,https://book.douban.com/subject/36710077/
计算机,实用数字信号处理,[美] Steven W. Smith,人民邮电出版社,2010-12,85.00元,9.2,54,https://book.douban.com/subject/5362028/
计算机,Python工匠,朱雷（@piglei）,图灵｜人民邮电出版社,2022-2-22,99.80,9.1,254,https://book.douban.com/subject/35723705/
计算机,Python数据科学手册,[美] Jake VanderPlas,人民邮电出版社,2018-1-20,109.00元,9.2,483,https://book.douban.com/subject/27667378/
计算机,学术研究，你的成功之道,凌晓峰、杨强,清华大学出版社,2012-11,25.00元,9.0,257,https://book.douban.com/subject/20284332/
计算机,树莓派开始，玩转Linux,Vamei、周昕梓,电子工业出版社,2018-6-27,69.00,9.0,179,https://book.douban.com/subject/30259573/
计算机,Code,Charles Petzold,Microsoft Press,2022-8,USD 35.99,,28,https://book.douban.com/subject/35947102/
计算机,Discriminating Data,Wendy Hui Kyong Chun,Wendy Hui Kyong Chun,the MIT Press,2021-11-2,,18,https://book.douban.com/subject/35522964/
计算机,计算机算法的设计与分析,Alfred V.Aho、John E.Hopcroft、Jeffrey D.Ullman,机械工业出版社,2006-1-1,48.00元,,11,https://book.douban.com/subject/1683278/
计算机,Netty权威指南（第2版）,李林锋,电子工业出版社,2015-4-20,89,6.7,178,https://book.douban.com/subject/26373138/
计算机,Spring揭秘,王福强,人民邮电出版社,2009-8,99.00元,9.2,474,https://book.douban.com/subject/3897837/
计算机,AI传媒学：大模型助力传媒行业应用与创新,刘志红,电子工业出版社,2025-10-1,98,,10,https://book.douban.com/subject/37454364/
计算机,大话芯片：读懂芯片原理、周期、产业链与技术趋势,[日] 菊地正典,,[日] 菊地正典,2025-9,,10,https://book.douban.com/subject/37528266/
计算机,Computer Arithmetic,Behrooz Parhami,"Oxford University Press, USA",2009-10-28,USD 156.95,,10,https://book.douban.com/subject/4189259/
计算机,"Fundamentals of Computer Graphics, Fourth Edition",Steve Marschner、Peter Shirley,CRC Press,2015-12-18,USD 123.00,9.6,115,https://book.douban.com/subject/26868819/
计算机,"Physically Based Rendering, fourth edition: From Theory to Implementation 4th Edition",Matt Pharr、Wenzel Jakob、Greg Humphreys,,Matt Pharr、Wenzel Jakob、Greg Humphreys,2023-3-28,,10,https://book.douban.com/subject/36353016/
计算机,简明实用高等数学,李天意、姜海景,李天意、姜海景,2025-6,69.00,,10,https://book.douban.com/subject/37385727/
计算机,MySQL是怎样运行的,小孩子4919,人民邮电出版社,2020-11-1,99.00元,9.4,663,https://book.douban.com/subject/35231266/
计算机,数据库系统概念 (原书第7版),Abraham Silberschatz、Henry F. Korth、S. Sudarshan,杨冬青、李红燕、张金波 等,机械工业出版社,2021-6,9.6,130,https://book.douban.com/subject/35501216/
计算机,数据库系统实现,Hector Garcia-Molina、Jeffrey D.Ullman、Jennifer Wildom,机械工业出版社,2001-3-1,45.00,8.7,61,https://book.douban.com/subject/1086496/
计算机,The Little Schemer,[美] Daniel P. Friedman、[美] Matthias Felleisen,电子工业出版社,2017-7,65.00,9.1,160,https://book.douban.com/subject/27080946/
计算机,计算机程序的构造和解释(原书第2版),[美] Harold Abelson、[美] Gerald Jay Sussman、[美] Julie Sussman,机械工业出版社,2004-2,45.00元,9.5,2750,https://book.douban.com/subject/1148282/
计算机,Ruby原理剖析,[美] Patrick Shaughnessy,华中科技大学出版社,2016-12-1,78.80元,9.3,42,https://book.douban.com/subject/26920403/
计算机,事务处理,Jim Gray、Andreas Reuter,机械工业出版社,2004-1,96.00元,8.8,40,https://book.douban.com/subject/1144543/
计算机,数据库系统概念,[美] Abraham Silberschatz、[美] Henry F.Korth、[美] S.Sudarshan,机械工业出版社,2012-3,99.00元,8.5,444,https://book.douban.com/subject/10548379/
计算机,启示录,[美] Marty Cagan,华中科技大学出版社,2011-5,36.00元,8.4,9064,https://book.douban.com/subject/5914587/
计算机,大模型驱动的具身智能：架构、设计与实现     程戈,程戈,,程戈,机械工业出版社,,10,https://book.douban.com/subject/37393967/
计算机,The Staff Engineer's Path,Tanya Reilly,Tanya Reilly,2022-10,USD 39.99,8.6,48,https://book.douban.com/subject/35858196/
计算机,只有偏执狂才能生存,安迪·格鲁夫,中信出版社,2010-11,35.00元,7.5,1748,https://book.douban.com/subject/5362909/
计算机,转码,李璟,东方出版中心,2026-4,69.00元,,,https://book.douban.com/subject/38427341/
计算机,Beyond Vibe Coding,Addy Osmani,Addy Osmani,O'Reilly,2025-8,,16,https://book.douban.com/subject/37423085/
计算机,DOOM启世录,[美] David Kushner,电子工业出版社,2015-10-1,65.00元,9.3,460,https://book.douban.com/subject/26642310/
计算机,应用密码学：协议、算法与C源程序（原书第2版）,（美）Bruce Schneier,机械工业出版社,2014-1,79.00,8.7,59,https://book.douban.com/subject/25772389/
计算机,深入浅出密码学,戴维·王（David Wong）,人民邮电出版社,2022-12,99.00元,8.3,38,https://book.douban.com/subject/36179106/
计算机,信息论基础,[美]Thomas M.Cover、[美]Joy A.Thomas,机械工业出版社,2008-1,58.00元,9.0,251,https://book.douban.com/subject/2305237/
计算机,图像处理、分析与机器视觉,[美]桑卡(Milan Sonka)、[美]赫拉瓦卡(Vaclav Hlavac)、[美]博伊尔(Roger Boyle),清华大学出版社,2011-1,69.50元,7.2,62,https://book.douban.com/subject/5921462/
计算机,图像处理与模式识别,清华大学出版社,,,,,,https://book.douban.com/subject/37212211/
计算机,数字图像处理,[美]冈萨雷斯,电子工业出版社,2011-6,79.00元,8.7,298,https://book.douban.com/subject/6434627/
计算机,数字图像处理（第4版）（21世纪高等学校计算机类专业核心课程系列教材）,李俊山,李俊山,清华大学出版社,2021-8-1,,10,https://book.douban.com/subject/35585619/
计算机,信息系统运行管理员教程（第2版）,宋鑫  主编  湛燕、郗亚辉  副主编,宋鑫  主编  湛燕、郗亚辉  副主编,清华大学出版社,99元,,10,https://book.douban.com/subject/33394233/
计算机,Web性能权威指南,Ilya Grigorik,人民邮电出版社,2013-9,69,8.8,398,https://book.douban.com/subject/25856314/
计算机,Writing for Computer Science,Justin Zobel,Springer,2015-2-10,USD 27.99,,10,https://book.douban.com/subject/26686729/
计算机,RAG极简入门,张其来、徐思琪,人民邮电出版社,2025-6-9,69.8元,,10,https://book.douban.com/subject/37385669/
计算机,奈飞文化手册,[美] 帕蒂·麦考德,浙江教育出版社,2018-10,69.00元,8.0,8476,https://book.douban.com/subject/30356081/
计算机,企业集成模式,Gregor Hohpe、Bobby Woolf,中国电力出版社,2006-3-1,59.0,8.3,59,https://book.douban.com/subject/1766652/
计算机,扣子（Coze）从入门到精通：轻松搭建AI Agent,,,,,,10,https://book.douban.com/subject/37659641/
计算机,模拟电子技术基础,童诗白、华成英　、清华大学电子学教研组,高等教育出版社,2006-5,59.20元,7.8,396,https://book.douban.com/subject/1836441/
计算机,用Cursor玩转AI辅助编程——不写代码也能做软件开发,程序员御风,电子工业出版社,2025-4,89.00,6.0,10,https://book.douban.com/subject/37314193/
计算机,故障与偏见,[美] 梅瑞狄斯·布鲁萨德（Meredith Broussard）,中国科学技术出版社,2026-1,69.00元,,,https://book.douban.com/subject/37808361/
计算机,程序员教程,张淑平 编,清华大学出版社,2009-8,57.00元,6.6,16,https://book.douban.com/subject/3989100/
计算机,深入Flowable流程引擎：核心原理与高阶实战,贺波、刘晓鹏、胡海琴,人民邮电出版社,2024-11,139.80元,9.6,67,https://book.douban.com/subject/37128983/
计算机,人工智能科学——智能的数学原理,李昂生,李昂生,科学出版社,2024-11,,10,https://book.douban.com/subject/37367167/
计算机,我的第一本算法书（修订版）,石田保辉、宫崎修一,张贝、何润民,人民邮电出版社,2024-2,,10,https://book.douban.com/subject/36746662/
计算机,人工智能简史,尼克,人民邮电出版社,2017-12,CNY 49.00,7.3,682,https://book.douban.com/subject/27193496/
计算机,人工智能极简史,张军平,张军平,湖南科技出版社,2023-10,7.3,102,https://book.douban.com/subject/36639235/
计算机,图解机器学习,杉山将,人民邮电出版社,2015-4,49,6.3,226,https://book.douban.com/subject/26363531/
计算机,控制论,N. 维纳,科学出版社,1962年1月初版,2.05,9.5,53,https://book.douban.com/subject/2259400/
计算机,数字集成电路,拉贝艾,电子工业出版社,2004-10,58.00元,9.1,147,https://book.douban.com/subject/1190072/
计算机,程序员的自我修养,俞甲子、石凡、潘爱民,电子工业出版社,2009-4,65.00,8.9,2934,https://book.douban.com/subject/3652388/
计算机,具体数学,Ronald L.Graham、Oren Patashnik、Donald E.Knuth,人民邮电出版社,2013-4-1,99.00元,9.6,442,https://book.douban.com/subject/21323941/
计算机,机器学习实战,Peter Harrington,人民邮电出版社,2013-6,69.00元,8.0,1322,https://book.douban.com/subject/24703171/
计算机,深度学习进阶,[ 日］ 斋藤康毅,人民邮电出版社,2020-10-14,99.00元,9.5,466,https://book.douban.com/subject/35225413/
计算机,大数据,Anand Rajaraman、Jeffrey David Ullman,人民邮电出版社,2012-9,59.00元,7.8,405,https://book.douban.com/subject/19934150/
计算机,鲜活的数据,[美] Nathan Yau,人民邮电出版社,2012-10-1,69.00元,7.4,401,https://book.douban.com/subject/19952397/
计算机,数据科学实战,[美] Rachel Schutt、[美] Cathy O'Neil,人民邮电出版社,2015-3,79.00元,8.0,200,https://book.douban.com/subject/26320485/
计算机,逆向工程核心原理,[韩] 李承远,人民邮电出版社,2014-4-25,109.00元,9.2,126,https://book.douban.com/subject/25866389/
计算机,Kafka权威指南,Neha Narkhede、Gwen Shapira、Todd Palino,人民邮电出版社,2017-12,69.00元,8.4,451,https://book.douban.com/subject/27665114/
计算机,TCP/IP网络编程,[韩] 尹圣雨,人民邮电出版社,2014-7,79.00元,8.7,333,https://book.douban.com/subject/25911735/
计算机,代码之髓,[日] 西尾泰和,人民邮电出版社,2014-8,45.00元,8.0,387,https://book.douban.com/subject/25927585/
计算机,Python深度学习 (第2版),[美] 弗朗索瓦·肖莱,人民邮电出版社,2022-9-1,129.80元,9.5,139,https://book.douban.com/subject/36078304/
计算机,Spark快速大数据分析,[美] Holden Karau、[美] Andy Konwinski、[美] Patrick Wendell、[加] Matei Zaharia,人民邮电出版社,2015-10,59.00元,7.9,448,https://book.douban.com/subject/26616244/
计算机,数据结构与算法图解,[美]杰伊•温格罗,人民邮电出版社,2019-4,49.00元,8.5,327,https://book.douban.com/subject/33377417/
计算机,代码本色,Daniel Shiffman,人民邮电出版社,2014-10,99.00元,8.9,107,https://book.douban.com/subject/26264736/
计算机,Erlang 程序设计,Armstrong,人民邮电出版社,2008,79.00元,8.9,413,https://book.douban.com/subject/3260311/
计算机,正则表达式必知必会,Ben Forta、本·福达,人民邮电出版社,2007,29.00元,8.6,421,https://book.douban.com/subject/2269648/
计算机,计算机科学精粹,[巴西]沃德斯顿·费雷拉·菲尔多,人民邮电出版社,2019-1,49.00元,8.3,112,https://book.douban.com/subject/30382590/
计算机,面向数据科学家的实用统计学,[美] 彼得·布鲁斯、安德鲁·布鲁斯,人民邮电出版社,2018-10-1,89.00元,7.7,94,https://book.douban.com/subject/30354581/
计算机,算法问题实战策略,[韩] 具宗万,人民邮电出版社,2015-2,119.00元,8.4,25,https://book.douban.com/subject/26315483/
计算机,Erlang/OTP并发编程实战,[美] Martin Logan、[美] Eric Merritt、[瑞典] Richard Carlsson,人民邮电出版社,2012-7-12,79.00元,8.5,115,https://book.douban.com/subject/10863118/
计算机,Spark高级数据分析,[美] Sandy Ryza、[美] Uri Laserson、[英] Sean Owen、[美] Josh Wills,人民邮电出版社,2015-11,59.00元,7.7,62,https://book.douban.com/subject/26647951/
计算机,数据科学入门,[美] Joel Grus,人民邮电出版社,2016-3,69.00元,7.3,85,https://book.douban.com/subject/26741078/
计算机,数据压缩入门,[美]柯尔特·麦克安利斯（Colt McAnlis）[美]亚历克斯·海奇（Ale,人民邮电出版社,2020-3,69元,8.6,56,https://book.douban.com/subject/35034359/
计算机,Rust程序设计,[美]吉姆•布兰迪（Jim Blandy）、[美]贾森•奥伦多夫（Jason Orendorff）,人民邮电出版社,2020-9-12,129,8.7,58,https://book.douban.com/subject/35217097/
计算机,R语言实战（第3版）,[美]罗伯特 · I. 卡巴科弗、[美] 罗伯特·I.卡巴科弗,人民邮电出版社,2023-5-24,119.8元,9.8,41,https://book.douban.com/subject/36420926/
计算机,白话深度学习的数学,[日]立石贤吾,人民邮电出版社,2023-12,69.80元,8.7,17,https://book.douban.com/subject/36686351/
计算机,Spark快速大数据分析（第2版）,[美] 朱尔斯·S. 达米吉、[美] 布鲁克·韦尼希、[印] 泰瑟加塔·达斯、[美] 丹尼·李,人民邮电出版社,2021-11,119.80元,8.6,38,https://book.douban.com/subject/35627154/
计算机,精通机器学习 (第2版),[美] Cory Lesmeister,人民邮电出版社,2018-3,69.00元,8.1,14,https://book.douban.com/subject/30171193/
计算机,计算机安全学,Dieter Gollmann,机械工业出版社,2008-4,29.00元,,10,https://book.douban.com/subject/3062070/
计算机,计算机组成,坦嫩鲍姆,人民邮电出版社,2006-1,65.00元,9.3,101,https://book.douban.com/subject/1886058/
计算机,Time Series with PyTorch,Graeme Davidson、Lei Ma,Packt Publishing,2025,USD 37.99,,,https://book.douban.com/subject/37087638/
计算机,算法详解 (卷1),[美] 蒂姆·拉夫加登,人民邮电出版社,2019-1-1,49.00元,8.7,55,https://book.douban.com/subject/30424415/
计算机,只是为了好玩,[美]林纳斯·托瓦兹、[美]戴维·戴蒙德,人民邮电出版社,2023-3,69.80元,8.3,147,https://book.douban.com/subject/36303640/
计算机,欢乐过载,[丹麦]杰斯珀·尤尔,中国国际广播出版社,2026-4-30,89.00,,14,https://book.douban.com/subject/38406689/
计算机,UNIX/Linux 系统管理技术手册,Evi Nemeth、Garth Snyder、Trent R. Hein、Ben Whaley,人民邮电出版社,2012-6,128.00元,9.1,112,https://book.douban.com/subject/10747453/
计算机,重构,Martin Fowler,人民邮电出版社,2010,69.00元,9.0,2282,https://book.douban.com/subject/4262627/
计算机,Kotlin核心编程,水滴技术团队,机械工业出版社,2019-4-15,89.00元,8.6,128,https://book.douban.com/subject/33419618/
计算机,从零开始写Linux内核,海纳,机械工业出版社,2024-12,99.00元,,10,https://book.douban.com/subject/37180056/
计算机,Lua解释器构建：从虚拟机到编译器,吴尹杰 著,,吴尹杰 著,机械工业出版社,,22,https://book.douban.com/subject/36280421/
计算机,计算机组成原理（第3版）,唐朔飞,高等教育出版社,2020-10,50.00元,6.6,29,https://book.douban.com/subject/35737337/
计算机,Build a Large Language Model (From Scratch),Sebastian Raschka,Manning,2024-10-29,USD 47.99,9.3,117,https://book.douban.com/subject/36808317/
计算机,推荐系统,王超,王超,人民邮电出版社,79.8,9.1,283,https://book.douban.com/subject/36840191/
计算机,Calculus Made Easy,Silvanus P. Thompson,Johnston Press,2008-05-18,USD 29.95,9.4,19,https://book.douban.com/subject/4229049/
计算机,Machine Learning Q and AI,Sebastian Raschka,Sebastian Raschka,No Starch Press,2024,,10,https://book.douban.com/subject/36666286/
计算机,Python语言及其应用,[美] Bill Lubanovic,人民邮电出版社,2016-1,79.00元,8.5,268,https://book.douban.com/subject/26675127/
计算机,利用Python进行数据分析,Wes McKinney,机械工业出版社,2013-11-18,89.00,8.7,1650,https://book.douban.com/subject/25779298/
计算机,高性能JavaScript,Nicholas C.Zakas,电子工业出版社,2010-11,49.00元,9.0,612,https://book.douban.com/subject/5362856/
计算机,像计算机科学家一样思考Python（第2版）,[美] Allen B. Downey,人民邮电出版社,2016-7,49.00元,8.9,273,https://book.douban.com/subject/26870407/
计算机,Machine Learning and Granular Computing: A Synergistic Design Environment,Witold Pedrycz,,Witold Pedrycz,2024-9-21,,10,https://book.douban.com/subject/38495856/
计算机,计算机系统基础习题解答与教学指导,袁春风,机械工业出版社,2017-4,49.00元,,10,https://book.douban.com/subject/27023252/
计算机,Investing for Programmers,Stefan Papp,Manning Publications,2025-10-14,USD 59.99,,10,https://book.douban.com/subject/37648403/
计算机,C++并发编程实战 (第2版),[英] 安东尼·威廉姆斯,人民邮电出版社,2021-11-1,139.80元,9.2,165,https://book.douban.com/subject/35653912/
计算机,安徒生童话,安徒生,北京燕山出版社,2020-5,88.00元,9.2,238,https://book.douban.com/subject/1121424/
计算机,涌现,[美]约翰·霍兰,上海科学技术出版社,2006-07-01,28.00元,8.0,318,https://book.douban.com/subject/1899804/
计算机,零基础用AI学编程：人人都能学会的DeepSeek和Windsurf编程指南,兰翔 钟磊 等,兰翔 钟磊 等,机械工业出版社,2025-9,,10,https://book.douban.com/subject/37568446/
计算机,BPF之巅,Brendan Gregg、布伦丹·格雷格,电子工业出版社,2020-12-7,199.00,8.8,51,https://book.douban.com/subject/35273652/
计算机,Argo CD and Argo Workflows on Kubernetes,Md Nahidul Kibria,Md Nahidul Kibria,BPB Publications,2025,,10,https://book.douban.com/subject/38495260/
计算机,Linux/Unix设计思想,甘卡兹,人民邮电出版社,2012-3-28,39.00元,7.7,598,https://book.douban.com/subject/7564417/
计算机,软件调试 第2版,张银奎,人民邮电出版社,2018-11-1,118.00元,9.0,44,https://book.douban.com/subject/30379453/
计算机,Windows内核原理与实现,潘爱民,电子工业出版社,2010-4,99.00元,8.7,131,https://book.douban.com/subject/4719159/
计算机,CodeBuddy领航：AI辅助编程应用·架构·交付,党超辉 杨秀璋 徐香香,,党超辉 杨秀璋 徐香香,人民邮电出版社,,10,https://book.douban.com/subject/38427297/
计算机,计算机：一部历史,[英] 彼得·本特利,东西文库,2015-3,30.00元,7.2,216,https://book.douban.com/subject/25802176/
计算机,UNIX编程艺术,[美] Eric S. Raymond,电子工业出版社,2012-8,99.00元,8.8,126,https://book.douban.com/subject/11609943/
计算机,嗨翻C语言,[美] David Griffiths、[美] Dawn Griffiths,人民邮电出版社,2013-9,99.00,9.3,218,https://book.douban.com/subject/25703412/
计算机,图解量子计算机,[日] 宇津木健,人民邮电出版社,2022-3,59.80,7.4,57,https://book.douban.com/subject/35793310/
计算机,The Gamer's Brain,Celia Hodent,CRC Press,2017-8-15,GBP 135.00,,10,https://book.douban.com/subject/33148037/
计算机,图灵的远见,(美) 克里斯·伯恩哈特,中国人民大学出版社,2026-4-30,59.00元,,10,https://book.douban.com/subject/38391392/
计算机,Beautiful Math,Chris Bernhardt,Chris Bernhardt,Mit Press,2026-1,,10,https://book.douban.com/subject/38508237/
计算机,精通Git（第2版）,Scott Chacon、Ben Straub,人民邮电出版社,2017-9,89.00元,9.1,188,https://book.douban.com/subject/27133267/
计算机,啊哈，灵机一动,[美] 马丁·伽德纳、[美国] 马丁·加德纳,科学出版社,2007-8,28.00元,8.6,697,https://book.douban.com/subject/2249354/
计算机,系统分析与设计方法,（美）惠腾（Whitten，J.L.）、（美）本特利（Bentley，L.D.）,机械工业出版社,2007-08-01,59.00元,7.9,61,https://book.douban.com/subject/2247898/
计算机,大模型驱动软件测试,,,,,,10,https://book.douban.com/subject/38408923/
计算机,The Human Contribution,"Reason, James","Reason, James",2009-6,$ 35.03,,,https://book.douban.com/subject/4461575/
计算机,The Field Guide to Understanding 'Human Error',Sidney Dekker,Sidney Dekker,Routledge,2014-12,,10,https://book.douban.com/subject/32007186/
计算机,计算理论导引,[美]Michael Sipser,机械工业出版社,2006-7,36.00元,9.4,246,https://book.douban.com/subject/1852515/
计算机,深入理解计算机系统（原书第2版）,[美] Randal E.Bryant、[美] David O' Hallaron,机械工业出版社,2011-1-1,99.00元,9.7,3252,https://book.douban.com/subject/5333562/
计算机,埃隆·马斯克传,[美]沃尔特·艾萨克森,中信出版社,2023-9-12,90元,8.6,17241,https://book.douban.com/subject/36518892/
计算机,敏捷软件开发,Robert C. Martin,清华大学出版社,2003-09-01,59.00元,9.1,1573,https://book.douban.com/subject/1140457/
计算机,深度学习的数学工程,[法]贝努瓦·利凯（Benoit Liquet）、[澳]萨拉特·莫卡（Sarat Moka）、[澳]尤尼·纳扎拉西（Yoni Nazarathy）,人民邮电出版社,2026-6,99.8元,,10,https://book.douban.com/subject/38494226/
计算机,CPU自制入门,[日] 水头一寿、[日] 米泽辽、[日] 藤田裕士,人民邮电出版社,2014-1,99.00元,8.1,109,https://book.douban.com/subject/25780703/
计算机,Python数据分析,[美] 丹尼尔·陈,人民邮电出版社,2020-2,89.00元,9.1,42,https://book.douban.com/subject/34973484/
计算机,Python数据科学手册（第2版）,[美]杰克·万托布拉斯（Jake VanderPlas）,人民邮电出版社,2025-2-26,139.8元,,10,https://book.douban.com/subject/37195984/
计算机,Python编程轻松进阶,[美] 阿尔·斯维加特（Al Sweigart）,人民邮电出版社,2022-6-30,99.80元,8.2,24,https://book.douban.com/subject/35933909/
计算机,Happy-LLM,朱信忠、宋志学、邹雨衡,人民邮电出版社,2026-6,79.80元,,10,https://book.douban.com/subject/38503875/
计算机,数值线性代数,徐树方、高立、张平文,北京大学出版社,2004-1,13.00元,7.7,31,https://book.douban.com/subject/1110729/
计算机,数学在科学和社会中的作用,[美] 冯·诺依曼,大连理工大学出版社,2009-1,20.00元,8.4,84,https://book.douban.com/subject/3422711/
计算机,来自未来的人,[英]阿南约·巴塔查里亚,中信出版社,2023-9-1,69.00元,7.9,131,https://book.douban.com/subject/36503873/
计算机,Information Theory,Yury Polyanskiy、Yihong Wu,Yury Polyanskiy、Yihong Wu,Cambridge University Press,2025-1-2,,10,https://book.douban.com/subject/37191936/
计算机,深入解析Windows操作系统,"（美）罗斯（Russinovich,M.E.）、（美）所罗门（Solomon,D.A.）",电子工业出版社,2007-4,99.00元,9.1,262,https://book.douban.com/subject/2031396/
计算机,数据库系统概论（第四版）,王珊、萨师煊,高等教育出版社,2006-5,39.00元,6.6,412,https://book.douban.com/subject/1945005/
计算机,计算机程序设计艺术（第2卷）,Donald E. Knuth,国防工业出版社,2002-8,98.00元,9.8,79,https://book.douban.com/subject/1231891/
计算机,Java编程思想(第2版),[美] Bruce Eckel,机械工业出版社,2002-9,99.00元,8.7,657,https://book.douban.com/subject/1101158/
计算机,领域驱动设计,[美] Eric Evans,人民邮电出版社,2016-6-1,69,7.9,519,https://book.douban.com/subject/26819666/
计算机,JavaScript设计模式与开发实践,曾探,人民邮电出版社,2015-5-1,CNY 59.00,9.0,592,https://book.douban.com/subject/26382780/
计算机,极客与团队,[美]Brian W. Fitzpatrick,人民邮电出版社,2012-3,29.00元,8.3,398,https://book.douban.com/subject/21372237/
计算机,Linux程序设计,Neil Matthew、Richard Stones,人民邮电出版社,2010-6,99.00元,8.2,384,https://book.douban.com/subject/4831448/
计算机,黑客社会工程学攻击,范建中,范建中,2008,29,8.0,137,https://book.douban.com/subject/3036966/
计算机,Excel实战技巧精粹,Excel Home,人民邮电出版社,2007-02,69.00元,9.0,277,https://book.douban.com/subject/1983275/
计算机,深入浅出 MFC 第二版,侯俊杰,侯俊杰,松岗,1997.05,8.6,779,https://book.douban.com/subject/1482240/
计算机,Windows 程序设计：第5版,CharlesPetzold,北京大学出版社,2003-11-1,160.00元,8.8,632,https://book.douban.com/subject/1088168/
计算机,Go语言学习笔记,雨痕,电子工业出版社,2016-6,89,8.1,286,https://book.douban.com/subject/26832468/
计算机,The Go Programming Language,Brian W. Kernighan、Alan Donovan,Addison-Wesley Professional,2015-11-23,USD 39.99,9.3,422,https://book.douban.com/subject/26337545/
计算机,第一本Docker书,[澳]詹姆斯•特恩布尔（James Turnbull）,人民邮电出版社,2014-12,59,7.3,446,https://book.douban.com/subject/26285268/
计算机,UML和模式应用,Craig Larman,机械工业出版社,2006-5,66.00元,8.2,418,https://book.douban.com/subject/1792387/
计算机,深入理解Nginx,陶辉,机械工业出版社,2013-4-15,89.00元,8.4,160,https://book.douban.com/subject/22793675/
计算机,锋利的jQuery,单东林、张晓菲、魏然,人民邮电出版社,2012-7-1,49.00元,8.3,598,https://book.douban.com/subject/10792216/
计算机,简约至上,[英] Giles Colborne,人民邮电出版社,2011-1-1,35.00,8.4,6705,https://book.douban.com/subject/5394309/
计算机,The Algorithm Design Manual,Steven S Skiena,Springer,2011-11-14,GBP 55.07,9.0,136,https://book.douban.com/subject/3072383/
计算机,C++沉思录,Andrew Koenig、Barbara Moo,人民邮电出版社,2002-11-01,50.00元,8.3,365,https://book.douban.com/subject/1102180/
计算机,高效能程序员的修炼,[美]Jeff Atwood,人民邮电出版社,2013-7,49,8.2,254,https://book.douban.com/subject/24868904/
计算机,"Information Theory, Inference and Learning Algorithms",David J. C. MacKay,Cambridge University Press,2003-10-6,USD 80.00,9.3,161,https://book.douban.com/subject/1789534/
计算机,软件测试的艺术,梅尔斯,机械工业出版社,2006年01月,22.0,8.4,246,https://book.douban.com/subject/1445661/
计算机,Design Patterns,Erich Gamma、Richard Helm、Ralph Johnson、John Vlissides,Addison-Wesley Professional,1994-10-31,GBP 47.99,9.1,333,https://book.douban.com/subject/1436745/
计算机,汇编语言,王爽,清华大学出版社,2003-9-1,28.00元,9.3,414,https://book.douban.com/subject/1215178/
计算机,深度学习的数学,[日] 涌井良幸、[日] 涌井贞美,人民邮电出版社,2019-4,69.00元,8.4,597,https://book.douban.com/subject/33414479/
计算机,图解Java多线程设计模式,[日] 结城浩,人民邮电出版社,2017-8,89.00元,9.0,192,https://book.douban.com/subject/27116724/
计算机,Machine Learning for Hackers,Drew Conway、John Myles White,O'Reilly Media,2012-2-22,GBP 30.99,7.3,90,https://book.douban.com/subject/7906768/
计算机,MySQL性能调优与架构设计,简朝阳,电子工业出版社,2009-6,59.80元,8.1,560,https://book.douban.com/subject/3729677/
计算机,程序员面试宝典,欧立奇、刘洋、段韬,电子工业出版社,2006-7,39.00元,6.5,300,https://book.douban.com/subject/1896792/
计算机,香农传,[美] 吉米·索尼、[美] 罗伯·古德曼,中信出版社,2019-3,72.00元,7.7,580,https://book.douban.com/subject/30320103/
计算机,游戏设计艺术（第2版）,Jesse Schell,电子工业出版社,2016-4-1,CNY 168.00,9.3,911,https://book.douban.com/subject/26791007/
计算机,MongoDB权威指南,[美] Kristina Chodorow、Michael Dirolf,人民邮电出版社,2011-5,39.00元,7.6,636,https://book.douban.com/subject/6068947/
计算机,Computer Systems,Randal E. Bryant、David R. O'Hallaron,Prentice Hall,2002-8-23,149.00美元,9.7,168,https://book.douban.com/subject/1229948/
计算机,线上幽灵,凯文•米特尼克 (Kevin Mitnick)、威廉•L•西蒙 (William L.Simon),电子工业出版社,2014-1-1,CNY 69.00,7.9,142,https://book.douban.com/subject/25788945/
计算机,精通CSS（第2版）,[英] Andy Budd、[英] Simon Collison、[英] Cameron Moll,人民邮电出版社,2010-5,49.00元,8.5,741,https://book.douban.com/subject/4736167/
计算机,加密与解密,段钢,电子工业出版社,2008-7,59.00元,8.3,241,https://book.douban.com/subject/3091212/
计算机,Computer Systems,Randal E. Bryant、David R. O'Hallaron,Prentice Hall,2008-3,USD 135.00,9.8,252,https://book.douban.com/subject/3023631/
计算机,大话计算机,张冬,清华大学出版社,2019-5-1,598,7.3,209,https://book.douban.com/subject/33408234/
计算机,算法的乐趣,王晓华,人民邮电出版社,2015-4,79.00元,7.7,128,https://book.douban.com/subject/26351257/
计算机,Java性能优化权威指南,Charlie Hunt、Binu John,人民邮电出版社,2014-3,109.00 元,8.0,206,https://book.douban.com/subject/25828043/
计算机,数据结构与算法分析,韦斯(Mark Allen Weiss),机械工业出版社,2010-8,45.00元,9.2,97,https://book.douban.com/subject/4924153/
计算机,Python Cookbook,Alex Martelli、Anna Ravenscroft、David Ascher,人民邮电出版社,2010-5-1,99.00元,8.5,390,https://book.douban.com/subject/4828875/
计算机,Parsing Techniques,Dick Grune、Ceriel J.H. Jacobs,Springer,2010-2-12,USD 109.00,9.3,64,https://book.douban.com/subject/4291903/
计算机,数据库索引设计与优化,【美】Tapio Lahdenmaki、【美】Michael Leach,电子工业出版社,2015-6,79.00元,8.6,117,https://book.douban.com/subject/26419771/
计算机,Fluent Python,Luciano Ramalho,O'Reilly Media,2015-8-20,USD 39.99,9.6,371,https://book.douban.com/subject/26278021/
计算机,两周自制脚本语言,[日]千叶 滋,人民邮电出版社,2014-6,59.00元,8.4,126,https://book.douban.com/subject/25908672/
计算机,恶意代码分析实战,Michael Sikorski、Andrew Honig,电子工业出版社,2014-4,128,9.8,95,https://book.douban.com/subject/25868289/
计算机,格蠹汇编,张银奎,电子工业出版社,2013-3-1,66.00元,9.6,82,https://book.douban.com/subject/22994051/
计算机,深度探索C++对象模型,[美] Stanley B. Lippman,电子工业出版社,2012-1-1,69.00元,9.1,453,https://book.douban.com/subject/10427315/
计算机,大规模Web服务开发技术,伊藤直也、田中慎司,电子工业出版社,2011-7,59.00元,8.1,353,https://book.douban.com/subject/6758780/
计算机,重来,[美] 贾森·弗里德、[丹] 戴维·海涅迈尔·汉森,中信出版社,2010-10,36.00元,8.2,8235,https://book.douban.com/subject/5320866/
计算机,明解C语言,柴田望洋,人民邮电出版社,2013-5,59.00元,9.1,157,https://book.douban.com/subject/23779374/
计算机,"Is Parallel Programming Hard, and, if so, What Can You Do About It?",Paul E. McKenney,,Paul E. McKenney,2011-12-16,9.4,76,https://book.douban.com/subject/6957175/
计算机,Perl语言入门,Randal L.Schwartz、Tom Phoenix、brian d foy,东南大学出版社,2009-8,48.00元,8.8,514,https://book.douban.com/subject/4088038/
计算机,Streaming Systems,Tyler Akidau、Slava Chernyak、Reuven Lax,O'Reilly Media,2017-10-25,USD 39.99,9.0,151,https://book.douban.com/subject/27080632/
计算机,Hackers,Steven Levy,O'Reilly Media,2010-5-30,USD 21.99,8.4,50,https://book.douban.com/subject/4814440/
计算机,算法技术手册,George T. Heineman、Gary Pollice、Stanley Selkow,机械工业出版社,2010-3,55.00元,8.1,159,https://book.douban.com/subject/4317573/
计算机,别告诉我你懂PPT,李治,北京大学出版社,2010-3,38.00元,7.4,3390,https://book.douban.com/subject/4243135/
计算机,现代编译原理,(美)安佩尔,人民邮电出版社,2006-4,45.00元,8.4,140,https://book.douban.com/subject/1806974/
计算机,鸟哥的LINUX私房菜,鸟哥,科学出版社,2005-6,42.00元,8.6,330,https://book.douban.com/subject/1400361/
计算机,持续交付2.0,乔梁,人民邮电出版社,2018-12-25,89.00元,8.8,315,https://book.douban.com/subject/30419555/
计算机,Windows程序设计,佩措尔德,北京大学出版社,2010-9,129.00元,9.1,204,https://book.douban.com/subject/5273955/
计算机,JavaScript,Douglas Crockford,Yahoo Press,2008-5,GBP 23.99,9.2,543,https://book.douban.com/subject/2994925/
计算机,精通CSS,Andy Budd,人民邮电出版社,2006,39.00,8.4,940,https://book.douban.com/subject/1898098/
计算机,Linux内核源代码情景分析（上册）,毛德操、胡希明,浙江大学出版社,2001-9,80.00元,8.6,225,https://book.douban.com/subject/1231584/
计算机,计算机操作系统,汤子瀛、哲凤屏、汤小丹,西安电子科技大学出版社,2007-5,27.00,6.4,286,https://book.douban.com/subject/1058576/
计算机,UNIX操作系统设计,[美] Maurice J. Bach,机械工业出版社,2012-3,35.00元,9.0,166,https://book.douban.com/subject/1035710/
计算机,Haskell趣学指南,[斯洛文尼亚] Miran Lipovaca,李亚舟、宋方睿,人民邮电出版社,2014-1,8.9,299,https://book.douban.com/subject/25803388/
计算机,领域特定语言,Martin Fowler,机械工业出版社,2013-3,89.00元,8.1,109,https://book.douban.com/subject/21964984/
计算机,数据可视化之美,Julie Steele、Noah Iliinsky,机械工业出版社,2011-6,89.00元,7.4,344,https://book.douban.com/subject/6439420/
计算机,面向对象分析与设计,Grady Booch、Robert A. Maksimchuk、Michael W. Engel、Bobbi J. Young、Jim Conallen、Kelli A. Houston,人民邮电出版社,2009-8,79.00元,8.5,162,https://book.douban.com/subject/3892590/
计算机,C标准库,P. J. Plauger,人民邮电出版社,2009-7,79.00元,8.5,161,https://book.douban.com/subject/3775842/
计算机,你必须知道的495个C语言问题,Steve Summit,人民邮电出版社,2009-2,45.00元,8.3,237,https://book.douban.com/subject/3422332/
计算机,操作系统概念,[美]西尔伯查茨(Silberschatz，A.),高等教育出版社,2007-3,72.00元,9.0,188,https://book.douban.com/subject/2109679/
计算机,HTTP,David Gourley、Brian Totty,O'Reilly Media,2002-10-7,USD 54.99,8.7,231,https://book.douban.com/subject/1440226/
计算机,Head First Design Patterns,Elisabeth Freeman、Eric Freeman、Bert Bates、Kathy Sierra、Elisabeth Robson,O'Reilly Media,2004-11-1,USD 49.99,9.2,670,https://book.douban.com/subject/1400656/
计算机,组合数学,布鲁迪,机械工业出版社,2005-2,45.00元,8.7,326,https://book.douban.com/subject/1231452/
计算机,设计模式,伽玛,机械工业出版社,2002-3-1,38.00元,9.4,278,https://book.douban.com/subject/1099305/
计算机,Linux就该这么学,刘遄,人民邮电出版社,2017-11-1,79,5.8,218,https://book.douban.com/subject/27198046/
计算机,Pro Git (Second Edition),Scott Chacon、Ben Straub,Apress,2014-11-9,USD 59.99,9.1,346,https://book.douban.com/subject/26208470/
计算机,区块链,长铗、韩锋,中信出版社,2016-7,CNY 58.00,6.9,888,https://book.douban.com/subject/22993903/
计算机,JavaScript语言精粹,道格拉斯•克罗克福德 (Douglas Crockford),电子工业出版社,2012-9-1,49.00元,9.0,473,https://book.douban.com/subject/11874748/
计算机,Debug Hacks中文版,吉岡弘隆、大和一洋、大岩尚宏、安部東洋、吉田俊輔,电子工业出版社,2011-8,69.00元,8.3,159,https://book.douban.com/subject/6799412/
计算机,SQL进阶教程,［ 日］ MICK,人民邮电出版社,2017-11,79.00元,9.1,330,https://book.douban.com/subject/27194738/
计算机,Web全栈工程师的自我修养,余果,人民邮电出版社,2015-9-1,49.00,7.4,394,https://book.douban.com/subject/26598045/
计算机,硅谷之火,保罗·弗赖伯格、迈克尔·斯韦因,中国华侨出版社,2014-11-1,CNY 39.80,6.9,243,https://book.douban.com/subject/26306584/
计算机,从Paxos到Zookeeper,倪超,电子工业出版社,2015-2-1,75.00元,7.8,520,https://book.douban.com/subject/26292004/
计算机,Python科学计算,张若愚,清华大学出版社,2012-1,98.00元,7.8,176,https://book.douban.com/subject/7175280/
计算机,算法设计,Jon Kleinberg、Éva Tardos,清华大学出版社,2007-3-1,75.00元,8.5,191,https://book.douban.com/subject/2035809/
计算机,Thinking in C++,Bruce Eckel,Prentice Hall,2000-3-25,USD 73.00,9.1,248,https://book.douban.com/subject/1459728/
计算机,Microsoft.NET框架程序设计,Jeffrey Richter,清华大学出版社,2003-11,68.00元,9.1,296,https://book.douban.com/subject/1141221/
计算机,深入理解并行编程,[美] Paul E.Mckenney（保罗·E·麦肯尼),电子工业出版社,2017-7-1,129,8.3,46,https://book.douban.com/subject/27078711/
计算机,善用佳软,张玉新,人民邮电出版社,2013-4-25,29.00元,6.8,261,https://book.douban.com/subject/24152664/
计算机,大数据,涂子沛,广西师范大学出版社,2012-7-1,49.90元,7.4,3697,https://book.douban.com/subject/10799984/
计算机,Practical Vim,Drew Neil,Pragmatic Bookshelf,2012-10-11,GBP 19.50,9.0,236,https://book.douban.com/subject/10599776/
计算机,大象：Thinking in UML(第2版),谭云杰,中国水利水电出版社,2012-3,68.00元,8.1,306,https://book.douban.com/subject/10549583/
计算机,布道之道,瑞恩,人民邮电出版社,2012-1,29.00元,7.6,271,https://book.douban.com/subject/6990284/
计算机,黑客攻防技术宝典,Dafydd Stuttard、Marcus Pinto,人民邮电出版社,2009-8,69.00元,8.4,88,https://book.douban.com/subject/3870037/
计算机,Head First HTML with CSS & XHTML,Eric T Freeman、Elisabeth Freeman、Elisabeth Robson,O'Reilly Media,2005-12-18,USD 39.99,8.9,385,https://book.douban.com/subject/1472137/
计算机,信息论基础,"[美] Thomas M.Cover,Joy A.Thomas",机械工业出版社,2005-5,56.00元,9.1,91,https://book.douban.com/subject/1320174/
计算机,CSS揭秘,[希] Lea Verou,人民邮电出版社,2016-4,99.00元,9.3,474,https://book.douban.com/subject/26745943/
计算机,数据结构（C语言版）,严蔚敏、吴伟民,清华大学出版社,2012-5,29.00元,6.1,499,https://book.douban.com/subject/24699581/
计算机,复杂性思考,Allen B. Downey,机械工业出版社,2013-5,49.00元,7.4,153,https://book.douban.com/subject/24530461/
计算机,黑客攻防技术宝典,Chris Anley、John Heasman、Felix Linder、Gerardo Richarte,人民邮电出版社,2010-1,79.00元,8.8,34,https://book.douban.com/subject/4225167/
计算机,UNIX网络编程 卷2,W.Richard Stevens,人民邮电出版社,2009-11,89.00元,9.5,167,https://book.douban.com/subject/4118577/
计算机,Go语言实战,威廉·肯尼迪 (William Kennedy)、布赖恩·克特森 (Brian Ketelsen)、埃里克·圣马丁 (Erik St.Martin),人民邮电出版社,2017-3-1,CNY 59.00,7.8,468,https://book.douban.com/subject/27015617/
计算机,亿级流量网站架构核心技术,张开涛,电子工业出版社,2017-4,99,6.6,260,https://book.douban.com/subject/26999243/
计算机,计算机组成（第6版）,Andrew S. Tanenbaum、Todd Austin,机械工业出版社,2014-8-19,CNY 99.00,9.0,77,https://book.douban.com/subject/25982323/
计算机,实现领域驱动设计,Vaughn Vernon,电子工业出版社,2014-3,99.00元,8.4,430,https://book.douban.com/subject/25844633/
计算机,Linux Shell脚本攻略,(印)拉克什曼,人民邮电出版社,2011-11,49.00元,8.1,360,https://book.douban.com/subject/6889456/
计算机,程序员应该知道的97件事,Kevlin Henney,电子工业出版社,2010-9,45.00元,7.1,167,https://book.douban.com/subject/5263681/
计算机,Algorithms,Robert Sedgewick、Kevin Wayne,Addison-Wesley Professional,2011-3-19,USD 89.99,9.5,308,https://book.douban.com/subject/4854123/
计算机,Effective STL中文版,[美] Scott Meyers,清华大学出版社,2006-4,30.00元,8.9,463,https://book.douban.com/subject/1792179/
计算机,模式分类,Richard O. Duda、Peter E. Hart、David G. Stork,机械工业出版社,2003-9,59.00元,8.9,373,https://book.douban.com/subject/1138189/
计算机,若为自由故,[美] Sam Williams,人民邮电出版社,2015-4,49,7.7,244,https://book.douban.com/subject/26314527/
计算机,第一行代码,郭霖,人民邮电出版社,2014-8,79.00元,8.5,500,https://book.douban.com/subject/25942191/
计算机,你就是极客,Michael Lopp,人民邮电出版社,2012-1,49.00元,6.7,126,https://book.douban.com/subject/7055331/
计算机,Effective Java: Second Edition,Joshua Bloch,Prentice Hall,"May 28, 2008",USD 54.99,9.3,296,https://book.douban.com/subject/2696119/
计算机,C++设计新思维,[美] Andrei Alexandrescu,华中科技大学出版社,2003-03,59.80元,9.0,356,https://book.douban.com/subject/1119904/
计算机,自己动手写CPU,雷思磊,电子工业出版社,2014-9-1,99.00元,8.7,62,https://book.douban.com/subject/25960657/
计算机,深入分析Java Web技术内幕（修订版）,许令波,电子工业出版社,2014-8-1,CNY 79.00,7.1,312,https://book.douban.com/subject/25953851/
计算机,搜索引擎,W.Bruce Croft、Donald Metzler、Trevor Strohman,机械工业出版社,2010-6-1,56.00元,8.6,141,https://book.douban.com/subject/4861766/
计算机,Objective-C基础教程,Mark Dalrymple、Scott Knaster,人民邮电出版社,2009-8,49.00元,7.3,556,https://book.douban.com/subject/3864073/
计算机,Shell脚本学习指南,Arnold Robbins、Nelson H.F.Beebe,机械工业出版社,2009-4,79.00元,7.5,456,https://book.douban.com/subject/3519360/
计算机,C语言名题精选百则技巧篇,冼镜光,机械工业出版社,2005-7,44.00元,9.1,58,https://book.douban.com/subject/1400498/
计算机,C专家编程,[美] Peter Vander Linde,人民邮电出版社,2002-12,40.00元,9.1,490,https://book.douban.com/subject/1232029/
计算机,程序员面试金典（第6版）,Gayle Laakmann McDowell,人民邮电出版社,2019-9-18,149.00元,9.4,125,https://book.douban.com/subject/34813624/
计算机,Spring Boot实战,[美]克雷格·沃斯,人民邮电出版社,2016-9,59.00元,6.8,478,https://book.douban.com/subject/26857423/
计算机,The Architecture of Open Source Applications,Amy Brown,lulu.com,2012-3-15,GBP 21.92,8.3,95,https://book.douban.com/subject/6430747/
计算机,人工智能哲学,玛格丽特·A·博登,上海译文出版社,2006-7,43.00元,8.4,169,https://book.douban.com/subject/1881556/
计算机,人工智能,S. Russell、P. Norvig,清华大学出版社,2006-5-1,128.00元,9.3,115,https://book.douban.com/subject/1809089/
计算机,创新者,[美] 沃尔特 · 艾萨克森,中信出版社,2016-6,88.00,8.7,121,https://book.douban.com/subject/26823787/
计算机,Java并发编程的艺术,方腾飞、魏鹏、程晓明,机械工业出版社,2015-7-1,59.00元,7.5,604,https://book.douban.com/subject/26591326/
计算机,算法设计与分析基础(第3版),[美] Anany Levitin,清华大学出版社,2015-2-1,69.00元,8.8,119,https://book.douban.com/subject/26337727/
计算机,捉虫日记,[德] Tobias Klein,人民邮电出版社,2012-9,39.00元,8.8,76,https://book.douban.com/subject/11589836/
计算机,CLR via C#,(美)Jeffrey Richter,清华大学出版社,2010-9,99.00元,9.5,328,https://book.douban.com/subject/4924165/
计算机,"Essentials of Programming Languages, 3rd Edition",Daniel P. Friedman、Mitchell Wand,The MIT Press,2008-04-30,USD 65.00,9.4,104,https://book.douban.com/subject/3136252/
计算机,C++沉思录,[美] Andrew Koenig、[美] Barbara Moo,人民邮电出版社,2008-1,55.00元,8.6,312,https://book.douban.com/subject/2970056/
计算机,鸟哥的Linux私房菜 基础学习篇 第四版,鸟哥,人民邮电出版社,2018-10,118.00元,8.6,429,https://book.douban.com/subject/30359954/
计算机,永恒的图灵,[美]S. 巴里·库珀（S. Barry Cooper） 安德鲁·霍奇斯,机械工业出版社,2018-4-1,119.00元,8.6,59,https://book.douban.com/subject/30213638/
计算机,构建高性能Web站点,郭欣,电子工业出版社,2012-6,75.00元,8.4,163,https://book.douban.com/subject/10812787/
计算机,技术领导之路（中英文对照）,Gerald M.Weinberg,电子工业出版社,2009-12,69.00元,8.3,238,https://book.douban.com/subject/4187478/
计算机,More Effective C++中文版,Scott meyers,中国电力出版社,2003-3,50.00元,8.8,480,https://book.douban.com/subject/1241385/
计算机,普林斯顿计算机公开课,[美] Brian W. Kernighan,机械工业出版社,2018-4-1,69.00元,8.4,176,https://book.douban.com/subject/30200248/
计算机,游戏机制,[美] Ernest Adams、[荷] Joris Dormans、Ernest Adams,人民邮电出版社,2014-4,89.00元,8.6,394,https://book.douban.com/subject/25859579/
计算机,设计原本,"[美] Frederick P. Brooks, Jr.",机械工业出版社,2013-4,79.00元,7.8,151,https://book.douban.com/subject/23820913/
计算机,算法概论（注释版）,[美] Sanjoy Dasgupta、[美] Christos Papadimitriou、[美] Umesh Vazirani,机械工业出版社,2012-5,55.00元,9.1,126,https://book.douban.com/subject/3425827/
计算机,Java Concurrency in Practice,Brian Goetz、Tim Peierls、Joshua Bloch、Joseph Bowbeer、David Holmes、Doug Lea,Addison-Wesley Professional,2006-5-19,USD 59.99,9.5,365,https://book.douban.com/subject/1888733/
计算机,The Elements of Programming Style (2/e),Brian W. Kernighan、P. J. Plauger,McGraw-Hill,1978-1-1,USD 50.93,9.3,47,https://book.douban.com/subject/1470267/
计算机,C和指针,里克,人民邮电出版社,2003-9,55.00元,9.1,323,https://book.douban.com/subject/1229973/
计算机,神经网络设计,Martin T. Hagan,机械工业出版社,2007-09-01,49.0,9.2,159,https://book.douban.com/subject/1115600/
计算机,超文本和超链接,李恪,新星出版社,2021-5,28,7.9,685,https://book.douban.com/subject/35438602/
计算机,大数据之路,阿里巴巴数据技术及产品部,电子工业出版社,2017-7-1,CNY 79.00,7.9,483,https://book.douban.com/subject/27074564/
计算机,有趣的二进制,［ 日］ 爱甲健二,人民邮电出版社,2015-10,39.00元,7.8,103,https://book.douban.com/subject/26640242/
计算机,编写高质量代码：改善Python程序的91个建议,张颖、赖勇浩,机械工业出版社,2014-6,59.00元,7.3,418,https://book.douban.com/subject/25910544/
计算机,系统之美,[美] 德内拉•梅多斯,浙江人民出版社,2012-8,56.90元,8.2,5503,https://book.douban.com/subject/11528220/
计算机,The Art of Readable Code,Dustin Boswell、Trevor Foucher,O'Reilly Media,2011-10-8,USD 34.99,8.7,287,https://book.douban.com/subject/5442971/
计算机,全景探秘游戏设计艺术,Jesse Schell,电子工业出版社,2010-6,69.00元,9.1,545,https://book.douban.com/subject/4837351/
计算机,程序设计实践,[美] BRIAN W.KERNIG,机械工业出版社,2007-1,59.00元,9.0,86,https://book.douban.com/subject/2111800/
计算机,软件工程,普雷斯曼,机械工业出版社,2007-1,69.00元,7.7,185,https://book.douban.com/subject/1954238/
计算机,Python语言入门,[美] Mark Lutz、David Ascber,中国电力出版社,2001-4,55.00元,7.3,245,https://book.douban.com/subject/1239501/
计算机,UNIX环境高级编程,W.Richard Stevens,机械工业出版社,2000-2-1,55.00元,9.3,392,https://book.douban.com/subject/1092099/
计算机,The Book of Why,Judea Pearl、Dana Mackenzie,Basic Books,2018-5-15,USD 32.00,8.9,184,https://book.douban.com/subject/30224985/
计算机,科学的极致,集智俱乐部,人民邮电出版社,2015-7,49.00元,8.1,418,https://book.douban.com/subject/26546914/
计算机,深入浅出统计学,Dawn Griffiths,电子工业出版社,2011-1-1,89.00元,8.5,735,https://book.douban.com/subject/7056708/
计算机,神经网络与机器学习（原书第3版）,[加] Simon Haykin,机械工业出版社,2011-3,79.00元,8.4,139,https://book.douban.com/subject/5952531/
计算机,代码整洁之道,马丁,人民邮电出版社,2011-1,59.00元,8.9,126,https://book.douban.com/subject/5442024/
计算机,高质量程序设计指南,林锐、韩永泉,电子工业出版社,2007-5,39.80元,8.1,482,https://book.douban.com/subject/2116929/
计算机,人工智能,（美）卢格尔（Luger，G.F.）,机械工业出版社,2006-10,75.00元,8.5,107,https://book.douban.com/subject/1933034/
计算机,Types and Programming Languages,Benjamin C. Pierce,The MIT Press,2002-2-1,USD 95.00,9.0,109,https://book.douban.com/subject/1761910/
计算机,最后期限,汤姆・迪马可,清华大学出版社,2002-12-1,20.00元,8.0,601,https://book.douban.com/subject/1231972/
计算机,JavaScript高级程序设计 (第4版),[美]马特·弗里斯比（Matt Frisbie）,人民邮电出版社,2020-9-11,129.00元,8.4,395,https://book.douban.com/subject/35175321/
计算机,逻辑的引擎,[美] 马丁•戴维斯,湖南科学技术出版社,2018-1,49.00,8.2,248,https://book.douban.com/subject/30171335/
计算机,The Manager's Path,Camille Fournier,O′Reilly,2017-3-24,GBP 27.99,9.2,355,https://book.douban.com/subject/26997855/
计算机,C语言接口与实现,David R. Hanson,人民邮电出版社,2011-9,75.00元,9.1,134,https://book.douban.com/subject/6801697/
计算机,人有人的用处,[美] 维纳、[美国] 诺伯特·维纳,北京大学出版社,2010-7,36.00元,8.6,579,https://book.douban.com/subject/4928961/
计算机,JavaScript高级程序设计:第2版,Nicholas Zakas,人民邮电出版社,2010-7,89.00元,9.4,517,https://book.douban.com/subject/4886879/
计算机,Hacking,Jon Erickson,No Starch Press,2008-2-4,USD 49.95,9.0,70,https://book.douban.com/subject/2584955/
计算机,Algorithm Design,Jon Kleinberg、Éva Tardos,Addison-Wesley,2005-3-26,USD 144.20,9.0,241,https://book.douban.com/subject/1475870/
计算机,数学与泛型编程,[美] Alexander A. Stepanov、[美] Daniel E. Rose,机械工业出版社,2017-8,79,8.8,63,https://book.douban.com/subject/27116151/
计算机,自己动手写Java虚拟机,张秀宏,机械工业出版社,2016-6-1,69.00元,8.4,121,https://book.douban.com/subject/26802084/
计算机,垃圾回收算法手册,Richard Jones、Eliot Moss、Antony Hosking,机械工业出版社,2016-3,139.00元,8.1,39,https://book.douban.com/subject/26740958/
计算机,像计算机科学家一样思考Python,(美)Allen B.Downey,人民邮电出版社,2013-8,49,8.1,210,https://book.douban.com/subject/25728189/
计算机,Linux高性能服务器编程,游双,机械工业出版社,2013-5-1,CNY 69.00,7.9,324,https://book.douban.com/subject/24722611/
计算机,思考的乐趣,顾森,人民邮电出版社,2012-6,45.00元,8.2,2025,https://book.douban.com/subject/10779597/
计算机,实用Common Lisp编程,Peter Seibel,人民邮电出版社,2011-10,89.00元,7.8,186,https://book.douban.com/subject/6859720/
计算机,离散数学及其应用（原书第6版）,[美] Kenneth H. Rosen,机械工业出版社,2011-7,99.00元,8.7,111,https://book.douban.com/subject/6558200/
计算机,编程珠玑（英文版・第2版）,[美] Jon Bentley,人民邮电出版社,2010-8,39.00元,9.5,126,https://book.douban.com/subject/4924297/
计算机,Python高级编程,Tarek Ziadé,人民邮电出版社,2010-1,45.00元,7.6,251,https://book.douban.com/subject/4212921/
计算机,智慧的疆界,周志明,机械工业出版社,2018-1-1,56.9,9.1,909,https://book.douban.com/subject/30379536/
计算机,DevOps实践指南,[美] Gene Kim、[美] Jez Humble、[美] Patrick Debois、[美] John Willis,人民邮电出版社,2018-4,89.00元,8.3,251,https://book.douban.com/subject/30186150/
计算机,硅谷革命,[美] Andy Hertzfeld,电子工业出版社,2017-9-1,89.00元,8.2,283,https://book.douban.com/subject/27124848/
计算机,数学女孩,[日]结城浩,人民邮电出版社,2016-1-1,CNY 42.00,8.8,793,https://book.douban.com/subject/26677354/
计算机,深入理解程序设计,[美] Jonathan Bartlett,人民邮电出版社,2014-1,49.00,8.3,76,https://book.douban.com/subject/25789594/
计算机,可能与不可能的边界,[美] Lance Fortnow,人民邮电出版社,2014-1,39.00,7.6,287,https://book.douban.com/subject/25779326/
计算机,啊哈C！思考快你一步,啊哈磊,电子工业出版社,2013-9,39.00元,7.9,180,https://book.douban.com/subject/25716079/
计算机,The Clean Coder,Robert C. Martin,Prentice Hall,2011-5-26,USD 30.00,8.6,203,https://book.douban.com/subject/6114900/
计算机,普林斯顿微积分读本,阿德里安·班纳（Adrian Banner）,人民邮电出版社,2010-8,95.00元,9.0,517,https://book.douban.com/subject/4926707/
计算机,Head First Java,Kathy Sierra、Bert Bates,Paw Prints 2008-05-29,2008-5-29,USD 53.95,8.8,320,https://book.douban.com/subject/4496038/
计算机,操作系统概念（第七版）,Abraham Silberschatz、Peter B. Galvin、Greg Gagne,高等教育出版社,2010-1,74.00元,8.2,129,https://book.douban.com/subject/4289836/
计算机,LUA程序设计(第2版),[巴西] 莱鲁,电子工业出版社,2008-1,39.00元,8.5,425,https://book.douban.com/subject/3076942/
计算机,Modern Operating Systems,Andrew S. Tanenbaum,Pearson,2007-12-21,USD 132.00,9.2,120,https://book.douban.com/subject/3017583/
计算机,高级编译器设计与实现,（美）马其尼克,机械工业出版社,2005-01-01,75.00元,8.9,51,https://book.douban.com/subject/1400374/
计算机,成为技术领导者,[美] 杰拉尔德·温伯格,清华大学出版社,2003-9,29.80元,8.3,336,https://book.douban.com/subject/1132623/
计算机,数据结构,严蔚敏、吴伟民,清华大学出版社,1997-4,22.00元,7.3,313,https://book.douban.com/subject/1085842/
计算机,基于MVC的JavaScript Web富应用开发,Alex MacCaw,电子工业出版社,2012-5,59.00元,8.2,371,https://book.douban.com/subject/10733304/
计算机,编译原理,Alfred V. Aho、Monica S. Lam、Ravi Sethi、Jeffrey D. Ullman,机械工业出版社,2011-1,78.00元,9.0,83,https://book.douban.com/subject/5416783/
计算机,大象,谭云杰,中国水利水电出版社,2009-1,68.00元,8.1,303,https://book.douban.com/subject/3290022/
计算机,Mindstorms,Seymour A. Papert,Basic Books,1993-8-4,USD 19.50,8.8,38,https://book.douban.com/subject/2270614/
计算机,数据挖掘,[加] Jiawei Han、Micheline Kamber,机械工业出版社,2001-8,39.00元,7.6,220,https://book.douban.com/subject/1090601/
计算机,SQL必知必会（第5版）,[美] 本·福达（Ben Forta）,人民邮电出版社,2020-7-30,49,9.0,911,https://book.douban.com/subject/35167240/
计算机,SQL基础教程,MICK,人民邮电出版社,2013-8-1,CNY 69.00,9.0,278,https://book.douban.com/subject/24841239/
计算机,推荐系统,[奥地利] Dietmar Jannach、Markus Zanker、Alexander Felfernig、Gerhard Friedrich,人民邮电出版社,2013-6-25,59.00元,7.5,228,https://book.douban.com/subject/24746415/
计算机,结网,王坚,人民邮电出版社,2013-5-1,69.00元,7.9,1731,https://book.douban.com/subject/24305938/
计算机,Linux命令行大全,绍茨 (William E.Shotts),人民邮电出版社,2013-3-1,69.00元,8.1,265,https://book.douban.com/subject/22226727/
计算机,Android开发精要,范怀宇,机械工业出版社,2012-8,69.00元,8.2,170,https://book.douban.com/subject/11530748/
计算机,The Google Resume,Gayle Laakmann McDowell,Wiley,2011-3-1,USD 22.95,8.1,116,https://book.douban.com/subject/5985030/
计算机,TCP/IP详解 卷1：协议（英文版）,W.Richard Stevens,人民邮电出版社,2010-3,79.00元,9.5,115,https://book.douban.com/subject/4707725/
计算机,The Cathedral and the Bazaar,Eric Steven Raymond,O'Reilly Media,1999,USD 19.95,8.5,171,https://book.douban.com/subject/3709579/
计算机,JAVA并发编程实践,[美] Brian Goetz、[美] Tim Peierls、[美] Joshua Bloch、[美] Joseph Bowbeer、[美] David Holmes、[美] Doug Lea,电子工业出版社,2007-6,58.00元,8.8,355,https://book.douban.com/subject/2148132/
计算机,UNIX环境高级编程,W.Richard Stevens Stephen A.Rago、Stephen A. Rago,人民邮电出版社,2006-2,99.00元,9.6,289,https://book.douban.com/subject/1692629/
计算机,ANSI Common Lisp,Paul Graham,Prentice Hall,1995-11-12,USD 116.40,9.1,169,https://book.douban.com/subject/1456906/
计算机,一个64位操作系统的设计与实现,田宇,人民邮电出版社,2018-5,139.00元,8.4,48,https://book.douban.com/subject/30222325/
计算机,深入理解ES6,【美】Nicholas C. Zakas,电子工业出版社,2017-7-1,CNY 99.00,9.3,415,https://book.douban.com/subject/27072230/
计算机,实战Java高并发程序设计,葛一鸣、郭超,电子工业出版社,2015-10-1,CNY 69.00,8.1,266,https://book.douban.com/subject/26663605/
计算机,Think Python,Allen B. Downey,O'Reilly Media,2012-8-23,GBP 29.99,8.4,279,https://book.douban.com/subject/10779534/
计算机,软件工程,（美）Roger S.Pressman,机械工业出版社,2011-5,79.00元,8.3,108,https://book.douban.com/subject/6047742/
计算机,链接器和加载器,John R.Levine,北京航空航天大学出版社,2009-9,28.00元,8.0,133,https://book.douban.com/subject/4083265/
计算机,Ruby编程语言,David Flanagan、松本行弘,电子工业出版社,2009-1,68.00元,8.7,262,https://book.douban.com/subject/3329887/
计算机,Programming Ruby中文版,托马斯,电子工业出版社,2007-3,99.00元,8.5,431,https://book.douban.com/subject/2032343/
计算机,Understanding the Linux Kernel,Daniel Plerre Bovet、Marco Cesati,O'Reilly Media,2005-11,GBP 47.99,9.1,109,https://book.douban.com/subject/1776614/
计算机,Permanent Record,Edward Snowden,Macmillan,2019-9-14,USD 27.00,8.8,1912,https://book.douban.com/subject/34841756/
计算机,Hadoop权威指南（第2版）,周敏奇、王晓玲、金澈清、钱卫宁、周傲英,清华大学出版社,2011-7,89.00元,7.7,251,https://book.douban.com/subject/6523762/
计算机,现代操作系统,Andrew S.Tanenbaum,机械工业出版社,2009-4,69.00元,9.2,108,https://book.douban.com/subject/3667744/
计算机,深入浅出面向对象分析与设计（中文版）,Brett McLaughlin、Gary Pollice、David West,东南大学出版社,2009-1,98.00元,8.6,125,https://book.douban.com/subject/3530721/
计算机,计算机图形学,[美]PeterShirley,人民邮电出版社,2007-6,49.00元,8.6,67,https://book.douban.com/subject/2116178/
计算机,How to Think Like a Computer Scientist: Learning with Python,Allen B. Downey、Jeffrey Elkner、Chris Meyers,Green Tea Press,2002-1-4,USD 24.95,8.4,143,https://book.douban.com/subject/1481058/
计算机,计算机程序设计艺术（第3卷）,Donald E.Knuth,国防工业出版社,2002-9,98.00元,9.9,52,https://book.douban.com/subject/1241037/
计算机,Effective Java,Joshua Bloch,Addison-Wesley Professional,2018-1-6,USD 54.99,9.6,216,https://book.douban.com/subject/27047716/
计算机,阿里巴巴Java开发手册,杨冠宝,电子工业出版社,2018-1,35,8.6,300,https://book.douban.com/subject/27605355/
计算机,Netty实战,诺曼·毛瑞尔（Norman Maurer）、马文·艾伦·沃尔夫泰尔（Marvin Allen Wolfthal）,人民邮电出版社,2017-5-1,69.00,7.6,385,https://book.douban.com/subject/27038538/
计算机,算法谜题,Anany Levitin、Maria Levitin,赵勇、徐章宁、高博,人民邮电出版社,2014-1-1,7.4,59,https://book.douban.com/subject/25805152/
计算机,数据可视化,陈为、沈则潜,电子工业出版社,2013-12,128.00元,8.4,158,https://book.douban.com/subject/25760272/
计算机,Web之困：现代Web应用安全指南,(美)Michal Zalewski,机械工业出版社,2013-10,69,8.7,114,https://book.douban.com/subject/25733421/
计算机,数据挖掘,[美] Jiawei Han、[加] Micheline Kamber、[加] Jian Pei,机械工业出版社,2012-8,79.00元,7.9,260,https://book.douban.com/subject/11542972/
计算机,操作系统之哲学原理(第2版),邹恒明,机械工业出版社,2012-3,69.00元,8.2,169,https://book.douban.com/subject/10528447/
计算机,人月神话（英文版）,"[美] Frederick P. Brooks, Jr.",人民邮电出版社,2010-8,29.00元,8.9,135,https://book.douban.com/subject/4908230/
计算机,系统程序员成长计划,李先静,人民邮电出版社,2010-04,45.00,8.0,232,https://book.douban.com/subject/4722708/
计算机,数据库系统基础教程,（美）厄尔曼,机械工业出版社,2009-8,45.00元,7.9,120,https://book.douban.com/subject/3923575/
计算机,ACM图灵奖,吴鹤龄,高等教育出版社,2008-1,25.00元,7.4,90,https://book.douban.com/subject/3049700/
计算机,SQL必知必会（第3版）,(英)Ben Forta、本·福达,人民邮电出版社,2007-07-01,29.0,8.2,396,https://book.douban.com/subject/2124377/
计算机,The AWK Programming Language,Alfred V. Aho、Brian W. Kernighan、Peter J. Weinberger、柯必德,Pearson,1988-1-11,USD 151.40,9.4,144,https://book.douban.com/subject/1876898/
计算机,深入理解LINUX网络内幕,Christian Benvenuti,东南大学出版社,2006-5,98.00元,8.8,120,https://book.douban.com/subject/1834459/
计算机,Programming Pearls,Jon Bentley,Addison-Wesley Professional,1999-10-7,USD 44.99,9.4,183,https://book.douban.com/subject/1484451/
计算机,网络渗透技术,许治坤等,电子工业出版社,2005-1,69.00元,8.0,61,https://book.douban.com/subject/1309230/
计算机,数字图像处理（第二版）,Rafael C.Gonzalez、Richard E.Woods,电子工业出版社,2003-3-1,59.00元,8.3,306,https://book.douban.com/subject/1106342/
计算机,计算机组成与设计,戴维 A.帕特森 (David A.Patterson)、约翰 L.亨尼斯 (John L.Hennessy),机械工业出版社,2018-10,139,9.2,57,https://book.douban.com/subject/30443432/
计算机,算法神探,[美] 杰瑞米·库比卡,电子工业出版社,2017-2,65,6.5,207,https://book.douban.com/subject/26945096/
计算机,技术之瞳——阿里巴巴技术笔试心得,阿里巴巴集团校园招聘笔试项目组,电子工业出版社,2016-11,69,7.8,67,https://book.douban.com/subject/26902177/
计算机,Site Reliability Engineering,Betsy Beyer、Chris Jones、Jennifer Petoff、Niall Richard Murphy,O'Reilly Media,2016-4-16,USD 44.99,9.0,108,https://book.douban.com/subject/26675256/
计算机,七周七数据库,[美]Eric Redmond,人民邮电出版社,2013-5-30,CNY 59.00,6.9,194,https://book.douban.com/subject/24737847/
计算机,凸优化,Stephen Boyd、Lieven Vandenberghe,清华大学出版社,2013-1,99.00元,9.4,273,https://book.douban.com/subject/21249088/
计算机,C++GUI Qt4编程,Jasmin Blanchette、Mark Summerfield,电子工业出版社,2008-8,65.00元,8.0,363,https://book.douban.com/subject/3173123/
计算机,Python Tutorial,"Guido Van Rossum、Fred L. Drake, Jr (editor)",Iuniverse Inc,April 2000,USD 12.95,8.8,206,https://book.douban.com/subject/3142908/
计算机,大师之路,赵鹏,人民邮电出版社,2007-12,79.00元,9.2,314,https://book.douban.com/subject/2327417/
计算机,The Elements of Computing Systems,Noam Nisan、Shimon Schocken,The MIT Press,2005-6-1,USD 50.00,9.4,83,https://book.douban.com/subject/1998645/
计算机,Java解惑,布洛赫、加夫特,人民邮电出版社,2006-1,39.00元,8.5,272,https://book.douban.com/subject/1473329/
计算机,计算机程序设计艺术 第2卷 半数值算法（第3版）（英文影印版）,（美）Donald E.Knuth,清华大学出版社,2002-09-01,83.0,9.9,47,https://book.douban.com/subject/1247360/
计算机,Linux内核完全注释,赵炯,机械工业出版社,2005-8,42.00元,8.5,194,https://book.douban.com/subject/1231236/
计算机,Java多线程编程实战指南 (核心篇),黄文海,电子工业出版社,2017-4,89,9.1,194,https://book.douban.com/subject/27034721/
计算机,Kubernetes in Action,Marko Luksa,Manning Publications,2017-8-31,USD 49.99,9.3,306,https://book.douban.com/subject/26997846/
计算机,第一行代码：Android（第2版）,郭霖,人民邮电出版社,2016-12-1,CNY 79.00,8.4,547,https://book.douban.com/subject/26915433/
计算机,Java性能权威指南,[美] 蒂姆·奥克斯利,人民邮电出版社,2016-3,79.00元,8.0,165,https://book.douban.com/subject/26740520/
计算机,程序设计语言,Michael L. Scott,电子工业出版社,2012-7,128.00元,8.4,43,https://book.douban.com/subject/10802357/
计算机,软件框架设计的艺术,[捷] Jaroslav Tulach,人民邮电出版社,2011-3,75.00元,7.9,136,https://book.douban.com/subject/6003832/
计算机,零基础学C语言,康莉,机械工业出版社,2009-4,48.00元,8.1,43,https://book.douban.com/subject/3729201/
计算机,虚拟机,[美] James E. Smith、Ravi Nair,机械工业出版社,2009-3,78.00元,8.7,84,https://book.douban.com/subject/3611865/
计算机,微软的梦工场,微软亚洲研究院,清华大学出版社,2008-10-1,29.80元,6.9,230,https://book.douban.com/subject/3238803/
计算机,"Real-Time Rendering, Third Edition",Tomas Akenine-Moller、Eric Haines、Naty Hoffman,CRC Press,2008-7-25,USD 102.95,9.7,167,https://book.douban.com/subject/3213439/
计算机,Introduction to Information Retrieval,Christopher D. Manning、Prabhakar Raghavan、Hinrich Schütze,Cambridge University Press,2008-7-7,USD 74.99,9.1,249,https://book.douban.com/subject/3059637/
计算机,The Annotated Turing,Charles Petzold,Wiley,2008-6-16,USD 29.99,9.4,70,https://book.douban.com/subject/2330016/
计算机,硅谷热,埃弗雷特.M.罗杰斯,1985.8,经济科学出版社,1.9,8.3,105,https://book.douban.com/subject/2284487/
计算机,ACM图灵奖,,高等教育出版社,2001-1-1,20.5,7.7,81,https://book.douban.com/subject/1649502/
计算机,C++程序设计,谭浩强,清华大学出版社,2004-6-1,36.00元,7.5,393,https://book.douban.com/subject/1174290/
计算机,美团机器学习实践,美团算法团队,人民邮电出版社,2018-8-1,79.00元,8.0,223,https://book.douban.com/subject/30243136/
计算机,图解物联网,［ 日］ NTT DATA集团、河村雅人、大塚纮史、小林佑辅、小山武士、宫崎智也、石黑佑树、小岛康平,人民邮电出版社,2017-4,59.00元,7.6,330,https://book.douban.com/subject/27016248/
计算机,Wireshark数据包分析实战,[美]Chris Sanders,人民邮电出版社,2013-3,49.00元,8.0,192,https://book.douban.com/subject/21691692/
计算机,Hadoop权威指南(中文版),周傲英、曾大聃,清华大学出版社,2010-5,79.00元,7.3,267,https://book.douban.com/subject/4817792/
计算机,编程的本质,Alexander Stepanov、Paul McJones,机械工业出版社,2010,49.00元,8.6,64,https://book.douban.com/subject/4722718/
计算机,算法引论,[美] Udi Manber,电子工业出版社,2010-1,36.00元,8.7,52,https://book.douban.com/subject/4178907/
计算机,Probabilistic Graphical Models,Daphne Koller、Nir Friedman,The MIT Press,2009-7-31,USD 120.00,9.2,170,https://book.douban.com/subject/4007200/
计算机,Learning Python,Mark Lutz,O'Reilly Media,2009-10-9,USD 54.99,8.2,223,https://book.douban.com/subject/3988517/
计算机,计算几何,邓俊辉,清华大学出版社,2009-6,49.00元,9.2,61,https://book.douban.com/subject/3893574/
计算机,自动机理论、语言和计算导论（原书第3版）,John E. Hopcroft、Rajeev Motwani、Jeffrey D. Ullman,机械工业出版社,2008-7-1,49.00元,8.3,89,https://book.douban.com/subject/3171389/
计算机,新机器的灵魂,[美] Tracy Kidder,上海科学技术出版社,1990-8,7.80元,8.4,29,https://book.douban.com/subject/2285903/
计算机,C++编程规范,[美]Herb Sutter、[美]Andrei Alexandrescu,人民邮电出版社,2006-1,35.00元,8.3,363,https://book.douban.com/subject/1480481/
计算机,代码随想录,孙秀洋,电子工业出版社,2021-12,138,7.0,489,https://book.douban.com/subject/35680544/
计算机,Docker——容器与容器云（第2版）,浙江大学SEL实验室,人民邮电出版社,2016-10,89.00元,8.1,164,https://book.douban.com/subject/26894736/
计算机,Python核心编程（第3版）,[美] Wesley Chun,人民邮电出版社,2016-5,CNY 99.00,7.0,244,https://book.douban.com/subject/26801374/
计算机,机器之心,胡晓姣、张温卓玛、吴纯洁,中信出版社,2016-4,59,7.7,321,https://book.douban.com/subject/26745150/
计算机,程序员必读之软件架构,[英] Simon Brown,人民邮电出版社,2014-12,49.00元,6.6,229,https://book.douban.com/subject/26248182/
计算机,算法精解,Kyle Loudon,机械工业出版社,2012-8,79.00元,8.2,153,https://book.douban.com/subject/14267904/
计算机,Learn You a Haskell for Great Good!,Miran Lipovaca,No Starch Press,2010,USD 44.95,9.1,395,https://book.douban.com/subject/4934481/
计算机,设计模式之禅,秦小波,机械工业出版社,2010年3月,69.00元,7.5,428,https://book.douban.com/subject/4260618/
计算机,搜索引擎,李晓明,科学出版社发行部,2005-4,33.00元,7.9,231,https://book.douban.com/subject/1481158/
计算机,Refactoring,Martin Fowler、Kent Beck、John Brant、William Opdyke、Don Roberts,Addison-Wesley Professional,1999-7-8,USD 64.99,9.1,223,https://book.douban.com/subject/1419359/
计算机,3D数学基础,Fletcher Dunn、Ian Parberry,清华大学出版社,2005-7-1,42.00元,8.7,354,https://book.douban.com/subject/1400419/
计算机,凤凰项目 (修订版),[美] 吉恩·金、[美] 凯文·贝尔、[美] 乔治·斯帕福德,人民邮电出版社,2019-9,69.00元,8.9,637,https://book.douban.com/subject/34820436/
计算机,Google将带来什么?,杰夫·贾维斯,中华工商联合出版社,2009-8,39.00元,7.7,1004,https://book.douban.com/subject/3865371/
计算机,锋利的jQuery,单东林、张晓菲、魏然,人民邮电出版社,2009-6,39.00元,8.1,700,https://book.douban.com/subject/3794471/
计算机,鸟哥的Linux私房菜,鸟哥,机械工业出版社,2008-1,88.00元,8.9,317,https://book.douban.com/subject/2338464/
计算机,计算机系统结构,享尼西,电子工业出版社,2007-8,69.80元,8.1,77,https://book.douban.com/subject/2240307/
计算机,编程卓越之道,海德,电子工业出版社,2007-4,69.00元,8.2,115,https://book.douban.com/subject/2082177/
计算机,CSS禅意花园,[美] Dave Shea、Molly E. Holzschlag,人民邮电出版社,2007-6,49.00元,8.4,1662,https://book.douban.com/subject/2052176/
计算机,密码编码学与网络安全,斯托林斯,电子工业出版社,2006-11,49.80元,8.0,124,https://book.douban.com/subject/1952089/
计算机,Head First Servlets & JSP（中文版）,（美）巴萨姆、（美）塞若、（美）贝茨,中国电力出版社,2006-10,98.00元,8.8,344,https://book.douban.com/subject/1942934/
计算机,剑桥五重奏,约翰·卡斯蒂,上海世纪出版集团,2006-7,16.00元,8.4,297,https://book.douban.com/subject/1881552/
计算机,Joel说软件,Joel Spolsky,电子工业出版社,2005-9,39.00元,8.0,352,https://book.douban.com/subject/1426838/
计算机,数字文明,郝柏林,科学出版社,2005-7,32.00元,8.6,75,https://book.douban.com/subject/1398413/
计算机,编程之道,杰弗雷﹒詹姆斯,清华大学出版社,1999-05,18.00元,8.3,103,https://book.douban.com/subject/1271597/
计算机,Java与模式,阎宏 编著,电子工业出版社,2002-10,88.00元,7.8,454,https://book.douban.com/subject/1214074/
计算机,半小时漫画计算机（全彩）,刘欣、刘奕君 绘,电子工业出版社,2021-9,69.9,8.5,97,https://book.douban.com/subject/35619441/
计算机,Java核心技术·卷 I（原书第11版）,[美] 凯 S.霍斯特曼（Cay S.Horstmann）,机械工业出版社,2019-11-25,149元,9.0,353,https://book.douban.com/subject/34898994/
计算机,Oracle Database 9i/10g/11g编程艺术,Thomas Kyte,人民邮电出版社,2011-1-1,109.00元,9.1,99,https://book.douban.com/subject/5402711/
计算机,HTML5高级程序设计,Peter Lubbers、Ric Smith、Frank Salim、Brian Albers,人民邮电出版社,2011-1,45.00元,7.7,368,https://book.douban.com/subject/5402708/
计算机,Python自然语言处理,(英)伯德、(英)克莱因、(美)洛普,东南大学出版社,2010-6,64.00元,8.1,229,https://book.douban.com/subject/5336893/
计算机,高性能网站建设进阶指南,Steve Souders,电子工业出版社,2010年4月,49.80元,8.9,413,https://book.douban.com/subject/4719162/
计算机,实战Nginx,张宴,电子工业出版社,2010-2,55.00元,6.8,413,https://book.douban.com/subject/4251875/
计算机,控制论,N.维纳 (Wiener.N.)、诺伯特·维纳,科学出版社,2009-6,38.00元,9.3,244,https://book.douban.com/subject/3805815/
计算机,The TeXbook,Donald E. Knuth,Addison-Wesley Professional,1984-1-1,GBP 36.99,9.7,96,https://book.douban.com/subject/1418351/
计算机,COM本质论,[美] Don Box,中国电力出版社,2001-8,49.00元,8.7,278,https://book.douban.com/subject/1231481/
计算机,计算机程序的构造和解释（原书第2版）,[美] Harold Abelson、[美] Gerald Jay Sussman、[美] Julie Sussman,机械工业出版社,2019-7,79.00元,8.7,48,https://book.douban.com/subject/34464721/
计算机,Go语言高级编程,柴树杉、曹春晖,人民邮电出版社,2019-7-9,89,7.6,213,https://book.douban.com/subject/34442131/
计算机,自己动手实现Lua,张秀宏,机械工业出版社,2018-1-1,89.00元,9.2,83,https://book.douban.com/subject/30348061/
计算机,算法霸权,[美] 凯西·奥尼尔,中信出版社,2018-9-1,69.00元,7.3,434,https://book.douban.com/subject/30295861/
计算机,互联网创业核心技术,[美] Artur Ejsmont,电子工业出版社,2016-12,89,8.4,88,https://book.douban.com/subject/26906846/
计算机,Spring Cloud微服务实战,翟永超,电子工业出版社,2017-5,89,7.6,277,https://book.douban.com/subject/27025912/
计算机,深度探索Linux操作系统,王柏生,机械工业出版社,2013-10-15,89.00,8.7,80,https://book.douban.com/subject/25743846/
计算机,C++语言的设计与演化,[美] Bjarne Stroustrup,科学出版社,2012-3,86.00元,8.8,112,https://book.douban.com/subject/10536031/
计算机,Nine Algorithms That Changed the Future,John MacCormick,Princeton University Press,2011-12-27,GBP 19.95,8.4,74,https://book.douban.com/subject/6905019/
计算机,The Garbage Collection Handbook,Richard Jones、Antony Hosking、Eliot Moss,CRC,2011-8-17,USD 79.95,9.9,33,https://book.douban.com/subject/6809987/
计算机,数字设计和计算机体系结构,David Harris,机械工业出版社,2009-5,58.00元,8.5,73,https://book.douban.com/subject/3743945/
计算机,计算机文化,[美]JuneJamrichP,机械工业出版社,2006-9,59.00元,7.8,59,https://book.douban.com/subject/1880471/
计算机,领域驱动设计,Eric Evans,清华大学出版社,2006-3-1,48.00,8.5,262,https://book.douban.com/subject/1629512/
计算机,Linkers and Loaders,John R. Levine,Morgan Kaufmann,October 1999,GBP 46.99,8.8,144,https://book.douban.com/subject/1436811/
计算机,sed与awk,（美）多尔蒂、（美）罗宾斯,机械工业出版社,2003-8,55.00元,7.9,278,https://book.douban.com/subject/1236944/
计算机,程序员数学,[美] 保罗·奥兰德,图灵|人民邮电出版社,2021-12,129.80元,8.8,138,https://book.douban.com/subject/35689348/
计算机,加密与解密（第4版）,段钢,电子工业出版社,2018-10-1,198,8.7,66,https://book.douban.com/subject/30288807/
计算机,Java编程的逻辑,马俊昌,机械工业出版社,2018-1-1,99,9.0,266,https://book.douban.com/subject/30133440/
计算机,Python网络编程（第3版）,[美] Brandon Rhodes、[美] John Goerzen,人民邮电出版社,2016-9,79.00元,9.3,89,https://book.douban.com/subject/26869212/
计算机,重构,[美]马丁•福勒（Martin Fowler）,人民邮电出版社,2015-8,69.00,9.1,92,https://book.douban.com/subject/26575459/
计算机,Android编程权威指南,[美] Bill Phillips、[美] Brian Hardy,人民邮电出版社,2014-4,CNY 99.00元,8.5,261,https://book.douban.com/subject/25848404/
计算机,Data Structures and Algorithms in Python,Michael T. Goodrich、Roberto Tamassia、Michael H. Goldwasser,John Wiley & Sons,2013-7-5,GBP 121.23,9.5,128,https://book.douban.com/subject/10607365/
计算机,Bayesian Reasoning and Machine Learning,David Barber,Cambridge University Press,2011,USD 84.99,9.6,107,https://book.douban.com/subject/5397287/
计算机,计算机代数系统的数学原理,李超、阮威、张龙、张翔,清华大学出版社,2010-10,39.00元,9.0,22,https://book.douban.com/subject/5346530/
计算机,OpenGL编程指南（原书第7版）,[美] Dave Shreiner,机械工业出版社,2010-3,89.00元,8.3,186,https://book.douban.com/subject/4311129/
计算机,解码宇宙,(美) 塞费,上海科技教育出版社,2010-4,26.00元,8.8,143,https://book.douban.com/subject/4263995/
计算机,谁说大象不能跳舞(珍藏版),[美] 郭士纳,中信出版社,2010-1-1,38.00元,8.3,683,https://book.douban.com/subject/4178327/
计算机,项目管理修炼之道,罗斯曼(Johanna Rothman),人民邮电出版社,2009-10,49.00元,8.3,478,https://book.douban.com/subject/4058336/
计算机,Intel汇编语言程序设计,Kip Irvine,电子工业出版社,2007-9-1,61.00元,8.9,96,https://book.douban.com/subject/2250326/
计算机,Head First Object-Oriented Analysis and Design,Brett D. McLaughlin、Gary Pollice、Dave West,O'Reilly Media,2006-12-4,USD 49.99,8.6,126,https://book.douban.com/subject/1761742/
计算机,C++编程思想,埃克尔(美),机械工业出版社,2000-01,39.00,8.2,240,https://book.douban.com/subject/1057170/
计算机,跃迁,朱赟,电子工业出版社·博文视点,2018-4-15,59,8.3,154,https://book.douban.com/subject/30198038/
计算机,机器学习,Drew Conway、John Myles White,机械工业出版社,2013-4-1,69.00元,7.4,137,https://book.douban.com/subject/24251326/
计算机,灰帽黑客,[美]Allen Harper、[美]Shon Harris,清华大学出版社,2012-11,79.80元,7.7,63,https://book.douban.com/subject/20256840/
计算机,Head First PHP & MySQL（中文版）,Lynn Beighley、Michael Morrison,中国电力,2010-6,98.00元,8.3,204,https://book.douban.com/subject/6011680/
计算机,算法之道,邹恒明,机械工业出版社,2010-2,39.00元,7.4,193,https://book.douban.com/subject/4249686/
计算机,深入搜索引擎,ian H. Witten、Alistair Moffat、Timothy C. Bell,电子工业出版社,2009-6,79.00元,8.0,97,https://book.douban.com/subject/3729518/
计算机,天才的拓荒者,诺曼·麦克雷,上海科技教育出版社,2008-1,32.00元,7.1,166,https://book.douban.com/subject/3464889/
计算机,用TCP/IP进行网际互连,科默 (Douglas E.Comer),电子工业出版社,2007-2-1,45.00元,9.2,122,https://book.douban.com/subject/2016013/
计算机,莱昂氏UNIX源代码分析,[澳] John Lions,机械工业出版社,2000-7-1,49.00,9.0,109,https://book.douban.com/subject/1231822/
